chain,R_0,D_inf,ρ
1,6.0237587752928325,0.5926469765926385,0.6659977722183656
1,6.0237587752928325,0.5926469765926385,0.6659977722183656
1,5.904306658151426,0.6082202607874723,0.6890646161354009
1,5.799792671683389,0.6540017632074365,0.6515035247531786
1,5.799792671683389,0.6540017632074365,0.6515035247531786
1,5.799792671683389,0.6540017632074365,0.6515035247531786
1,5.799792671683389,0.6540017632074365,0.6515035247531786
1,5.716683903223726,0.6074375735170627,0.6846884769123063
1,5.716683903223726,0.6074375735170627,0.6846884769123063
1,6.2541165673749095,0.7855421500826796,0.704794420785957
1,6.215839301783484,0.7659626672496578,0.7337775568626828
1,6.606360558165661,1.0739664869873096,0.7004654012885085
1,8.425440802398285,1.1392663797491411,0.806456585227791
1,7.730214719890477,1.2417171416804798,0.7766985979524502
1,7.730214719890477,1.2417171416804798,0.7766985979524502
1,8.141683932726579,1.6091165049541345,0.6715946212561262
1,6.33573113925628,0.8101767680070124,0.6593805420030583
1,5.868197874533084,1.0156502034357722,0.7553362029033335
1,6.836542221003453,2.713633038491166,0.7608794126108059
1,8.376790730206585,1.8074167437821647,0.7333543480675146
1,8.293011980972821,1.4036391221804678,0.6677530895535339
1,7.843557420618986,1.0940794650525363,0.6873658387209836
1,6.637481650218495,0.952500565997126,0.7873548524310575
1,6.637481650218495,0.952500565997126,0.7873548524310575
1,8.41665193320948,1.1927882394166367,0.7437779848768556
1,7.6091034609424995,2.152032493216803,0.7447855932341833
1,8.568403168656825,1.4675410790240404,0.7413325769308172
1,8.790216769338656,2.313562736520248,0.7099321936124346
1,8.790216769338656,2.313562736520248,0.7099321936124346
1,8.790216769338656,2.313562736520248,0.7099321936124346
1,8.210141981498936,1.6058969232765457,0.6881386811325269
1,7.785184369481314,1.9427418156007952,0.6890319717206328
1,7.785184369481314,1.9427418156007952,0.6890319717206328
1,7.785184369481314,1.9427418156007952,0.6890319717206328
1,7.785184369481314,1.9427418156007952,0.6890319717206328
1,7.785184369481314,1.9427418156007952,0.6890319717206328
1,5.983231378576883,1.5273184256019923,0.6941587418345722
1,7.712508386979714,2.5887236977038213,0.6718345067635144
1,6.76825183567667,2.1012430363040884,0.6546126910804665
1,7.423869069596408,2.300194544661781,0.7077093931167594
1,7.423869069596408,2.300194544661781,0.7077093931167594
1,6.153357296371338,1.223662538788755,0.7106200097138927
1,6.358865666374278,1.198617885996792,0.6759600947964358
1,6.358865666374278,1.198617885996792,0.6759600947964358
1,7.237902922811091,0.9204022690434781,0.6990369051319274
1,7.40347279228101,2.0655952208906356,0.669224273447684
1,7.79124928821331,2.296203838153473,0.733172419112528
1,7.79124928821331,2.296203838153473,0.733172419112528
1,7.79124928821331,2.296203838153473,0.733172419112528
1,6.833860803083759,1.0180763044069536,0.6705181816706349
1,6.418643938911128,1.0138833570169954,0.6785067067113517
1,5.711477239002973,0.9634563070588091,0.6721673529677512
1,7.887685379216378,1.0371634365950184,0.6984446764386719
1,7.425658675610316,1.220608436301421,0.6598589423752891
1,6.508667591790666,1.6837795390676842,0.7328320478506937
1,6.412745570311813,1.2501557982987,0.6693760946485041
1,7.139854060935869,0.8809046273645519,0.6823274880120979
1,5.998183287411117,1.2175544073317042,0.6832737498316656
1,6.104466856281117,0.951550010924848,0.7535924883414706
1,6.629458852377552,1.0240614004165942,0.7539136690562899
1,8.305852082089537,0.9656167276080437,0.7299769849365294
1,6.9478425965431665,0.9166901930754823,0.7021434858040079
1,5.907700759865684,0.8729397381166915,0.7666505604610208
1,5.744405144105639,0.8083423652666961,0.6379359566177167
1,5.780404518613737,0.7493684925749697,0.5767965530697232
1,4.869472015004369,0.8311865751099243,0.6997911726567634
1,6.747548663931226,1.065173326870789,0.6990216505746936
1,6.747548663931226,1.065173326870789,0.6990216505746936
1,7.129542691815637,1.3632789130204905,0.7126804743042979
1,7.129542691815637,1.3632789130204905,0.7126804743042979
1,7.45418928834235,1.9368331363129347,0.771703175915883
1,8.198163611366532,2.085776366517252,0.6474882762428696
1,5.525325342455754,0.7311483296365119,0.7824726022363243
1,5.963470845495823,0.568073662196504,0.6455761428674196
1,5.963470845495823,0.568073662196504,0.6455761428674196
1,5.608305152749876,0.5594615752167977,0.6893596756675885
1,6.137492876432992,0.608309870740075,0.7754818614310577
1,6.6590764161538525,0.5533481864852299,0.7347658116829465
1,6.6590764161538525,0.5533481864852299,0.7347658116829465
1,6.164576670113338,0.5984580264609962,0.7693335348804864
1,7.070948508598759,0.6737720433877685,0.7124727211966344
1,7.070948508598759,0.6737720433877685,0.7124727211966344
1,6.083089341442034,0.7115587587046082,0.6810683589961669
1,6.654882263815129,0.7217547038604166,0.728814251350627
1,6.943906811728438,0.8666570006412107,0.6885267339292428
1,5.479121975589239,0.6630333271358213,0.7199918642032725
1,5.307065543986248,0.6192932818715815,0.6588531073711755
1,5.309931656414488,0.6162915502614665,0.7024309916982965
1,5.0838229254997325,0.6667796113741961,0.7141049695536466
1,7.61550111609319,0.9453632678397603,0.6464755010956313
1,7.366868728527186,1.3192603802425915,0.668836449662742
1,7.366868728527186,1.3192603802425915,0.668836449662742
1,7.366868728527186,1.3192603802425915,0.668836449662742
1,7.366868728527186,1.3192603802425915,0.668836449662742
1,7.366868728527186,1.3192603802425915,0.668836449662742
1,7.366868728527186,1.3192603802425915,0.668836449662742
1,7.366868728527186,1.3192603802425915,0.668836449662742
1,7.366868728527186,1.3192603802425915,0.668836449662742
1,6.189788810697547,0.7322352724303047,0.6677251314461176
1,6.189788810697547,0.7322352724303047,0.6677251314461176
1,5.706499900258143,0.7696608325784442,0.6907602851207981
1,6.206235483802206,0.7301894228787869,0.7842535459290052
1,7.684208650620582,1.7951727947702143,0.8011195421892645
1,7.090470945360029,1.151508852554875,0.7172195661127204
1,7.090470945360029,1.151508852554875,0.7172195661127204
1,8.0873154595475,1.188627753028513,0.6981375436683851
1,7.541541150429137,1.366829666051515,0.6775432790411715
1,4.961129826852777,1.1949499952621783,0.8022836907801845
1,5.503524646638563,1.0436027159831753,0.8542800363118033
1,5.094450101016366,0.8472876233628321,0.8351668415927267
1,5.7968278722852595,1.0546776111934717,0.7631592896965758
1,6.32321540611868,0.724315727356238,0.7005305060350382
1,6.129949782915385,0.7447863332819153,0.7237835410962162
1,6.138012868348242,0.7516338558169746,0.7678057578646261
1,5.997264240290858,0.8976438605883726,0.8391563017617337
1,5.969725886170262,0.6236513013921365,0.6699582971273886
1,5.969725886170262,0.6236513013921365,0.6699582971273886
1,5.934872073292145,0.8097582694817456,0.6667749062378974
1,8.32533629441666,1.514811316920346,0.6461903135844401
1,6.3220201008221775,1.3197171829403327,0.690320068327384
1,5.985263069440808,0.940931765825822,0.7393627732289784
1,8.781592320180604,1.6584291760390837,0.6798643688176768
1,6.276091179887591,1.0292351747853017,0.6685467937890553
1,7.49243189732522,0.9350454640788873,0.726362474515005
1,4.5610096189747615,1.2522535474748322,0.7763510994470768
1,6.787836221854788,1.6828416185297974,0.7347221734521913
1,6.539803453644751,1.1779871877049473,0.707798388000069
1,6.90336875190584,0.9984334267518857,0.7150617421088749
1,6.672785637153626,1.2593985210614207,0.630928672085243
1,6.672785637153626,1.2593985210614207,0.630928672085243
1,6.672785637153626,1.2593985210614207,0.630928672085243
1,6.929606975763636,1.306213748868355,0.7072120051310966
1,6.929606975763636,1.306213748868355,0.7072120051310966
1,8.39725468764459,1.7304921359200276,0.7238680195925374
1,8.047860502613634,2.034636888156989,0.6995683099046689
1,8.047860502613634,2.034636888156989,0.6995683099046689
1,7.916909826343169,1.579687584500453,0.6440403543471732
1,7.916909826343169,1.579687584500453,0.6440403543471732
1,7.916909826343169,1.579687584500453,0.6440403543471732
1,6.67462621662564,1.213424833768132,0.6827400404880676
1,6.67462621662564,1.213424833768132,0.6827400404880676
1,6.67462621662564,1.213424833768132,0.6827400404880676
1,10.197209156700637,1.7697639998729013,0.6947283352441972
1,9.323309167532432,2.8188988465010345,0.7487146575501546
1,6.994767835753293,1.3117905638456648,0.705772507885813
1,6.994767835753293,1.3117905638456648,0.705772507885813
1,8.195513415943775,1.520525063065462,0.8084043388656191
1,6.768121363506361,2.3044805394471473,0.6908759863406092
1,7.789143304116589,1.901386317710253,0.802055895983114
1,5.716383179417349,1.085396690599143,0.8019637463610984
1,5.716383179417349,1.085396690599143,0.8019637463610984
1,6.614548456079529,1.769501666384025,0.6926083658723177
1,6.614548456079529,1.769501666384025,0.6926083658723177
1,5.91251484298092,1.4562991665967675,0.6644174005216407
1,5.0167874264149415,0.8697701922463652,0.6800835169246175
1,5.0167874264149415,0.8697701922463652,0.6800835169246175
1,5.349647171278832,1.057689529229308,0.7630326534245687
1,7.237179023100522,0.730963135351822,0.7059926348456723
1,6.690168673082715,0.8567637161361946,0.6138118878271602
1,6.3711719617369615,0.9239049498721954,0.6298734584080811
1,6.003680925915449,0.8995776765606807,0.7408178831404201
1,6.003680925915449,0.8995776765606807,0.7408178831404201
1,7.239145339250547,0.9257888944671455,0.784021731552677
1,8.81637056682101,1.8550322775378763,0.6749896499463913
1,8.81637056682101,1.8550322775378763,0.6749896499463913
1,8.81637056682101,1.8550322775378763,0.6749896499463913
1,8.81637056682101,1.8550322775378763,0.6749896499463913
1,8.81637056682101,1.8550322775378763,0.6749896499463913
1,5.662741192405867,1.2437617533228233,0.699535120692783
1,6.010055927251478,1.2131628576928777,0.7668299418132916
1,6.630605487005099,1.3351098512044717,0.72864373836704
1,6.630605487005099,1.3351098512044717,0.72864373836704
1,6.815855662674559,0.9645855935940512,0.688973847750744
1,6.815855662674559,0.9645855935940512,0.688973847750744
1,6.562447680809654,0.7310564338313444,0.6928734740077593
1,7.758605068843573,0.821254087156797,0.6889331577541565
1,8.196074400272607,0.7947956526594431,0.7092428758068678
1,7.184924505429525,0.7001307832028164,0.7021475676474952
1,6.568224004799574,0.9261988010739575,0.7207775833533611
1,7.962708182120013,0.8671948164634024,0.7703295839945727
1,6.064748714981594,1.669445261373097,0.8291411188245468
1,6.064748714981594,1.669445261373097,0.8291411188245468
1,6.6286210338268345,1.2555672720611915,0.7920938688731919
1,7.061606937818165,1.9317756162733675,0.7314470998795682
1,7.061606937818165,1.9317756162733675,0.7314470998795682
1,9.360840052571847,1.98587159399494,0.7366177915988281
1,9.360840052571847,1.98587159399494,0.7366177915988281
1,7.394223463803962,1.3629736490515367,0.7120136776360599
1,7.394223463803962,1.3629736490515367,0.7120136776360599
1,7.394223463803962,1.3629736490515367,0.7120136776360599
1,7.394223463803962,1.3629736490515367,0.7120136776360599
1,7.394223463803962,1.3629736490515367,0.7120136776360599
1,7.394223463803962,1.3629736490515367,0.7120136776360599
1,7.394223463803962,1.3629736490515367,0.7120136776360599
1,6.552506927008602,1.0687118067130985,0.6947825314769388
1,6.552506927008602,1.0687118067130985,0.6947825314769388
1,6.552506927008602,1.0687118067130985,0.6947825314769388
1,6.552506927008602,1.0687118067130985,0.6947825314769388
1,6.552506927008602,1.0687118067130985,0.6947825314769388
1,6.552506927008602,1.0687118067130985,0.6947825314769388
1,6.5078965977915395,1.3844557749403679,0.7242048644336007
1,9.29701459639679,1.2436748582275894,0.6449409769400246
1,8.213256114923347,1.6745559867469269,0.8277780267240367
1,7.330244955675501,1.772404262450926,0.7291703249567721
1,8.305694030293637,1.9296693971829348,0.6426299419282451
1,8.305694030293637,1.9296693971829348,0.6426299419282451
1,9.013745804075732,1.3126597655263446,0.6338475707316423
1,7.663960835128051,1.9530438890154735,0.7104498885924153
1,7.663960835128051,1.9530438890154735,0.7104498885924153
1,7.663960835128051,1.9530438890154735,0.7104498885924153
1,8.865844581973391,2.0022908604684133,0.7317510446144316
1,8.865844581973391,2.0022908604684133,0.7317510446144316
1,8.865844581973391,2.0022908604684133,0.7317510446144316
1,8.865844581973391,2.0022908604684133,0.7317510446144316
1,8.865844581973391,2.0022908604684133,0.7317510446144316
1,8.079861333083084,1.5391140094108693,0.6975389012223248
1,6.847016430739309,1.3843165142597809,0.7769231966654861
1,7.504933526642952,2.2575486107293568,0.7012302348891747
1,5.720388765615767,1.0943975720345263,0.6594771893298932
1,7.131557889665599,2.0804063743982377,0.7507539716099052
1,7.131557889665599,2.0804063743982377,0.7507539716099052
1,8.080839287062332,1.1518679640160323,0.7138209418979595
1,8.136612252928883,2.7935072002326207,0.7618260189537247
1,7.750081966730584,2.2455469134444366,0.7481877023780571
1,9.04161554985164,1.6117848968992026,0.5903578344107459
1,8.727229585890633,1.9696187477693972,0.7009374766217665
1,7.9059202432212174,1.7825692097870987,0.7531747199801916
1,9.321576662447704,1.8836799860331666,0.7612461228139766
1,6.419439248939892,1.8219761748422756,0.7556056577113884
1,6.458620283511635,1.162831205039455,0.7152897753298132
1,8.680191376892914,2.6618563143724683,0.7485185290239156
1,8.680191376892914,2.6618563143724683,0.7485185290239156
1,7.819716845942654,1.6841108905316673,0.7457423001253917
1,7.736366463846251,1.9245118152024188,0.7451257628775015
1,7.736366463846251,1.9245118152024188,0.7451257628775015
1,6.6907531870642805,2.0155966942328565,0.7645421624694035
1,6.6907531870642805,2.0155966942328565,0.7645421624694035
1,6.522660362018283,1.3006566988085515,0.7761557775511501
1,6.522660362018283,1.3006566988085515,0.7761557775511501
1,6.522660362018283,1.3006566988085515,0.7761557775511501
1,6.522660362018283,1.3006566988085515,0.7761557775511501
1,7.891190910981432,1.7010064661479334,0.7162857662762635
1,8.030896655236365,1.5122392329457133,0.6717187867700578
1,8.030896655236365,1.5122392329457133,0.6717187867700578
1,7.900515649508675,1.4534480762472601,0.6668269620321975
1,7.69479176435747,1.504417623137047,0.6762014017456363
1,7.69479176435747,1.504417623137047,0.6762014017456363
1,6.661687280882631,1.0807854543650073,0.6712551920229671
1,5.422264956363986,0.9265916165995909,0.7182027206433631
1,5.422264956363986,0.9265916165995909,0.7182027206433631
1,6.122707741449708,0.9797150413327346,0.7621750268036737
1,6.122707741449708,0.9797150413327346,0.7621750268036737
1,7.742976698279205,1.3006973873474614,0.6471196864423924
1,6.302943158584352,0.8895767581351958,0.709151778994749
1,6.302943158584352,0.8895767581351958,0.709151778994749
1,6.264894460518229,1.0476402542468022,0.6970444713449492
1,5.135099678875282,0.7915254279741135,0.7369254337503289
1,7.434628912182039,1.3502994791328633,0.7438085643173435
1,9.04244365532123,2.086052779378128,0.7167835568807264
1,9.662225187938885,1.9890469162752105,0.7166795993408018
1,8.65070103039216,1.764797449916671,0.7465973055161004
1,8.65070103039216,1.764797449916671,0.7465973055161004
1,8.65070103039216,1.764797449916671,0.7465973055161004
1,7.494969030205799,1.5639671804991275,0.7278262538691734
1,9.725435148174167,1.4275545900613409,0.6773819518847435
1,7.243879574886041,0.6274249542956999,0.7636144627581166
1,7.855137254041608,1.640845025570545,0.7083233145953817
1,6.362769747647377,1.2098548747096678,0.6475630969132788
1,5.478609413145827,0.9526788553496253,0.7097386354374601
1,6.757521997615318,1.027309207103431,0.7345700055562668
1,6.411699388965446,1.2654113503415099,0.7794250492522645
1,5.89706614028392,0.8119205263633364,0.6860961000187211
1,6.139437281692147,0.8465116852971741,0.7282619129719496
1,7.049021626337221,1.3581494232913793,0.6067295443422442
1,7.049021626337221,1.3581494232913793,0.6067295443422442
1,7.094986780374767,0.925541785399454,0.6391028403416682
1,8.524997061582305,1.6602858048963098,0.734164309621453
1,9.442611860081973,3.302571532865061,0.6767543802627433
1,6.698741396754211,1.7134900184401756,0.74343635467683
1,6.698741396754211,1.7134900184401756,0.74343635467683
1,7.186630329803921,1.8850993027987695,0.7003979976244452
1,7.186630329803921,1.8850993027987695,0.7003979976244452
1,9.381630731598655,2.0194931261523594,0.6421603453191848
1,8.480565697900655,3.0417535910323616,0.7158789302300045
1,8.480565697900655,3.0417535910323616,0.7158789302300045
1,8.480565697900655,3.0417535910323616,0.7158789302300045
1,9.229330870135268,2.07263500345278,0.7209229197024767
1,9.229330870135268,2.07263500345278,0.7209229197024767
1,9.229330870135268,2.07263500345278,0.7209229197024767
1,8.817912785569856,2.5578341003691465,0.7043084523875272
1,8.817912785569856,2.5578341003691465,0.7043084523875272
1,8.817912785569856,2.5578341003691465,0.7043084523875272
1,8.817912785569856,2.5578341003691465,0.7043084523875272
1,6.501032179566636,0.738192770637005,0.6732651256234521
1,6.109000497889995,0.7261763772716355,0.7052671277073838
1,5.890188655234015,0.5735308262274383,0.7205788846217803
1,6.360678825092962,0.6289527171957986,0.7297098116264747
1,6.360678825092962,0.6289527171957986,0.7297098116264747
1,6.549270257850991,0.5495057329172414,0.6723784017121337
1,5.797532039105072,0.5158522244801917,0.7085688933460311
1,5.615457540690916,0.5195091833359401,0.6535193821013628
1,5.936844830478646,0.5135086997594872,0.705388486715687
1,5.936844830478646,0.5135086997594872,0.705388486715687
1,6.970904613402745,0.5168778850948387,0.683562323097851
1,5.558072309851723,0.5034115108773904,0.7317149471047019
1,5.051978438433201,0.501328765946947,0.7326523151472648
1,5.388934301571571,0.5008648374767262,0.7527491828923129
1,4.975263522865431,0.5013780515453492,0.7312786241286671
1,5.567425869366994,0.5005081337873883,0.7351731856449112
1,5.567425869366994,0.5005081337873883,0.7351731856449112
1,6.383160254748464,0.5007436078043291,0.7216319252644564
1,7.942913656343326,0.5009467483643009,0.7158044743412434
1,7.136677408761713,0.5005865211396424,0.7747608916313636
1,8.328713615970655,0.5003478580685736,0.6884902375426512
1,8.670644260958634,0.5002294275986584,0.6621302599203934
1,7.166123744034175,0.500427541222036,0.7112951911678177
1,7.166123744034175,0.500427541222036,0.7112951911678177
1,6.47566739328702,0.5002001983532104,0.7115823790555748
1,5.931947804614396,0.5005844012905938,0.6731004541509993
1,5.931947804614396,0.5005844012905938,0.6731004541509993
1,5.931947804614396,0.5005844012905938,0.6731004541509993
1,5.931947804614396,0.5005844012905938,0.6731004541509993
1,5.931947804614396,0.5005844012905938,0.6731004541509993
1,5.931947804614396,0.5005844012905938,0.6731004541509993
1,4.730884056352946,0.5006958330749988,0.7153013655172885
1,5.423305138847861,0.5008350679724118,0.7963710802435168
1,6.1521560281514285,0.5025730963533844,0.7465959948929125
1,4.8689754599190405,0.5027386702708405,0.7032633308037378
1,4.8689754599190405,0.5027386702708405,0.7032633308037378
1,5.038797314022795,0.5004855630976617,0.7803411818707405
1,5.410785133588896,0.5012001848604299,0.7438238083121166
1,6.109197207817148,0.5016526247445262,0.7627648395055158
1,4.88315484331112,0.5006413583086392,0.6907319589440245
1,6.330590809825188,0.5021909390440439,0.7360308953050032
1,6.529641980072835,0.5019562875378936,0.7594160169621353
1,6.3568356387874925,0.5006897185817415,0.7264562950143585
1,5.572198033917557,0.5008253906799657,0.6921169040541265
1,5.572198033917557,0.5008253906799657,0.6921169040541265
1,5.803137447721699,0.5031568471539094,0.7197521858458156
1,5.803137447721699,0.5031568471539094,0.7197521858458156
1,6.632457399807378,0.5110262104213155,0.7333141382692346
1,6.632457399807378,0.5110262104213155,0.7333141382692346
1,6.632457399807378,0.5110262104213155,0.7333141382692346
1,5.026296490667433,0.5030283133773846,0.7437511712336493
1,4.953219775721548,0.5223237668408536,0.6940260912938881
1,4.953219775721548,0.5223237668408536,0.6940260912938881
1,4.580513100889917,0.5201228537874847,0.7340797815143258
1,4.634055950219069,0.5226463578921764,0.6926763119462517
1,4.634055950219069,0.5226463578921764,0.6926763119462517
1,4.634055950219069,0.5226463578921764,0.6926763119462517
1,4.634055950219069,0.5226463578921764,0.6926763119462517
1,5.537686150294182,0.5529379733026097,0.6466545261953722
1,6.830685884804542,0.6115538082339582,0.6961894870297819
1,8.157003961418216,0.614156767936436,0.7257471154453914
1,6.889488666957103,0.7115534263053439,0.6864976952756586
1,5.926397494958574,0.5387079159234078,0.7554954346068516
1,6.700048229067566,0.5318219502201083,0.6921350465991488
1,4.896873803460105,0.5871092377525032,0.6582820751053566
1,8.010245651510383,0.8327236152503984,0.6676796062386405
1,6.8954705528200595,0.748825623366401,0.7404020267427517
1,8.762245782456077,1.4461701778398899,0.6435206517769289
1,6.708623855480091,0.8688131257448479,0.6737143896800586
1,6.708623855480091,0.8688131257448479,0.6737143896800586
1,7.113647863841732,1.0114975194529834,0.6697812804363785
1,5.065437525865594,0.6806096239731193,0.7489502848409686
1,5.065437525865594,0.6806096239731193,0.7489502848409686
1,4.492939327183822,0.6070939993935707,0.7506544783192036
1,4.338761781186373,0.5949706468835168,0.7413988548457158
1,6.186219813281373,0.6111143947162109,0.7407497667526768
1,7.2566063386241195,0.6138920682858601,0.7941843447834721
1,7.253185987679998,0.569868299281829,0.7585823967367569
1,8.25981240063835,0.584021225319139,0.7673391856133532
1,4.764469738085412,0.5551548033163104,0.7579384394057227
1,5.15030502341701,0.5422675184574854,0.7412202148001843
1,5.5712994126292115,0.6794428053887959,0.7768720876463663
1,6.934611542648872,0.7895619698259703,0.7093714466852098
1,6.934611542648872,0.7895619698259703,0.7093714466852098
1,6.934611542648872,0.7895619698259703,0.7093714466852098
1,5.985589156378217,0.8809201662693135,0.7601330506641715
1,6.128048597795229,0.9303015780224249,0.7104441563836716
1,6.331700115772031,1.0782391898676824,0.6906938157269066
1,6.540340823043465,1.7365705732906687,0.6982250997191564
1,6.540340823043465,1.7365705732906687,0.6982250997191564
1,8.03879945107344,1.6287108036535203,0.7087360174445724
1,6.312027095510841,1.103696254966175,0.7412755773608238
1,7.37164939263134,1.2495947773106966,0.6801715379589418
1,5.3605536689254345,0.8159521901073394,0.6744635648426412
1,7.903207790506517,1.4801801824433756,0.6242802256053888
1,7.903207790506517,1.4801801824433756,0.6242802256053888
1,8.539625172071677,1.8163668618087925,0.6420882215696797
1,7.5637150333202,1.3704243924549284,0.6682882413285018
1,7.5637150333202,1.3704243924549284,0.6682882413285018
1,7.5637150333202,1.3704243924549284,0.6682882413285018
1,7.5637150333202,1.3704243924549284,0.6682882413285018
1,7.5637150333202,1.3704243924549284,0.6682882413285018
1,6.826912180240365,1.1727988379082037,0.664031491881964
1,6.826912180240365,1.1727988379082037,0.664031491881964
1,7.522197595001584,2.2022226109494154,0.649691398670522
1,7.432363293544137,1.5668160669152045,0.6437655355441423
1,7.797508264887285,1.534801977570401,0.7386281577085799
1,8.189443341572762,1.9623829636493757,0.6848081078116954
1,8.836812068299139,2.454965200319335,0.7680753064156495
1,6.368917675091989,2.071939942398301,0.7122582217844383
1,6.589881434258018,1.252712769983669,0.6733406030525985
1,6.589881434258018,1.252712769983669,0.6733406030525985
1,8.737963165896678,1.070012433067393,0.6633806300760706
1,8.737963165896678,1.070012433067393,0.6633806300760706
1,4.90980111807647,0.8648355200704442,0.7724987619603183
1,8.288401097288613,1.260230574754631,0.7524475864410083
1,6.232764126430818,1.1812296713628205,0.732898778718892
1,5.27346776053933,0.9575310721684426,0.7021245876205486
1,6.2508234670157625,1.719656742119859,0.7057099530769506
1,6.630284681848333,2.322109833285431,0.7646713204912302
1,7.350722335636505,2.2649602858006777,0.7854613841586248
1,8.577181724244488,2.1185025558871216,0.8234606977482628
1,8.577181724244488,2.1185025558871216,0.8234606977482628
1,6.644267737167693,1.1342347419016163,0.7915911732003929
1,6.828055555426791,1.3303514500054963,0.6879189015686528
1,7.915407427855526,0.9976195269307817,0.6638500984013831
1,7.938399978486212,1.5256127210580583,0.707624308486444
1,7.8395974063034135,1.6758922086648131,0.6868101726514598
1,7.8395974063034135,1.6758922086648131,0.6868101726514598
1,7.345674180977687,1.8868033754070752,0.7505802826791328
1,7.973251722922981,1.5859414529791367,0.7437542825652489
1,7.068038818676783,1.457647462756837,0.7222373864518279
1,7.068038818676783,1.457647462756837,0.7222373864518279
1,7.068038818676783,1.457647462756837,0.7222373864518279
1,7.068038818676783,1.457647462756837,0.7222373864518279
1,5.992482069558913,1.351092407714872,0.7250041511334646
1,5.992482069558913,1.351092407714872,0.7250041511334646
1,7.6584581596637165,2.006058010971323,0.6880648506958438
1,8.224921573425062,1.7907200167878377,0.7752649650952732
1,8.224921573425062,1.7907200167878377,0.7752649650952732
1,6.924712047775318,1.1420656106423859,0.6749833503654726
1,6.634069207705823,0.96973453494823,0.7339363290438734
1,5.20007691190871,0.8390869616384857,0.6968851699262791
1,6.529199500040031,1.6727170638328275,0.7111566669544739
1,6.529199500040031,1.6727170638328275,0.7111566669544739
1,6.529199500040031,1.6727170638328275,0.7111566669544739
1,6.529199500040031,1.6727170638328275,0.7111566669544739
1,6.529199500040031,1.6727170638328275,0.7111566669544739
1,5.43850488442632,0.8492868175051176,0.7641054864432353
1,7.855774837602271,0.7611431213641301,0.691741742019508
1,7.855774837602271,0.7611431213641301,0.691741742019508
1,5.886796562127675,0.6392248566327152,0.7195326102488163
1,5.886796562127675,0.6392248566327152,0.7195326102488163
1,5.886796562127675,0.6392248566327152,0.7195326102488163
1,5.886796562127675,0.6392248566327152,0.7195326102488163
1,6.086456833700676,0.8511250083937809,0.7487189726748512
1,5.348613103029513,0.6567071949865568,0.6939298536508745
1,5.348613103029513,0.6567071949865568,0.6939298536508745
1,6.4105365679273,0.941909164630882,0.6782808913078027
1,7.740276101968861,0.6716176058300578,0.6799118368459193
1,6.700360516089288,1.218978021199491,0.8242421496099747
1,8.507121590696306,1.9260236983087191,0.7253136875940269
1,10.017062625964027,2.7862491089203316,0.7742936769330742
1,8.38145519862223,1.2621602723817398,0.7825177194267359
1,6.372895617342468,1.363311765341781,0.7191825878143556
1,8.683369129440347,2.1822026020543266,0.6686369239899986
1,8.683369129440347,2.1822026020543266,0.6686369239899986
1,8.683369129440347,2.1822026020543266,0.6686369239899986
1,8.683369129440347,2.1822026020543266,0.6686369239899986
1,8.683369129440347,2.1822026020543266,0.6686369239899986
1,8.683369129440347,2.1822026020543266,0.6686369239899986
1,7.04649760608105,1.5944186975474979,0.7029319531637989
1,6.487403107395655,1.4379322240955164,0.7321247823265424
1,6.487403107395655,1.4379322240955164,0.7321247823265424
1,6.487403107395655,1.4379322240955164,0.7321247823265424
1,5.564549104855574,1.0740148953463098,0.7678062863717864
1,6.779893999282979,1.2935268388399064,0.7975502020533908
1,6.811360930296111,1.5311951211833374,0.7318989964021415
1,7.430415265716604,1.2283913256156032,0.7079577449580822
1,7.430415265716604,1.2283913256156032,0.7079577449580822
1,7.430415265716604,1.2283913256156032,0.7079577449580822
1,7.663276919078562,0.9655303447617094,0.7794807259737694
1,6.6270942114437545,1.6688301736572346,0.6969402697147636
1,7.016353513761716,1.5167739137789877,0.7760671416563619
1,6.723987857767117,1.153475558355146,0.7219581029642704
1,8.885932633818435,1.384502064112112,0.7351197080597744
1,6.400447711280353,1.1253073817864927,0.7662469249458981
1,6.400447711280353,1.1253073817864927,0.7662469249458981
1,9.272010024865018,1.366369952339564,0.7314892746966642
1,6.240255316042925,1.2537260638466283,0.8081373961440174
1,7.398387147815804,1.0060438100829394,0.7532753223254616
1,6.151558306270845,0.8705136587967812,0.7437086275884099
1,11.160532972701029,2.0938812909840587,0.7346748916933168
1,8.852648734560542,1.9503669036681328,0.7682935175820383
1,10.76249561371951,1.7305704946968772,0.638335831347338
1,9.72453957875225,2.098751428459927,0.7436551187614154
1,9.72453957875225,2.098751428459927,0.7436551187614154
1,9.72453957875225,2.098751428459927,0.7436551187614154
1,7.405913332089033,2.3366668881830837,0.7598942957743833
1,6.548079052361494,1.1359746456228264,0.7053160144771708
1,6.548079052361494,1.1359746456228264,0.7053160144771708
1,8.144649873461569,2.832848076530847,0.796927987283386
1,6.6150562325625595,1.0858652537634252,0.8092391023964082
1,7.814934047778902,1.2653325101414923,0.670446226049602
1,7.814934047778902,1.2653325101414923,0.670446226049602
1,7.814934047778902,1.2653325101414923,0.670446226049602
1,6.152477767153144,0.8858241448450986,0.7799416976997544
1,6.443472337798468,0.8732631552561043,0.7727759264360428
1,7.266692848026165,1.465353908361338,0.8368448248783095
1,7.8901120717363495,1.7741880840676738,0.6864537853431901
1,7.8901120717363495,1.7741880840676738,0.6864537853431901
1,7.705912089043047,2.0680209209707083,0.6924475742429878
1,7.705912089043047,2.0680209209707083,0.6924475742429878
1,9.573918763154062,2.7981615939706765,0.7032854566634681
1,8.518756787854782,1.4870985873734788,0.7457361797577184
1,8.414399668309938,1.7033988720253914,0.7385469532524955
1,6.4900236635157045,1.1542813764816178,0.6912420405479295
1,6.4900236635157045,1.1542813764816178,0.6912420405479295
1,6.304737950436011,1.2943171146504526,0.6759764839809514
1,7.569512891550291,0.9531713684168891,0.6959478689547388
1,7.569512891550291,0.9531713684168891,0.6959478689547388
1,8.402197845173248,1.3641142868069016,0.7149770613874898
1,7.3314880823239355,2.0549192445617686,0.7200598150804878
1,5.942337575925981,1.4942706666449894,0.693359906371145
1,7.337714492002042,1.350219672272043,0.6332669897403209
1,6.353924681074861,1.3401779093412403,0.7069091782987816
1,6.353924681074861,1.3401779093412403,0.7069091782987816
1,6.026139643069252,1.1034935239465131,0.6969061976560224
1,7.138336131223166,1.0751279906295534,0.6462531445198493
1,5.592465290908972,1.0500534297242594,0.6871064766660919
1,5.4968481303842,1.1579504221625698,0.7235282376442427
1,5.337454449430401,1.0302173099414622,0.801293345840941
1,5.337454449430401,1.0302173099414622,0.801293345840941
1,6.3154679273688314,1.7402259123352066,0.7544935134252325
1,7.3526120154596555,1.1406126045034188,0.6373054483050372
1,5.41092781963863,0.7871989789009401,0.6906482787181254
1,6.466250948691758,0.9164325342315918,0.7469850578875105
1,7.490945325627269,1.524461868546608,0.6483183467422805
1,9.600026288192243,2.175348297227119,0.7093100783640048
1,8.186799390701507,2.345042044013069,0.7367484456378663
1,9.708543143548054,2.7231395842173716,0.726642606617728
1,7.800739524482056,0.8857944655882949,0.6731081895535967
1,7.4921146966683665,0.7965289281335202,0.81803090843243
1,6.702840908956721,0.703125464468881,0.7804138852362513
1,6.719306833532492,0.5958693057792288,0.6346486727314351
1,6.232448809294824,0.593027271449624,0.6999010605182862
1,4.745182994103914,0.7064682774303173,0.7329530230828882
1,6.407125380598345,0.6207984747582271,0.7672490551924673
1,7.896174111199425,0.6846458628207339,0.7618615373878009
1,6.6279139568803505,0.64843933363918,0.5984895886022326
1,5.183129090468148,0.5798613726298771,0.7045862011347224
1,5.748673817186531,0.5817913650699524,0.6881902792613086
1,6.0291421574340776,0.562113536824839,0.7536549804663945
1,5.917536587829984,0.5720146905713686,0.617424852634503
1,5.917536587829984,0.5720146905713686,0.617424852634503
1,7.035131485233175,0.6887664767593776,0.691481763794541
1,5.305226344301923,0.6868668105069156,0.6684289464694452
1,6.036575410218273,1.0281651517617503,0.6892077081863832
1,6.036575410218273,1.0281651517617503,0.6892077081863832
1,7.506200144029737,1.194357814106966,0.6542150090174094
1,5.737427432916173,0.9107969363025566,0.7765027451072564
1,5.737427432916173,0.9107969363025566,0.7765027451072564
1,5.992989232343408,1.0637793740745145,0.6989369619280709
1,5.992989232343408,1.0637793740745145,0.6989369619280709
1,8.423428692817371,1.3678805081479704,0.7014136371827875
1,7.70419862860271,1.5600631969644134,0.7599973057253562
1,9.084153782621426,2.168133766214342,0.7154429336753836
1,9.084153782621426,2.168133766214342,0.7154429336753836
1,7.770945945841863,1.9967052752237517,0.6672731425288838
1,7.770945945841863,1.9967052752237517,0.6672731425288838
1,6.774855451025395,1.6455416132157434,0.6825961862867372
1,6.4964076848394186,1.2822489025711754,0.7151693129968402
1,6.4964076848394186,1.2822489025711754,0.7151693129968402
1,6.4964076848394186,1.2822489025711754,0.7151693129968402
1,6.78030796247527,0.696788765519941,0.6795682556325457
1,6.78030796247527,0.696788765519941,0.6795682556325457
1,6.78030796247527,0.696788765519941,0.6795682556325457
1,4.685343674570154,0.6923545031890663,0.7249241503616618
1,5.741793558296287,0.7339030633350982,0.7663023278220628
1,4.65991204183436,0.5645333481302208,0.6887119057762776
1,5.430334732834078,0.5566481925531395,0.728863464153909
1,5.034563414671605,0.5958099556980894,0.7417527996584249
1,7.089127616938604,0.8215951497586005,0.6899052319689508
1,7.089127616938604,0.8215951497586005,0.6899052319689508
1,7.089127616938604,0.8215951497586005,0.6899052319689508
1,7.089127616938604,0.8215951497586005,0.6899052319689508
1,6.52780158493701,1.3786242016916173,0.7515944984238531
1,6.52780158493701,1.3786242016916173,0.7515944984238531
1,6.52780158493701,1.3786242016916173,0.7515944984238531
1,6.931921413174837,1.5060929530293221,0.7357506137274898
1,9.309815339651582,1.9320037122062235,0.7084840714389369
1,6.382419732943573,1.3780198760721012,0.6747382596387101
1,8.595397709232316,2.3737536989949746,0.6397682667689084
1,6.813126211631821,1.0911917880238193,0.6200173671097019
1,8.76641742884407,1.1543283997773943,0.6874696733290157
1,8.661697378742144,1.2920392174271647,0.7056515278698128
1,8.661697378742144,1.2920392174271647,0.7056515278698128
1,7.872751696794231,0.9876475762573067,0.6947389744240805
1,6.613549270226714,1.4893023041583087,0.6401724539165692
1,6.613549270226714,1.4893023041583087,0.6401724539165692
1,6.078940703115444,1.1061142424628714,0.6682870170329234
1,6.078940703115444,1.1061142424628714,0.6682870170329234
1,6.072316089220351,1.445695256978646,0.7284646880125366
1,5.516841066010463,1.4708758464283422,0.6808538750840932
1,6.915245592054336,1.5113054048132413,0.6908683348187594
1,6.38499955401894,0.8786171510871559,0.6970911972815627
1,7.871279640915558,0.9168753621139565,0.6776856678134507
1,8.614804959908017,0.7914024662076511,0.6395474613989932
1,4.928242571181126,0.6011651191454467,0.6531266275193999
1,5.0864508999449525,0.5519902344333577,0.6244990818619748
1,6.009164017974276,0.889957147387135,0.6882340026456844
1,6.016227687332209,1.0928715039476484,0.7208157670513848
1,5.885587740394535,0.8138832650882166,0.7336831675977628
1,5.885587740394535,0.8138832650882166,0.7336831675977628
1,5.847454662267035,1.7542202543503376,0.7353742417703032
1,5.68722107858974,1.3487583981232953,0.6648791862168237
1,6.9591208237628654,1.7689867519502183,0.6938782936644053
1,6.9591208237628654,1.7689867519502183,0.6938782936644053
1,6.9591208237628654,1.7689867519502183,0.6938782936644053
1,6.9591208237628654,1.7689867519502183,0.6938782936644053
1,5.693529710081006,0.9961001910797002,0.7848482588998442
1,7.28072824019095,0.7443257803244452,0.7665981605070609
1,6.048626252478249,0.8927157876065168,0.7193929696460406
1,6.155961110256924,1.2928723022765973,0.7457173734600561
1,6.155961110256924,1.2928723022765973,0.7457173734600561
1,6.162425746207328,1.2187314001726293,0.7833816569093004
1,5.457084578692812,1.2718446094263025,0.7055718211089187
1,6.248810200052493,1.5808470122040843,0.7386004608748536
1,6.248810200052493,1.5808470122040843,0.7386004608748536
1,7.6974137040913675,2.4408915041400965,0.728023379319677
1,9.13011955799294,1.3612951810383667,0.7125952566031267
1,8.312524168359943,1.6512767056137159,0.690992140031602
1,8.115731170202361,1.1924907712733046,0.6749033931612997
1,8.692020387500527,1.6879134100033342,0.6876735827623645
1,7.370122973787896,1.406177831532224,0.7281360690880987
1,7.370122973787896,1.406177831532224,0.7281360690880987
1,5.5431244116589085,0.9818754411075563,0.7174988396167701
1,5.5431244116589085,0.9818754411075563,0.7174988396167701
1,6.4198435067989195,1.5803258760643704,0.7838551737352002
1,6.045414029068604,1.6318870532174643,0.6030262152951215
1,5.326809482570136,1.232448631176263,0.7413217423268459
1,5.326809482570136,1.232448631176263,0.7413217423268459
1,6.300620450082336,0.8084491411961925,0.7657743659875011
1,8.257688842775227,1.929498729931523,0.7696486340119865
1,8.257688842775227,1.929498729931523,0.7696486340119865
1,6.87607935226795,1.281039652175139,0.710835822369757
1,7.2457806809447645,1.5887177528718375,0.7455472303658581
1,7.2457806809447645,1.5887177528718375,0.7455472303658581
1,6.801052301926991,1.0867157522716122,0.7221356109275208
1,6.79928890378874,1.0285338433709352,0.6775624070911117
1,7.552239641586402,1.216723085325675,0.7174487083884088
1,7.552239641586402,1.216723085325675,0.7174487083884088
1,7.739111525061241,1.2039021132949832,0.7788340623103375
1,6.83025064679301,1.6709066127327092,0.7433688164753232
1,7.646263349754242,2.07735513575804,0.7909127771178626
1,7.344630779389309,1.6952362970963322,0.7164194883406891
1,7.344630779389309,1.6952362970963322,0.7164194883406891
1,7.467154473357797,2.171331573480396,0.7501682631246566
1,7.467154473357797,2.171331573480396,0.7501682631246566
1,7.307397760652771,1.8448803585570674,0.6931699434780025
1,7.307397760652771,1.8448803585570674,0.6931699434780025
1,7.307397760652771,1.8448803585570674,0.6931699434780025
1,7.289535431137071,1.5315716766283922,0.7015399828519836
1,7.8158738474320275,1.5048635069619358,0.7274292899039352
1,8.413216975176782,1.2333967697516441,0.6973905071738536
1,8.413216975176782,1.2333967697516441,0.6973905071738536
1,8.130651408434588,1.4478639095172006,0.7348380386979587
1,7.077195359093599,1.1159686785143648,0.6877654462014753
1,7.077195359093599,1.1159686785143648,0.6877654462014753
1,5.8926230920728,0.8298027470567733,0.7072560657706924
1,5.8926230920728,0.8298027470567733,0.7072560657706924
1,6.094518094821604,0.9084695943451309,0.6466451658352333
1,5.492213844820447,1.5145656218725065,0.6770168025504407
1,6.468673077491709,1.7755899865633336,0.6227277489673638
1,7.8805141552961935,1.3834328425568123,0.7430214482842854
1,6.35254459265963,1.2664339165572995,0.7245266258433563
1,7.374473327345893,1.3656191719596746,0.6882231856048985
1,7.374473327345893,1.3656191719596746,0.6882231856048985
1,7.374473327345893,1.3656191719596746,0.6882231856048985
1,6.221837988604683,0.9945181645454517,0.6920825184066969
1,6.969042782413589,0.9922292302316083,0.7630995063506781
1,7.05677043639483,0.9955862070517973,0.7172763145060104
1,6.7723530735354425,0.8505637345451977,0.747502547778329
1,6.7723530735354425,0.8505637345451977,0.747502547778329
1,7.124142990251633,0.6992750132375157,0.7068111816797594
1,5.035474509832489,0.6100468091588322,0.7327639271845034
1,6.982300728909971,0.57877305427312,0.7080525618793755
1,7.189116540743299,0.7283509358679303,0.6907063054521954
1,7.189116540743299,0.7283509358679303,0.6907063054521954
1,6.735349492396277,0.5805921168857988,0.7263636898764269
1,6.781982567193873,0.55253800553761,0.7629157684311172
1,6.499345994837183,0.5689724318529528,0.6974802955008719
1,6.499345994837183,0.5689724318529528,0.6974802955008719
1,5.217107232400243,0.651951952940862,0.7084971766852095
1,7.484871887972853,0.807857344147666,0.634639221969978
1,7.484871887972853,0.807857344147666,0.634639221969978
1,6.135096975988104,0.6418076031894718,0.6565697246713673
1,6.135096975988104,0.6418076031894718,0.6565697246713673
1,6.653841023134651,0.6756919838405138,0.671598132824192
1,7.2461805088208955,2.0139458550927603,0.6141252365780947
1,7.2461805088208955,2.0139458550927603,0.6141252365780947
1,8.355832526762942,1.1442785282855068,0.7111670181743411
1,6.30215782965259,1.0040587842675586,0.7131973914442238
1,6.30215782965259,1.0040587842675586,0.7131973914442238
1,7.106797057050301,1.0127421795458829,0.7166180217727836
1,7.106797057050301,1.0127421795458829,0.7166180217727836
1,6.393365579020924,1.0468962469947622,0.6837315066502131
1,7.448861079067904,1.2501774903693583,0.6796386895000479
1,6.417624955594559,1.3264771280519765,0.7053258794977948
1,6.417624955594559,1.3264771280519765,0.7053258794977948
1,7.742978191471809,2.3900324023594273,0.6120412051326873
1,6.46557548678288,2.2393567141108774,0.647154254664232
1,5.582242385320899,0.6847573654042531,0.7347157207195905
1,6.916939784783396,1.5160201468235008,0.7512436604331556
1,6.916939784783396,1.5160201468235008,0.7512436604331556
1,6.916939784783396,1.5160201468235008,0.7512436604331556
1,6.916939784783396,1.5160201468235008,0.7512436604331556
1,6.7080659354925665,1.018031461510176,0.7196462372924929
1,7.341654525373467,1.0158941043441896,0.6680584108530637
1,6.107835794437241,0.9391693736481368,0.7186149383343692
1,6.494486467572741,0.6057864233916997,0.8047560859465326
1,4.9999252957944025,0.8868749915047504,0.7398896579886297
1,5.368364015473282,0.8648942724014672,0.6969971368348322
1,5.843050120542074,0.6529897558131948,0.6741953190328005
1,6.987127888683458,1.0501156200393316,0.6940699219034896
1,7.79755004482031,2.2390106039297386,0.6641635223512002
1,7.79755004482031,2.2390106039297386,0.6641635223512002
1,9.572772740843078,2.331657626285266,0.73491756521077
1,6.6502769697739215,1.681155950939949,0.7431705908536914
1,8.533742861669818,1.3491933946608654,0.7240967323815939
1,7.470411086271929,1.8973607145611644,0.7215392352567134
1,7.470411086271929,1.8973607145611644,0.7215392352567134
1,7.470411086271929,1.8973607145611644,0.7215392352567134
1,7.860943774168107,1.6332631099205364,0.7411203493100862
1,7.860943774168107,1.6332631099205364,0.7411203493100862
1,7.860943774168107,1.6332631099205364,0.7411203493100862
1,6.349803957917677,0.9621946185262407,0.6890093019684738
1,7.77082798448663,0.9201265693304292,0.739983881898056
1,8.383864866779497,1.6491507366355318,0.7292194069198593
1,8.333650265005872,1.5953231704014048,0.7156238946092816
1,7.115164506572746,1.8408991426813248,0.6853040809026297
1,7.960183681758829,2.3818813128888037,0.6926355157533532
1,7.960183681758829,2.3818813128888037,0.6926355157533532
1,6.056384631512359,1.2429732611691762,0.7287508460650517
1,7.178216250482881,1.7020949137921075,0.7241883087812206
1,7.875310605232533,0.9311280761340562,0.6789628645184358
1,7.568196738243876,1.0946285482482168,0.6367659761559918
1,7.527363983012103,0.947710095521572,0.7475462329087323
1,7.280939331115837,1.4201701779026419,0.6613779692679209
1,7.280939331115837,1.4201701779026419,0.6613779692679209
1,7.043532528683848,1.112726744966455,0.6918574192615188
1,7.518030793113658,1.4997173102822483,0.6946144931837334
1,7.518030793113658,1.4997173102822483,0.6946144931837334
1,7.518030793113658,1.4997173102822483,0.6946144931837334
1,6.570926197130299,1.6645288029457936,0.6906683252139026
1,6.570926197130299,1.6645288029457936,0.6906683252139026
1,6.570926197130299,1.6645288029457936,0.6906683252139026
1,8.094070315386446,1.9281548763486722,0.6468999525682216
1,8.094070315386446,1.9281548763486722,0.6468999525682216
1,7.674955504748182,2.5129354534902344,0.7067305474607196
1,7.899379054502088,1.3144596240616804,0.7307248720431353
1,7.899379054502088,1.3144596240616804,0.7307248720431353
1,6.601564525566353,1.9442035130646402,0.7736722757128304
1,7.522311483959071,1.4322389364182055,0.8036916439815788
1,7.052617505674867,1.1581094716995153,0.7839922165619939
1,7.4834995807783375,2.4455047454715864,0.7026735603055271
1,8.25000254874009,1.441906487538085,0.6648070106487455
1,8.25000254874009,1.441906487538085,0.6648070106487455
1,10.237043396714032,2.4114165358280495,0.6508097325220885
1,8.330191621888936,0.9774010945689255,0.7302775402537823
1,6.874338004896395,1.264955955500438,0.6783689415980273
1,8.92222519657157,2.0293781615467315,0.7228436405774259
1,8.92222519657157,2.0293781615467315,0.7228436405774259
1,8.92222519657157,2.0293781615467315,0.7228436405774259
1,7.312985019936982,1.831366231819261,0.7392879111089482
1,9.116580926183552,1.6130244746296099,0.6674066258352488
1,9.058280857026471,2.2786695273583026,0.785182583866674
1,9.058280857026471,2.2786695273583026,0.785182583866674
1,9.058280857026471,2.2786695273583026,0.785182583866674
1,7.071402146455521,1.6055493466871753,0.774592233094157
1,7.071402146455521,1.6055493466871753,0.774592233094157
1,7.771513942545287,1.3257389577671388,0.7400077127763927
1,9.854159020931156,2.1715007719897224,0.7266463725243805
1,7.79800920037295,2.322949297571058,0.6784365547177588
1,7.172285565966643,1.702609399655188,0.6610621932785677
1,8.97083136846835,2.1617686691736893,0.6414637275570284
1,8.471691339662733,2.1963114704590656,0.7600693230914504
1,8.471691339662733,2.1963114704590656,0.7600693230914504
1,8.189101903784124,1.3914021127087182,0.7191897314236585
1,8.189101903784124,1.3914021127087182,0.7191897314236585
1,8.689643303695766,2.0511708613470487,0.6811724583290081
1,8.427107510203168,1.6442596203907813,0.6801049264067269
1,7.422081140835569,1.3718624972902242,0.6708411356503126
1,7.422081140835569,1.3718624972902242,0.6708411356503126
1,7.422081140835569,1.3718624972902242,0.6708411356503126
1,7.422081140835569,1.3718624972902242,0.6708411356503126
1,7.422081140835569,1.3718624972902242,0.6708411356503126
1,7.422081140835569,1.3718624972902242,0.6708411356503126
1,7.422081140835569,1.3718624972902242,0.6708411356503126
1,7.320188492884174,1.7727965330157307,0.7246285139906239
1,6.84899735435229,1.3918668515962764,0.7144885621287619
1,6.84899735435229,1.3918668515962764,0.7144885621287619
1,5.464416264783989,1.0253183803379917,0.7032572055090142
1,5.464416264783989,1.0253183803379917,0.7032572055090142
1,7.061854146716841,2.2238889910668895,0.8155190965331801
1,8.025153847438464,1.4915393378899933,0.7937101498987769
1,7.859850764644844,1.214556200412782,0.7961956726425269
1,6.246278676701058,1.1688311231039064,0.8097726784862733
1,7.776999837285046,2.3776322413568236,0.652021696959498
1,7.776999837285046,2.3776322413568236,0.652021696959498
1,7.776999837285046,2.3776322413568236,0.652021696959498
1,6.77467839576931,2.0417738450999594,0.6803886185954896
1,5.728182158791574,1.541732157076167,0.746107423011452
1,5.533343787330152,1.3476551801797154,0.7085842134045216
1,5.533343787330152,1.3476551801797154,0.7085842134045216
1,8.384074607452261,1.2963432149047822,0.7741077032670444
1,6.405939300301726,1.7106613241233772,0.7311255252918276
1,7.894968492500543,1.1698425461942525,0.6724461387024688
1,7.368256647155475,1.4692918953299885,0.6823773515110929
1,7.368256647155475,1.4692918953299885,0.6823773515110929
1,7.368256647155475,1.4692918953299885,0.6823773515110929
1,9.562258582971426,1.3118670202224298,0.6754884052623497
1,7.291108578458777,1.7959911202275292,0.6784032371861192
1,6.826025011051077,1.6436121164917774,0.7839292156573308
1,6.826025011051077,1.6436121164917774,0.7839292156573308
1,7.422636504009387,2.0045469044618027,0.7363269658915691
1,7.422636504009387,2.0045469044618027,0.7363269658915691
1,7.950774197669953,1.3688188874184528,0.7255996965287684
1,8.867732860660468,1.7246262732952333,0.6506889120783634
1,8.867732860660468,1.7246262732952333,0.6506889120783634
1,6.6714891652240595,1.503801505472555,0.7482812769373008
1,6.6714891652240595,1.503801505472555,0.7482812769373008
1,5.986292418852387,1.2683004412526562,0.7427011986541076
1,7.696296258631877,1.3068408496959434,0.7074474893486031
1,6.91435250594299,1.108029519522681,0.7201990196977939
1,8.670891938471911,1.853221662773035,0.7626592099216657
1,8.670891938471911,1.853221662773035,0.7626592099216657
1,8.670891938471911,1.853221662773035,0.7626592099216657
1,9.401642795005914,2.383926977744575,0.799342111901952
1,9.401642795005914,2.383926977744575,0.799342111901952
1,6.498150199828575,1.3855075087836182,0.6775064412672287
1,6.498150199828575,1.3855075087836182,0.6775064412672287
1,6.366523594554586,1.1095558250526674,0.6786286861992261
1,6.366523594554586,1.1095558250526674,0.6786286861992261
1,6.366523594554586,1.1095558250526674,0.6786286861992261
1,6.366523594554586,1.1095558250526674,0.6786286861992261
1,7.619720463773716,1.8926471643714127,0.731026378245178
1,7.619720463773716,1.8926471643714127,0.731026378245178
1,7.619720463773716,1.8926471643714127,0.731026378245178
1,7.619720463773716,1.8926471643714127,0.731026378245178
1,10.934806446213695,2.3048389558107636,0.6690542714291753
1,10.934806446213695,2.3048389558107636,0.6690542714291753
1,10.934806446213695,2.3048389558107636,0.6690542714291753
1,10.934806446213695,2.3048389558107636,0.6690542714291753
1,7.515395418800366,2.1989230169987892,0.7210814429220999
1,7.515395418800366,2.1989230169987892,0.7210814429220999
1,6.418055439112628,0.9548767733824652,0.6900219354459204
1,7.556630095480839,1.051284177593682,0.7823963022913476
1,7.54603025127288,1.7598193488729426,0.8071654380203048
1,8.436240757216511,2.457833856952367,0.7969017423639322
1,8.436240757216511,2.457833856952367,0.7969017423639322
1,7.030541715545226,1.029816073522193,0.7550751347290585
1,7.361542224784194,0.965118514736811,0.678482538064627
1,8.600054411504367,1.729460474663145,0.6402545886398419
1,8.4424468514299,2.258755438047184,0.6628769002622071
1,6.6861628331888845,1.3656025353563321,0.676504091576222
1,7.093361568038386,1.4602258777219355,0.7606693087987698
1,7.086582241610824,1.5282812055892532,0.7868734749758725
1,6.657110293118087,1.6290877881090926,0.7735933725560861
1,6.295992693643372,1.5162563266970934,0.7453124961512153
1,6.295992693643372,1.5162563266970934,0.7453124961512153
1,6.170536936028563,0.8597266735559237,0.6591853558949259
1,6.170536936028563,0.8597266735559237,0.6591853558949259
1,6.507769663369053,0.7615953390398416,0.6664210830139761
1,6.507769663369053,0.7615953390398416,0.6664210830139761
1,5.555296867292143,0.7627752558725934,0.7531163191166758
1,7.35342633345214,0.6115684858433179,0.6716011120987958
1,7.35342633345214,0.6115684858433179,0.6716011120987958
1,7.426832110918847,0.57648961334481,0.6514169593773769
1,7.426832110918847,0.57648961334481,0.6514169593773769
1,5.751346252991224,0.6586120106341633,0.6041744617302282
1,4.228798878262943,0.6814493624691007,0.7396677129087522
1,9.23698964677382,2.0035380607611257,0.7878500428454935
1,8.864734543040868,1.3547889256028711,0.7156774414808601
1,9.700365891128277,1.2898391401547002,0.7290012954989064
1,9.521681480736847,1.8935984054274708,0.7164895816127261
1,6.9297595401386385,2.1105614523782954,0.7261720262154263
1,10.05247530170806,2.187926903374387,0.6863094878727867
1,8.616284776935853,2.071058268510246,0.6790203505790735
1,6.892503738445656,1.2699666154572822,0.6771484202616583
1,8.087871337785328,1.6643148985117786,0.6435060843413941
1,8.108238451683981,2.328299908714458,0.6617060426939422
1,7.659373839732013,1.477119234386541,0.6889083292522405
1,7.672052635094887,1.1390769162872134,0.675293376729321
1,8.388199464460236,1.2114253325120714,0.7154590438828653
1,8.388199464460236,1.2114253325120714,0.7154590438828653
1,6.667708702267701,1.3505611195856804,0.6667233873773504
1,5.801810476721753,1.236598583249633,0.7006792196944246
1,7.979073815002255,1.133440238861596,0.705308722015355
1,7.82530434278878,0.6865557620214506,0.631937145788792
1,5.951769445704842,0.694042778381267,0.6751828891508446
1,6.575357085640435,0.8791883934357569,0.6864801066610906
1,6.802184049193332,0.6263091689537772,0.6618268759540938
1,6.524318026276746,0.6075124011145996,0.6880076304965087
1,6.677453839992836,0.6027656559424596,0.7086711518543486
1,4.910835104086396,0.7346357912066304,0.7356736829426826
1,5.3302042597898955,0.9641264424293052,0.6994934003463763
1,5.852953885828682,1.180310811318698,0.6957148531154979
1,6.1157871390412435,1.1200072765607132,0.7363864660590349
1,8.04353439256279,1.1155053059510438,0.7135130616451185
1,7.451146020242092,1.608515599595843,0.7704000455443288
1,6.868628683407736,1.3809539733802842,0.7878772023685634
1,5.933558705764474,1.033973438493123,0.6823012038651495
1,6.1821648661127595,1.021831245717491,0.6928563983675924
1,7.693047868568638,1.8839524076236482,0.7102046171047633
1,7.693047868568638,1.8839524076236482,0.7102046171047633
1,7.1890253043886245,1.2267888466435592,0.6439465273901833
1,5.8300680977095,0.8581903009182765,0.7318901439676251
1,5.8300680977095,0.8581903009182765,0.7318901439676251
1,5.760797852375258,0.7532802589414258,0.6948519238548477
1,5.760797852375258,0.7532802589414258,0.6948519238548477
1,5.534214855173317,0.7104531996253797,0.7448862314055912
1,5.772409778541452,0.8845259457026751,0.7149653080046023
1,7.484876139703231,1.9978948978386746,0.6737972257325799
1,7.484876139703231,1.9978948978386746,0.6737972257325799
1,7.484876139703231,1.9978948978386746,0.6737972257325799
1,6.613495417869901,0.9924926522667339,0.6784740146503271
1,6.613495417869901,0.9924926522667339,0.6784740146503271
1,8.286940989061407,2.221130778377396,0.7001975858848203
1,8.286940989061407,2.221130778377396,0.7001975858848203
1,8.286940989061407,2.221130778377396,0.7001975858848203
1,7.399074438180642,2.245973761506714,0.7444628084684256
1,7.399074438180642,2.245973761506714,0.7444628084684256
1,7.399074438180642,2.245973761506714,0.7444628084684256
1,8.199109352887387,2.025160921182496,0.7091196771074681
1,8.699546884898599,1.3701327105688823,0.6867149929997713
1,9.054503032975234,1.5439831696029545,0.7302066337721324
1,8.411344182109795,0.923969631735527,0.7278823988409325
1,7.2792808383880265,0.6535848074336919,0.6824638923084668
1,8.89237915952464,0.7155564569039605,0.7517892609600053
1,5.708542123965737,0.6031390800587005,0.8036064527482308
1,5.10174170091184,0.6697314358686657,0.7479816205592822
1,6.779911011619669,0.5892556606058081,0.6840285406454919
1,6.897363593042045,0.6545503980440788,0.7350095261892766
1,6.78094006241404,0.7492996227375157,0.7363343560790281
1,9.162155174892515,1.2259948918830132,0.749589204432929
1,6.059536858282801,0.6860997392610327,0.787028853639293
1,6.320649503894159,1.1341087929038518,0.6480734402585127
1,6.6847844930316285,1.221743141430281,0.7131205276161952
1,6.930490338749547,0.9185215973407058,0.7183937952673981
1,8.447433288647156,1.414765014529972,0.7902901874130487
1,5.950444156911019,0.8073782748248217,0.7556787962778445
1,6.337638038403571,0.7711328045168224,0.7448931754843104
1,5.283409601671305,0.7411460458379507,0.7746899921017345
1,8.404857442683117,1.1492313137654437,0.6714035162101477
1,6.835591265867082,1.6033931567957358,0.7419685097199603
1,7.240482611017989,1.565655381401287,0.7115649877969434
1,7.240482611017989,1.565655381401287,0.7115649877969434
1,8.49119407957853,1.515581890260502,0.7437830643587675
1,7.923247893796476,1.215825569700393,0.7399350895146979
1,7.176717917805098,1.0431232136982023,0.7749417074676156
1,6.408183009539382,1.5432082971927414,0.7631102184851521
1,5.540751330228411,1.4326540886609718,0.7846545547913891
1,7.600979223212785,1.494469715659331,0.8048798117797135
1,6.107604445839975,1.000381073855014,0.8464151553678497
1,5.881687100149118,1.0602379245035234,0.8047411982299807
1,8.195035132852526,1.524744737292236,0.7350092970111416
1,7.816996598405989,1.2793046029069735,0.7425619231859006
1,7.816996598405989,1.2793046029069735,0.7425619231859006
1,5.556007701696744,1.0678066487676894,0.7769146062304976
1,6.157398922953684,1.184050151693003,0.6547195838561654
1,8.191491020296287,1.5014083355593277,0.7723194061811299
1,6.337383113288147,1.4611611739486268,0.6383584421433083
1,5.4099378409271965,0.8938129131029924,0.7054537216363438
1,5.831686582954337,0.8493360463986421,0.7282590400811982
1,5.831686582954337,0.8493360463986421,0.7282590400811982
1,6.513583086041849,0.6002938631140952,0.7245372052972133
1,5.289119581067707,0.5840107399545864,0.7051208171170984
1,5.289119581067707,0.5840107399545864,0.7051208171170984
1,6.044472387328422,0.530640016511282,0.6601326013985229
1,5.486584781520979,0.543281718494862,0.7204131428135547
1,6.343412495735741,0.6815624299114276,0.6649774025063491
1,4.833228570700227,0.7227967455887441,0.6304968015827748
1,4.833228570700227,0.7227967455887441,0.6304968015827748
1,4.829393144308289,1.0998429043994828,0.8251330540234323
1,6.43149711650893,1.2086589710240272,0.723508666753264
1,7.903162155301224,1.6029269885307396,0.6637438144580269
1,7.903162155301224,1.6029269885307396,0.6637438144580269
1,8.203140994798698,1.1744265094857071,0.6978351270818798
1,6.880565515689167,2.068290634953539,0.7313598883661776
1,7.622499745779236,1.4925973524522704,0.811729541845145
1,6.987030953730219,1.8577574787208193,0.6860138997587903
1,8.34020110551327,2.135387043918648,0.7177301451717993
1,5.4422227892192,1.4802397247180628,0.7802796068822626
1,5.4422227892192,1.4802397247180628,0.7802796068822626
1,5.4422227892192,1.4802397247180628,0.7802796068822626
1,6.824457242683191,1.2826063129746696,0.6480401991342022
1,6.891170564136212,1.0091363123320694,0.6253089253313645
1,6.891170564136212,1.0091363123320694,0.6253089253313645
1,6.689787675888516,0.6960960464443752,0.6788363701208274
1,5.13895608165406,0.7725043012924088,0.7198678386771417
1,5.198167771407483,0.5430465355450581,0.7455063487084537
1,5.958327231728681,0.6511323724880068,0.5975557226478654
1,5.998319190544025,0.8938714399577736,0.7429123140855923
1,6.5984724518195765,1.387137160489588,0.6733172200669767
1,7.476755587911483,2.0948724943322103,0.6395658306548005
1,7.2236397402998005,1.8853516875585807,0.6205655761286365
1,7.068720456593395,2.0378044483541524,0.767879776067072
1,7.6035766763303805,2.2356176581613445,0.6561916215138912
1,8.222112186866774,2.2404014655771687,0.7192197047792187
1,8.744305067439123,1.6084808114950853,0.6962513496937353
1,7.016250325386038,1.4356137444908725,0.6828403494962618
1,7.016250325386038,1.4356137444908725,0.6828403494962618
1,6.066112620432488,1.5183078043947205,0.7178475922934916
1,6.066112620432488,1.5183078043947205,0.7178475922934916
1,6.484955969809225,1.6836081901582103,0.7054437801318342
1,8.913370912197891,1.3024592877574692,0.6737445416701954
1,7.103663952375148,1.3122237535179244,0.7259107775166844
1,7.103663952375148,1.3122237535179244,0.7259107775166844
1,7.103663952375148,1.3122237535179244,0.7259107775166844
1,6.49725722938171,1.1845609251250828,0.786394826169832
1,6.49725722938171,1.1845609251250828,0.786394826169832
1,5.651488728997905,1.2050458829538577,0.6972384838156112
1,6.953337541531443,1.944435176905502,0.7226380997807461
1,6.32691637058513,1.3327262816601193,0.7392173608169276
1,6.879304747994756,1.8060546993966748,0.6637188799731498
1,8.884824804936365,1.721075402950189,0.7516960791885419
1,7.185911106420598,1.8717208661297693,0.796835128959334
1,7.185911106420598,1.8717208661297693,0.796835128959334
1,6.587832511319724,1.919522845273657,0.775020259160308
1,6.579722249123289,1.5316600890611631,0.7372988929056957
1,6.579722249123289,1.5316600890611631,0.7372988929056957
1,7.927393766990664,2.0159358341947193,0.7560391102898166
1,9.778400934950689,1.9476750485848602,0.726989280259969
1,8.35113998261965,1.3478634285903923,0.7002057639346454
1,8.679299018042926,1.506466558292921,0.6832966434254912
1,8.679299018042926,1.506466558292921,0.6832966434254912
1,8.679299018042926,1.506466558292921,0.6832966434254912
1,6.667560059451503,1.591282637449061,0.6548572816797403
1,6.027466312529798,0.8801754505339482,0.6151764721812306
1,6.5956410713079485,1.2078462856249148,0.6925550217806047
1,8.12894854680934,1.3571082925046731,0.7209076732427945
1,8.974089294236396,1.9085852945321364,0.6748413234557289
1,8.974089294236396,1.9085852945321364,0.6748413234557289
1,8.765347167092443,1.7680390329135844,0.6760293380312495
1,6.977245975862533,1.828698378134217,0.7623012661306993
1,6.9276422058211615,1.273895540521595,0.6968860572435723
1,6.9276422058211615,1.273895540521595,0.6968860572435723
1,7.147337202478148,1.367537253937594,0.7114567902451586
1,7.147337202478148,1.367537253937594,0.7114567902451586
1,5.709581793347139,1.2900916708746846,0.7031901112366356
1,6.41960238777769,1.6991314170079708,0.7328228979717977
1,6.71885663324049,0.8991398310559211,0.7707934192088267
1,6.057470338958008,1.0036776900858584,0.7467364782547213
1,6.033859273405259,1.503200508808222,0.756441779150916
1,5.636389261405184,1.1307600590098599,0.7265989964880402
1,6.815817395893591,0.9478259363018572,0.7658155164249337
1,6.386626977985152,1.3071188502385203,0.6816746745139473
1,7.4790052893927506,1.5472038543336368,0.7425862763474546
1,7.4790052893927506,1.5472038543336368,0.7425862763474546
1,7.298224180180225,1.7494956732060611,0.6955927276979934
1,5.645410407918704,0.7261708490911588,0.6391159969692919
1,5.902906320830262,0.8546800163397721,0.6947771610145693
1,9.611056296031613,2.4367821248892008,0.6768764146253439
1,9.4949111212649,1.345650154617053,0.7278458309985281
1,6.489357351965248,0.9113954423925339,0.7077937543547747
1,6.416768573363304,1.1780986996591643,0.766358107500377
1,6.416768573363304,1.1780986996591643,0.766358107500377
1,5.415082849524284,0.6832634615103592,0.7178321980500892
1,6.931334169153083,0.6982567352847066,0.7328906014818307
1,5.336823653126568,0.6210796524734947,0.6717104993675661
1,5.685049980830093,0.832118973916286,0.7604510004293398
1,5.685049980830093,0.832118973916286,0.7604510004293398
1,5.693111969163517,0.7714765115485775,0.7252295362241634
1,5.693111969163517,0.7714765115485775,0.7252295362241634
1,5.693111969163517,0.7714765115485775,0.7252295362241634
1,10.335143193155755,2.4004217896695597,0.7231676445111376
1,7.945710126746788,3.1985712089730303,0.7251262014034823
1,8.720934665071592,2.4207280133382274,0.71413367193869
1,7.85404030177101,1.364234054558589,0.767627354817828
1,7.85404030177101,1.364234054558589,0.767627354817828
1,7.85404030177101,1.364234054558589,0.767627354817828
1,7.85404030177101,1.364234054558589,0.767627354817828
1,8.303614025366048,1.5588590830684719,0.7754645997347712
1,7.148727597361136,1.9217777431429308,0.7637151137747289
1,8.49858317107865,1.500781397590578,0.664617437110953
1,7.9394107086543135,1.2854731802305936,0.7067398097257133
1,8.755275165919898,1.908457922875631,0.7207272889589951
1,9.01941848908934,2.208097731884778,0.732107833287852
1,9.01941848908934,2.208097731884778,0.732107833287852
1,7.706989847423551,1.1241941284273111,0.6963699476570859
1,7.706989847423551,1.1241941284273111,0.6963699476570859
1,7.706989847423551,1.1241941284273111,0.6963699476570859
1,7.706989847423551,1.1241941284273111,0.6963699476570859
1,7.706989847423551,1.1241941284273111,0.6963699476570859
1,7.202022217419034,0.8825747999993729,0.7463914291358493
1,7.202022217419034,0.8825747999993729,0.7463914291358493
1,8.283724794690647,0.7795944455105974,0.7189197024265249
1,5.254119231374224,0.9592058715039407,0.8126945620938685
1,5.013686544186237,0.7330028302148239,0.8506719533483169
1,4.012635293680873,0.5691208124678439,0.8112823662951403
1,5.878237046177149,0.5104319931350685,0.7422275670496761
1,6.4162518215715405,0.5124588713292123,0.7348515510927893
1,6.4162518215715405,0.5124588713292123,0.7348515510927893
1,5.804662089353513,0.5543383422948367,0.7334984696834742
1,6.584603692990037,0.517507280146629,0.7771460054594919
1,5.818367506494971,0.5190719035786798,0.739504970296256
1,6.559524879246696,0.5197844600413488,0.5956488419372431
1,5.472813747813083,0.5187672209750988,0.6610048825867927
1,6.216554338023424,0.5110021574187013,0.7230680742639183
1,6.216554338023424,0.5110021574187013,0.7230680742639183
1,5.6775693559944385,0.5254955473827174,0.7404798158754862
1,6.878119132184851,0.5186793111651855,0.728434204361478
1,5.975311329195728,0.5219178688770236,0.7526178097743327
1,5.6915782315401495,0.5276707729945317,0.6943018935355187
1,5.6915782315401495,0.5276707729945317,0.6943018935355187
1,5.6915782315401495,0.5276707729945317,0.6943018935355187
1,6.071369113208019,0.5609789441636007,0.7027272363278529
1,5.3348194834686,0.5254122842477245,0.7094516684654386
1,5.3348194834686,0.5254122842477245,0.7094516684654386
1,6.529184258821646,0.6669733671422095,0.7230313251208732
1,6.529184258821646,0.6669733671422095,0.7230313251208732
1,6.529184258821646,0.6669733671422095,0.7230313251208732
1,6.529184258821646,0.6669733671422095,0.7230313251208732
1,6.529184258821646,0.6669733671422095,0.7230313251208732
1,6.529184258821646,0.6669733671422095,0.7230313251208732
1,5.869957746453539,0.6344291400135873,0.7400273964316326
1,6.868882362707545,0.5997566351054334,0.7389120836863801
1,6.404836348067562,0.6191469062668195,0.7284226625027069
1,6.404836348067562,0.6191469062668195,0.7284226625027069
1,6.404836348067562,0.6191469062668195,0.7284226625027069
1,5.983645196300311,0.7203182227706385,0.6932363152826625
1,5.8903349435147145,0.6101804278398951,0.6895228190104348
1,7.852408785796006,0.605829682662148,0.6181133010502685
1,5.467075845167993,0.6539171765630608,0.7774584296628162
1,4.879636331905557,0.6114763223054073,0.7198531560719874
1,4.879636331905557,0.6114763223054073,0.7198531560719874
1,4.879636331905557,0.6114763223054073,0.7198531560719874
1,4.997349759566088,0.672727880458029,0.7309213495218091
1,4.675524355093024,1.0351006676487373,0.7586157709264549
1,5.8210922279768385,0.8906361582151383,0.7403189298050357
1,6.945411807433178,1.0941022569468766,0.6953448003451174
1,7.755763414726103,0.9020000320719768,0.7024156131483564
1,6.530235612666161,0.8767343119810354,0.7216425993362752
1,5.4944892006241535,0.8102550366602954,0.7987316328214793
1,5.937446740594107,0.6776801827340981,0.7263175793400662
1,5.937446740594107,0.6776801827340981,0.7263175793400662
1,4.891658524331548,0.6832931601990109,0.6770197098941166
1,6.979105153284116,0.9546313542926943,0.7133923739604839
1,6.448174140577713,1.0036907777068111,0.7836339950886562
1,6.448174140577713,1.0036907777068111,0.7836339950886562
1,6.448174140577713,1.0036907777068111,0.7836339950886562
1,6.448174140577713,1.0036907777068111,0.7836339950886562
1,8.694402467724746,0.8253853073911824,0.731554530342489
1,7.407018372779118,1.5201264716047802,0.6613097357499618
1,6.77947212898559,1.8884874111363685,0.6969124890916792
1,5.788408910184668,1.336963065912402,0.6534213058720924
1,6.093952151411538,0.8715683630348348,0.6536596801833819
1,7.46120139914063,0.758865863601978,0.65031120012554
1,6.030177208409007,0.8610877951586265,0.7016905463362029
1,7.119217058058851,0.9179367882084457,0.6595442199048219
1,7.119217058058851,0.9179367882084457,0.6595442199048219
1,6.262385913614424,0.720802188525224,0.6912801151178037
1,6.021165589192734,0.6573518561610758,0.6568580923966928
1,6.483004237090553,0.595532359281362,0.6302428665834846
1,7.010946225131182,0.8746466648649154,0.6110536484453187
1,5.808087192172987,1.2317788577467161,0.652112274374372
1,5.808087192172987,1.2317788577467161,0.652112274374372
1,7.567215244531723,0.8818170852795333,0.7381822962725081
1,7.0035919566504585,1.3557696638077879,0.770215294328616
1,7.9697924679725105,2.5713708642339386,0.7027175954150653
1,6.328844558838739,1.1665312496787978,0.7784533259126428
1,6.478379194197016,1.0340490895875178,0.6909645599250293
1,6.478379194197016,1.0340490895875178,0.6909645599250293
1,6.478379194197016,1.0340490895875178,0.6909645599250293
1,6.478379194197016,1.0340490895875178,0.6909645599250293
1,5.410281046553666,1.1704591739408952,0.7257317566844368
1,6.929849733633882,1.6396175619900664,0.728435697409452
1,6.929849733633882,1.6396175619900664,0.728435697409452
1,6.929849733633882,1.6396175619900664,0.728435697409452
1,8.596242098457385,2.2158027942178267,0.7001346936498508
1,7.523828202713926,2.2830511662421777,0.7176859451804217
1,8.515461762991976,2.3496399596630315,0.6811134376004329
1,7.397313469742611,1.4067908424044715,0.687857398267713
1,7.546248165725708,1.964133527146921,0.6807072218115311
1,7.546248165725708,1.964133527146921,0.6807072218115311
1,7.546248165725708,1.964133527146921,0.6807072218115311
1,7.546248165725708,1.964133527146921,0.6807072218115311
1,7.546248165725708,1.964133527146921,0.6807072218115311
1,7.546248165725708,1.964133527146921,0.6807072218115311
1,7.546248165725708,1.964133527146921,0.6807072218115311
1,7.546248165725708,1.964133527146921,0.6807072218115311
1,6.274210564384114,1.469171830157653,0.618364297176997
1,4.927070363311617,0.948052834373812,0.7013708830335746
1,8.69923515191298,1.2394366775574315,0.7286727030471237
1,9.957102018902525,2.1007235705158482,0.7062136665009486
1,8.318310925104473,1.881984671753963,0.7088861943135464
1,8.318310925104473,1.881984671753963,0.7088861943135464
1,8.318310925104473,1.881984671753963,0.7088861943135464
1,7.105700788954954,1.8476181269541512,0.6918664520666877
1,8.036423253379429,1.5236749215135612,0.6352394331112698
1,5.75972468194677,1.6005947159355178,0.7452097064865834
1,8.531967072765944,1.7652161583734471,0.8362574065661577
1,8.531967072765944,1.7652161583734471,0.8362574065661577
1,6.719251364561669,1.4254709982241591,0.6703553762132289
1,6.719251364561669,1.4254709982241591,0.6703553762132289
1,6.719251364561669,1.4254709982241591,0.6703553762132289
1,6.719251364561669,1.4254709982241591,0.6703553762132289
1,8.003707362081297,1.3666421865962908,0.6675000084121613
1,8.003707362081297,1.3666421865962908,0.6675000084121613
1,8.003707362081297,1.3666421865962908,0.6675000084121613
1,8.651096722469394,1.9612650527615476,0.6953128837208329
1,8.651096722469394,1.9612650527615476,0.6953128837208329
1,8.651096722469394,1.9612650527615476,0.6953128837208329
1,8.651096722469394,1.9612650527615476,0.6953128837208329
1,8.651096722469394,1.9612650527615476,0.6953128837208329
1,8.651096722469394,1.9612650527615476,0.6953128837208329
1,8.651096722469394,1.9612650527615476,0.6953128837208329
1,8.651096722469394,1.9612650527615476,0.6953128837208329
1,8.651096722469394,1.9612650527615476,0.6953128837208329
1,6.462819691566432,1.2898049747688987,0.7424146897042746
1,6.462819691566432,1.2898049747688987,0.7424146897042746
1,6.462819691566432,1.2898049747688987,0.7424146897042746
1,6.462819691566432,1.2898049747688987,0.7424146897042746
1,8.756162602893916,1.7619347968905443,0.6984855181604311
1,7.333789219351022,1.696451767753095,0.684798760594926
1,8.573299528401245,1.7682816996290107,0.6526332343571208
1,8.573299528401245,1.7682816996290107,0.6526332343571208
1,6.700642548487117,1.476256846625508,0.7083385609235797
1,6.700642548487117,1.476256846625508,0.7083385609235797
1,6.502585321853998,1.4243995438311847,0.7406176402675735
1,6.502585321853998,1.4243995438311847,0.7406176402675735
1,6.224662367788389,1.2620451172196137,0.7758206702279424
1,8.01798061102255,1.2281180109364271,0.7370787584201243
1,9.777433726170502,2.2643297213902605,0.6570466046178016
1,8.219637205770923,1.322706838523434,0.7163498509556646
1,8.219637205770923,1.322706838523434,0.7163498509556646
1,8.279830585062978,1.3212012799386024,0.6344010300676493
1,8.937795793337994,1.2380406608301224,0.6783363905183066
1,7.456096761980685,1.3304689337205207,0.67292359458498
1,6.422535698200137,1.3617540394184968,0.7628527240347233
1,6.422535698200137,1.3617540394184968,0.7628527240347233
1,6.422535698200137,1.3617540394184968,0.7628527240347233
1,5.447605561303624,1.1896762298064922,0.7400603542402153
1,5.447605561303624,1.1896762298064922,0.7400603542402153
1,7.5801585894766905,1.5073560491149496,0.6661379621977022
1,6.627495272405183,1.210027027641916,0.6994706487363345
1,6.627495272405183,1.210027027641916,0.6994706487363345
1,6.113444885745073,0.7765135301045063,0.6503451692830037
1,6.052424379405466,0.6128465302600108,0.776515802422101
1,5.715018359215887,0.5786145277372167,0.7439235854298907
1,5.911914214566088,0.5947916386091512,0.6380801523777521
1,5.746267130239474,0.8047651047829476,0.6783653915062715
1,8.519348650021893,1.2879649229212795,0.6435947845048847
1,7.3839878506701355,1.8190928777368296,0.7023812892411717
1,7.3839878506701355,1.8190928777368296,0.7023812892411717
1,7.722163293429316,1.924833073822071,0.71594331235236
1,7.133163487273637,1.56825762046399,0.7588900348494845
1,6.452809576334057,1.1489095543220893,0.6994621480059653
1,6.452809576334057,1.1489095543220893,0.6994621480059653
1,4.948023727992653,0.6448762766543319,0.7743276334405477
1,4.578144489330009,1.0453878827722687,0.7143682083643552
1,4.658067603486707,0.9356976418660385,0.705584488497545
1,6.020957387850318,0.9725801198256804,0.6552045562701266
1,6.231554071336182,1.1222679616430589,0.6161366849278097
1,8.110248354988649,1.007885958641347,0.6782412725916428
1,8.110248354988649,1.007885958641347,0.6782412725916428
1,6.692603393108055,1.107138614010461,0.71720575410112
1,8.549883323475761,1.8496775519178346,0.7182036709827869
1,7.366320492786611,1.6263101909591056,0.7302922377928931
1,7.366320492786611,1.6263101909591056,0.7302922377928931
1,6.041353046141871,1.113592413523869,0.708819716652857
1,6.041353046141871,1.113592413523869,0.708819716652857
1,8.117354402118426,1.6959458086936388,0.6453000415421981
1,5.840504991375912,1.65741400919781,0.7126413215081829
1,6.574733462650085,1.1924746404186701,0.6457910922673528
1,6.574733462650085,1.1924746404186701,0.6457910922673528
1,6.574733462650085,1.1924746404186701,0.6457910922673528
1,6.679077467843795,1.4294392492370207,0.6859247766190124
1,7.74153173321003,1.638366493845542,0.7263646795261294
1,8.249291843786025,1.6449253647622493,0.6426541890472763
1,9.414329880232382,1.9472368755305924,0.7099408213380001
1,7.68881482389455,1.6444227056788558,0.7075639935771354
1,6.235054088272624,1.211310752746371,0.7835238756401878
1,5.612320992471876,0.9856943175149371,0.7496313108803941
1,5.612320992471876,0.9856943175149371,0.7496313108803941
1,6.421155485246228,1.4561706561463956,0.72840737647917
1,7.807957597906472,1.2436217700050813,0.8165767473869942
1,6.6309604702068,1.4128164057135255,0.6686249683352059
1,6.6309604702068,1.4128164057135255,0.6686249683352059
1,6.6309604702068,1.4128164057135255,0.6686249683352059
1,6.6309604702068,1.4128164057135255,0.6686249683352059
1,6.6309604702068,1.4128164057135255,0.6686249683352059
1,6.220115780577726,0.954077838013085,0.6554113419900888
1,6.220115780577726,0.954077838013085,0.6554113419900888
1,6.220115780577726,0.954077838013085,0.6554113419900888
1,5.765210777437648,0.9406314267653578,0.6649399306043475
1,8.584036141573083,1.144576756344796,0.7182671812533169
1,6.785776051096424,0.7448717293208129,0.7489956594529735
1,6.785776051096424,0.7448717293208129,0.7489956594529735
1,6.166324619455952,1.0331124081805072,0.7344231796345133
1,6.166324619455952,1.0331124081805072,0.7344231796345133
1,6.230434713141921,1.2928172065906376,0.7228105925101658
1,7.783687382561287,1.5559770556262635,0.6950245286976805
1,8.514790774477513,1.7039301519068992,0.6355520853421799
1,7.386892070821196,1.872476178350637,0.7392913814697897
1,8.59489244890144,1.3393711397892796,0.6453977559796505
1,6.8595470232610625,1.62670590858652,0.7463992428874889
1,7.247008192022424,1.5373991278676467,0.6272280899054782
1,5.65457763463307,1.1794993727301248,0.6462752152901345
1,5.5793361450182895,1.3601146964956272,0.7192058300929245
1,5.5793361450182895,1.3601146964956272,0.7192058300929245
1,5.694588607008151,0.8210437880296739,0.7734097422707639
1,8.69376688938841,0.9880191912332402,0.7586181315804683
1,8.0023447714613,0.9077514159200586,0.6690315861251784
1,9.201732122994946,1.2862133169226513,0.7964291852699792
1,6.752486339935312,2.048231746013475,0.7973511431589153
1,8.443565805506825,2.65990364741767,0.8355488968219321
1,8.443565805506825,2.65990364741767,0.8355488968219321
1,8.443565805506825,2.65990364741767,0.8355488968219321
1,8.392414880415743,2.1805772197158815,0.7881987127629585
1,7.403959647417648,1.6438782647013912,0.8460437633096122
1,9.757822741329447,3.0875858531393394,0.6479822317582419
1,6.872391604428591,2.2341006338419716,0.7281313903665697
1,8.264334372596934,1.5979581398695395,0.7220890547185784
1,8.264334372596934,1.5979581398695395,0.7220890547185784
1,8.264334372596934,1.5979581398695395,0.7220890547185784
1,7.252394274570078,2.0924826791909696,0.7269406049190629
1,9.581839254974954,1.5287374643745544,0.6663653542018682
1,6.915365929992026,1.36756851228852,0.6355461885762245
1,6.915365929992026,1.36756851228852,0.6355461885762245
1,7.404953947824571,0.9633835276725408,0.660529434803073
1,6.104621246559184,1.0536615964903604,0.7543791564733127
1,7.322413039331375,1.625347529988777,0.6768098396079414
1,5.51154221633279,0.9552609903342395,0.7356524707588847
1,5.707261565379555,0.9491254196939207,0.752339364551329
1,5.986570363907684,0.8275928244075372,0.7266026983712197
1,5.986570363907684,0.8275928244075372,0.7266026983712197
1,7.469719779622365,1.4305160789769178,0.6965955786624933
1,7.92693531460873,1.3788713953776546,0.722784473456793
1,6.90959673028959,1.1460361617553572,0.6602943979243042
1,9.463869367015741,1.887573890694423,0.677314165175216
1,9.463869367015741,1.887573890694423,0.677314165175216
1,7.258717932306235,1.0581600626650995,0.6708040184496884
1,7.258717932306235,1.0581600626650995,0.6708040184496884
1,7.335867986563381,1.6426336643096122,0.7038725813709764
1,7.335867986563381,1.6426336643096122,0.7038725813709764
1,7.335867986563381,1.6426336643096122,0.7038725813709764
1,5.270071201356112,1.1250612452814397,0.8025400208842998
1,6.3296425446173865,1.1368072179314639,0.6508851838445471
1,6.508758069451056,1.014197486686498,0.7532542002711649
1,6.968001984540725,0.959666596830635,0.6664232320942958
1,6.968001984540725,0.959666596830635,0.6664232320942958
1,6.968001984540725,0.959666596830635,0.6664232320942958
1,6.968001984540725,0.959666596830635,0.6664232320942958
1,9.950027061746976,1.753459863567852,0.5901695057958367
1,8.592447818318544,1.5817827287268478,0.6268413860932105
1,6.758667380538271,1.0929590798422244,0.7145946254302655
1,6.859163057730314,1.5895050416261025,0.6733119791807457
1,6.963244731900819,1.3565195976110833,0.6742252036874868
1,6.474759914632537,1.1021044896927572,0.6707224757342993
1,5.5294571104685515,0.872112816569655,0.6810181897809015
1,5.5294571104685515,0.872112816569655,0.6810181897809015
1,9.229240926242996,1.0423812731044437,0.706894770337419
1,9.396932253743302,1.3158603123766341,0.6927168628746473
1,9.13836073814137,2.082351179376186,0.6496076764424313
1,7.80347988207378,1.1878251801405417,0.6936485885574116
1,7.80347988207378,1.1878251801405417,0.6936485885574116
1,6.687793705675975,0.9066548956877427,0.7029144535321699
1,5.758692366280291,1.0393674142155631,0.7751745284285498
1,7.641034672087213,1.51912332826614,0.8114254455655928
1,7.310157144409411,1.2438071743294232,0.7527846091525096
1,9.258076985903859,1.1174026339639935,0.7189399249009278
1,6.739528392712662,0.9863076078252195,0.7476123712099919
1,6.363926565231973,0.7810930977273847,0.7658806797905464
1,6.363926565231973,0.7810930977273847,0.7658806797905464
1,7.944560117008504,1.0305123913724,0.6321151999701147
1,8.669896247697341,1.633601147412315,0.7744824610407907
1,6.806102603789246,0.8060962507208518,0.6852861008453945
1,6.806102603789246,0.8060962507208518,0.6852861008453945
1,6.806102603789246,0.8060962507208518,0.6852861008453945
1,6.806102603789246,0.8060962507208518,0.6852861008453945
1,6.044596404532518,0.85764436277124,0.6714566014008834
1,6.044596404532518,0.85764436277124,0.6714566014008834
1,7.036318342740283,1.175525569747414,0.6839341938221896
1,8.867490353183069,1.4752231522789097,0.6496238135001049
1,6.783632492525317,1.0730544223308014,0.6555476845978402
1,6.783632492525317,1.0730544223308014,0.6555476845978402
1,6.783632492525317,1.0730544223308014,0.6555476845978402
1,6.783632492525317,1.0730544223308014,0.6555476845978402
1,6.783632492525317,1.0730544223308014,0.6555476845978402
1,6.783632492525317,1.0730544223308014,0.6555476845978402
1,6.495847220774588,1.3724618253804244,0.7809872044859109
1,6.991624103934174,1.8349266103743183,0.675450784224367
1,5.549948227670015,1.361928293204541,0.6673284799762996
1,7.811984739999556,2.0288699967349775,0.7737202101686578
1,10.600907276963435,2.1158903521089147,0.6988910372280708
1,10.600907276963435,2.1158903521089147,0.6988910372280708
1,10.600907276963435,2.1158903521089147,0.6988910372280708
1,5.71835908058258,0.7099801490403818,0.7251186934882157
1,5.71835908058258,0.7099801490403818,0.7251186934882157
1,7.534312885328103,0.7336537467648341,0.7393513467320593
1,7.534312885328103,0.7336537467648341,0.7393513467320593
1,8.542371081765575,1.3407267866593684,0.7518676017173443
1,9.30785582170573,1.7350668130926614,0.7327193153754218
1,6.53174850755869,1.7190045749271046,0.7749071369607115
1,8.330692109034679,2.4986447790184054,0.7047980892224972
1,7.445474392771312,1.2050354802214795,0.7390510437048107
1,4.911658152036102,1.001478674220817,0.7065620848694042
1,6.188150646780481,0.8188380924799177,0.7021806395370908
1,5.267714972163581,0.8106650078112186,0.7428810380990556
1,5.525870935562788,0.5684507765081946,0.7200688047030281
1,5.525870935562788,0.5684507765081946,0.7200688047030281
1,6.4058582960251345,0.5967181263527127,0.762966936254814
1,5.526232936446349,0.6305707535571772,0.8094419276643254
1,5.057268111064488,0.8684924600610491,0.7845842459942385
1,4.731594332954683,1.012923211560176,0.710788753012892
1,9.01971445183772,0.933432718935628,0.7354319033708072
1,6.3203845042452915,1.0838453574365214,0.7845319731553362
1,5.023183019391212,0.8537998276393559,0.711214053479697
1,5.059256050753562,0.8138221333652135,0.7585252909270703
1,6.459569142736354,0.8454019447058838,0.714890717476739
1,6.802409215586826,1.4306498787928181,0.7506161651587265
1,7.894834423960359,2.107377486599707,0.7457764725448459
1,7.894834423960359,2.107377486599707,0.7457764725448459
1,7.894834423960359,2.107377486599707,0.7457764725448459
1,6.6704582387414035,1.346640911066756,0.6766278688716353
1,6.919052841957737,1.457509108500145,0.6753245141356666
1,6.919052841957737,1.457509108500145,0.6753245141356666
1,6.919052841957737,1.457509108500145,0.6753245141356666
1,6.919052841957737,1.457509108500145,0.6753245141356666
1,6.919052841957737,1.457509108500145,0.6753245141356666
1,6.919052841957737,1.457509108500145,0.6753245141356666
1,6.919052841957737,1.457509108500145,0.6753245141356666
1,6.919052841957737,1.457509108500145,0.6753245141356666
1,6.919052841957737,1.457509108500145,0.6753245141356666
1,6.919052841957737,1.457509108500145,0.6753245141356666
1,6.540743768081795,1.1946004904350838,0.7047491356425367
1,6.687030267106916,1.1827127979944903,0.7514547597991054
1,6.781275073097298,0.7973069376194821,0.7288176581764678
1,7.284356249549019,1.5121039559924023,0.7395577412137665
1,7.284356249549019,1.5121039559924023,0.7395577412137665
1,8.640887775634916,1.6976666929665758,0.720223036789002
1,6.870753705862809,0.9713958571301118,0.705769110312976
1,8.35172471808001,1.0167556974141019,0.6849888018267359
1,7.2295503844131295,0.7860055759611349,0.7394570635943741
1,7.314333038590225,1.160184359925883,0.6661214801682757
1,6.947823568738808,1.1389024885784176,0.727662504325877
1,5.495993337784451,0.9047659565611093,0.7712290059973579
1,7.312785009526929,1.4436884720264782,0.7366555495289232
1,6.104226601674311,0.8828043118875603,0.6791879149282797
1,7.57777853556694,2.97638506302141,0.7445834476483815
1,6.730078060635319,1.852634061035806,0.7600009243966032
1,7.47907876081584,1.8926214896990297,0.7078424789131289
1,7.47907876081584,1.8926214896990297,0.7078424789131289
1,7.47907876081584,1.8926214896990297,0.7078424789131289
1,6.085254705493953,1.394198202696038,0.7104303091599835
1,6.085254705493953,1.394198202696038,0.7104303091599835
1,9.134401765141844,2.235586149172943,0.702680194547903
1,6.753926087575145,1.6948542289620336,0.7000534627029494
1,7.728802721962635,1.8756256350256464,0.6703916580122455
1,7.591997334785305,1.6479019215498014,0.8000260261954997
1,7.591997334785305,1.6479019215498014,0.8000260261954997
1,5.550537283613753,1.0487630617888013,0.7525684183047585
1,6.742026251149435,1.227003717202236,0.6979809479434744
1,5.9593424555686,1.3028456197241058,0.7266715206398827
1,6.4662873083384245,1.6074020432250091,0.750235110064109
1,8.620984497411229,1.1498781600933414,0.7072715162438663
1,7.403576470284347,1.9166794923342325,0.7412207600897731
1,6.890626299131551,1.4455253100653058,0.7346825718237907
1,6.7122391598650655,1.1952321708158808,0.6629379511582169
1,6.7122391598650655,1.1952321708158808,0.6629379511582169
1,6.7122391598650655,1.1952321708158808,0.6629379511582169
1,7.158565052585738,1.214702723346334,0.7157722047387072
1,7.463092833691548,1.518774738055815,0.8315954995087241
1,6.945565196318195,1.5286327543789489,0.7675295920051696
1,6.945565196318195,1.5286327543789489,0.7675295920051696
1,8.223897896093469,2.5947533054795695,0.7090729782136032
1,7.845833697777011,1.499187406492267,0.7990646598865389
1,5.946054536845022,0.9892857013302547,0.6772603807459954
1,5.946054536845022,0.9892857013302547,0.6772603807459954
1,6.5788394515248605,0.7790039900794985,0.7772179266844698
1,7.921425841226976,1.4597022604490428,0.7702430613214961
1,6.5462105477345425,0.8933069592309604,0.7414707631285942
1,7.171739448109153,0.9105715336333848,0.6892607979276341
1,7.794332285533824,1.4292857844107487,0.6560187513227793
1,7.712040350572049,1.2115527928214336,0.7071072012220342
1,8.43595247159712,0.9713821075199096,0.6970381773476569
1,6.8795278874838335,1.9877120237160097,0.6945008604275741
1,6.1614423280909145,1.122527970069417,0.7185452539292849
1,6.756315696983264,1.1874838635258698,0.7311669728831075
1,6.756315696983264,1.1874838635258698,0.7311669728831075
1,6.756315696983264,1.1874838635258698,0.7311669728831075
1,6.7461829274233915,0.9820740028698638,0.7783072469542122
1,6.214601150538072,1.1226385048061194,0.6590173750242998
1,6.214601150538072,1.1226385048061194,0.6590173750242998
1,6.214601150538072,1.1226385048061194,0.6590173750242998
1,5.31213144431159,1.0103089270833956,0.6691923035814231
1,7.273894407021162,0.8561143358611851,0.7061428798397285
1,7.273894407021162,0.8561143358611851,0.7061428798397285
1,7.273894407021162,0.8561143358611851,0.7061428798397285
1,6.406079994383091,0.6540847181325018,0.6596009512653394
1,6.406079994383091,0.6540847181325018,0.6596009512653394
1,6.764976568131091,1.0365664436025717,0.6820856133463955
1,6.764976568131091,1.0365664436025717,0.6820856133463955
1,8.145051146090971,2.1249852484818934,0.681287919437273
1,7.296192209713414,2.1613030610878443,0.703300513566444
1,7.240576000312514,1.9556042369475652,0.7433383170661808
1,7.575275485850996,2.123181005624674,0.6775057159428326
1,7.575275485850996,2.123181005624674,0.6775057159428326
1,7.861269380920304,1.749116375280353,0.7293030585008182
1,8.015348281782629,1.038216352830164,0.7410973342066407
1,8.765764904676526,1.0969310147021787,0.6941644658097486
1,5.795008391372933,1.1483955199998546,0.670765406115975
1,5.795008391372933,1.1483955199998546,0.670765406115975
1,6.426221446768835,1.1620679060886636,0.7228420206624765
1,9.154828262480809,1.1990659486909168,0.739417113990946
1,6.494825138819557,0.8015292069350703,0.7552200288992063
1,6.881529380599549,1.0386758563857446,0.7350207483375428
1,7.908733584724247,1.8913455642471546,0.7975144592978509
1,6.819004033348923,1.4384208835524608,0.7323357138418608
1,6.819004033348923,1.4384208835524608,0.7323357138418608
1,7.879360862256674,1.9549270976796433,0.6700438373686458
1,9.425660310754415,1.8783079450707192,0.6810059470828662
1,9.425660310754415,1.8783079450707192,0.6810059470828662
1,7.293627913343112,1.9056147134257242,0.6651793407124167
1,8.758346839985052,1.9624968599603165,0.6614251705662474
1,8.060349426806845,1.4710027346530947,0.6857784597563001
1,7.631873980398671,1.328810778700744,0.6866762771890982
1,5.539610626288397,0.7918612372655695,0.7290073137739945
1,6.3227145487848,0.9174043960530123,0.7296766396004413
1,7.633337453587421,1.0441081368821368,0.7834771314411515
1,7.286721543889435,1.1978628326783136,0.7809985211452056
1,5.930885013160274,0.9410841110904986,0.7033385063775378
1,6.144789771726854,1.7421776735583423,0.7280019177972239
1,6.155104991382125,1.7211331705209054,0.727852904766934
1,8.416917092365516,2.320439324881195,0.7029255030967062
1,6.787054406248767,1.6416671811485115,0.6503778438916185
1,8.46626343497783,1.4837359088653295,0.7091897461763287
1,8.46626343497783,1.4837359088653295,0.7091897461763287
1,7.105974339857914,1.2813135252338221,0.7277542704973822
1,7.81999558171791,1.5134659095159229,0.7024748495884063
1,8.98166635221757,1.960147359134604,0.7334012396145666
1,8.98166635221757,1.960147359134604,0.7334012396145666
1,8.98166635221757,1.960147359134604,0.7334012396145666
1,7.143702245653481,1.5012555293009542,0.6915400410201884
1,7.143702245653481,1.5012555293009542,0.6915400410201884
1,7.143702245653481,1.5012555293009542,0.6915400410201884
1,7.143702245653481,1.5012555293009542,0.6915400410201884
1,7.916455314091767,1.7265463968009322,0.676512510776169
1,7.532596668220838,1.3804554134977867,0.7504074656180159
1,6.783315087162519,1.2407086415905972,0.7810791017983982
1,6.702993103384733,1.3817661925736937,0.6567758193311325
1,6.702993103384733,1.3817661925736937,0.6567758193311325
1,8.341022998721375,1.5120831356978492,0.6330724107477606
1,4.942044272659762,1.4792617986018388,0.765079386350663
1,4.942044272659762,1.4792617986018388,0.765079386350663
1,4.942044272659762,1.4792617986018388,0.765079386350663
1,4.942044272659762,1.4792617986018388,0.765079386350663
1,5.578841786233471,0.6342913307174036,0.757659819453244
1,5.578841786233471,0.6342913307174036,0.757659819453244
1,6.584010929704187,0.5568106747331887,0.7705228090846096
1,5.998591872815292,0.5366300418189788,0.7456365645877842
1,5.7955537677653375,0.6285979475737675,0.6906854029266335
1,4.69787036878609,0.6213977757894369,0.7441428186554878
1,6.138659552697885,0.5688298555073142,0.7622555153972489
1,5.764768097835788,0.5603782167412169,0.617516272884268
1,5.101895749728917,0.7367394041514372,0.7651257844957874
1,6.095660874926034,1.0239213724662966,0.7292479181958387
1,4.748070459110009,0.9765581328106117,0.7604665553730791
1,5.846582087225781,0.9212977447667787,0.8004729161322308
1,6.309775461057334,1.274018778509311,0.6506495390915715
1,8.784979520005813,1.168026414093224,0.6983748202758687
1,8.784979520005813,1.168026414093224,0.6983748202758687
1,8.359676468953479,1.4897658097200945,0.6654957731784141
1,8.647248135681318,2.574152656997666,0.6407452833633838
1,6.602987403343226,1.4286364313008755,0.6871571447552807
1,7.092674618856748,1.456563755230596,0.6914589663588218
1,7.092674618856748,1.456563755230596,0.6914589663588218
1,7.092674618856748,1.456563755230596,0.6914589663588218
1,7.211816323406657,2.043645438936128,0.7052480530470816
1,7.211816323406657,2.043645438936128,0.7052480530470816
1,4.775143793088803,0.8145299211642245,0.7608470736983256
1,4.5806235524520496,0.8879472819314713,0.7302789001730228
1,5.295812262398508,0.7103431899368715,0.7173715986611827
1,5.295812262398508,0.7103431899368715,0.7173715986611827
1,5.295812262398508,0.7103431899368715,0.7173715986611827
1,6.389314313754169,0.7722607266944421,0.693898710303473
1,6.84357451921069,1.3209774000722159,0.7403325282815958
1,6.84357451921069,1.3209774000722159,0.7403325282815958
1,6.665719823090688,1.4144561491522571,0.740140214025227
1,6.665719823090688,1.4144561491522571,0.740140214025227
1,6.665719823090688,1.4144561491522571,0.740140214025227
1,6.966837968793047,1.4601621557060918,0.7044325643913197
1,5.672427104127782,1.3640671273154386,0.7383630464988266
1,5.672427104127782,1.3640671273154386,0.7383630464988266
1,8.109865248688877,1.4038782132149221,0.6400259205281333
1,6.935544563551744,0.9703276433682599,0.7351953975120619
1,6.935544563551744,0.9703276433682599,0.7351953975120619
1,6.218221313492498,0.9910446060451454,0.7102591160741215
1,7.05459787710172,1.1478977282131093,0.7374617443661966
1,7.968935780545357,1.1593460543998317,0.6970949015194849
1,6.022967616741695,1.476354462369383,0.7218740695954667
1,7.385324434563972,1.066809951298247,0.6933192321295961
1,6.5088637441526425,1.7360087311230967,0.7212901010992461
1,6.5088637441526425,1.7360087311230967,0.7212901010992461
1,7.614283928792443,1.2813736933767146,0.745220228513959
1,7.614283928792443,1.2813736933767146,0.745220228513959
1,7.614283928792443,1.2813736933767146,0.745220228513959
1,7.614283928792443,1.2813736933767146,0.745220228513959
1,8.861725613799774,2.22801252295719,0.7275372665609259
1,8.861725613799774,2.22801252295719,0.7275372665609259
1,8.861725613799774,2.22801252295719,0.7275372665609259
1,8.861725613799774,2.22801252295719,0.7275372665609259
1,9.723535058354548,1.682466951662274,0.6712486982419452
1,9.723535058354548,1.682466951662274,0.6712486982419452
1,9.723535058354548,1.682466951662274,0.6712486982419452
1,9.723535058354548,1.682466951662274,0.6712486982419452
1,9.390959730454838,1.4665541833239386,0.6822800660286965
1,6.512485992319369,1.2011442642031835,0.6888330723387254
1,7.283032068794598,1.3360796030869713,0.7031735021361872
1,8.034101056116715,0.9701948429998889,0.6777171015337077
1,6.886710851175409,0.8252887467940047,0.6776974225815294
1,6.886710851175409,0.8252887467940047,0.6776974225815294
1,5.842800177968043,0.7483069635717975,0.7410974499774697
1,5.842800177968043,0.7483069635717975,0.7410974499774697
1,7.1331433028848945,1.1861977655793032,0.6954637873421817
1,7.1331433028848945,1.1861977655793032,0.6954637873421817
1,7.303144687253944,1.0763389760954594,0.6580772299187592
1,7.303144687253944,1.0763389760954594,0.6580772299187592
1,7.303144687253944,1.0763389760954594,0.6580772299187592
1,8.27584353134247,1.1917035777397889,0.7032650430145435
1,5.850744946257375,1.2695645943713592,0.690853518982372
1,5.452975812544929,0.7469697627857586,0.8129648738378857
1,5.637535227833793,0.7839367883991613,0.7729905192991045
1,7.610312411649532,1.6421033637872038,0.7316747500363922
1,7.649576959731104,1.0891241367361983,0.6891656186134674
1,6.208111113676063,1.0813476123010353,0.7167160196850257
1,6.946835566451504,1.516961836738404,0.6753722041567577
1,8.380516453812664,2.4437833537668183,0.7014080635807384
1,8.380516453812664,2.4437833537668183,0.7014080635807384
1,9.291034383836866,3.038027478712168,0.7136771436879954
1,9.552347361402441,2.6707623825546944,0.731729666991074
1,7.313163520337211,2.5889486951732383,0.776724093225038
1,9.040607295913764,1.983818163594081,0.7432345543576326
1,7.39043806126283,1.8037571090814726,0.6601722112021035
1,7.295653807503457,1.3868350278751245,0.7290976050693846
1,6.16174107515802,1.235598421789301,0.7226224456827427
1,7.256260779606002,1.0652919567861245,0.6738436784940969
1,5.656652392022385,0.8325685392441319,0.8003970063366221
1,6.18810872414567,1.0766621002025416,0.692777001529312
1,6.18810872414567,1.0766621002025416,0.692777001529312
1,5.673937767871257,1.0816368839159298,0.6648769652513212
1,7.905309380821957,1.571778234663461,0.6917627038514739
1,7.905309380821957,1.571778234663461,0.6917627038514739
1,7.905309380821957,1.571778234663461,0.6917627038514739
1,7.905309380821957,1.571778234663461,0.6917627038514739
1,7.905309380821957,1.571778234663461,0.6917627038514739
1,7.905309380821957,1.571778234663461,0.6917627038514739
1,7.905309380821957,1.571778234663461,0.6917627038514739
1,7.905309380821957,1.571778234663461,0.6917627038514739
1,8.537288628073837,1.3369477394907752,0.7062560164953912
1,6.983920432852093,1.0425951781693454,0.6676648999397837
1,8.198088290015647,1.8200219362210994,0.686046725808854
1,8.198088290015647,1.8200219362210994,0.686046725808854
1,8.198088290015647,1.8200219362210994,0.686046725808854
1,8.198088290015647,1.8200219362210994,0.686046725808854
1,8.198088290015647,1.8200219362210994,0.686046725808854
1,6.069631623238299,1.248750361575683,0.7577839057915103
1,7.3913123914693415,2.226695853511629,0.6897514519491557
1,7.344464763157912,1.5881907618807585,0.6629576927480778
1,7.344464763157912,1.5881907618807585,0.6629576927480778
1,7.344464763157912,1.5881907618807585,0.6629576927480778
1,8.17718721424059,1.946138124330754,0.6486515168245157
1,8.17718721424059,1.946138124330754,0.6486515168245157
1,6.166595652837164,1.0845834281575493,0.7042363981870028
1,6.6817040604989755,0.7347885130041106,0.6713335947967333
1,6.6817040604989755,0.7347885130041106,0.6713335947967333
1,7.948151788122975,0.9065559912669985,0.7070146014594331
1,7.948151788122975,0.9065559912669985,0.7070146014594331
1,6.898719565220547,0.6389198290661101,0.8094292029051962
1,7.09577399960784,1.7011480027534978,0.5793983181218723
1,7.09577399960784,1.7011480027534978,0.5793983181218723
1,8.238993163026025,2.0427156033643854,0.6035652572030388
1,7.4541988230879666,0.9167846151832726,0.6714301787287847
1,6.555052773934057,0.7801732894275577,0.7287288599593146
1,6.555052773934057,0.7801732894275577,0.7287288599593146
1,9.587927960610259,1.982382706252758,0.7003944679728134
1,9.587927960610259,1.982382706252758,0.7003944679728134
1,9.587927960610259,1.982382706252758,0.7003944679728134
1,8.562063606781923,1.640379007244768,0.7337547046596037
1,8.600043988494956,1.4474129690938558,0.6800427141849817
1,6.921367381605955,2.5649429428265718,0.6091536081043867
1,7.277401610539591,2.1202357466634303,0.7565447653752957
1,8.694279158386948,1.6005475365884299,0.7901916654524694
1,7.013622474500901,0.9618429078990439,0.8352261590527729
1,7.102733588921229,0.8377191283697198,0.8194191159857787
1,6.512687640850629,0.8937077519029424,0.6923414749543186
1,5.051100895376192,0.7847633407150871,0.7150229053573327
1,8.109486414574887,1.5972917956084784,0.6548956988619742
1,8.109486414574887,1.5972917956084784,0.6548956988619742
1,8.109486414574887,1.5972917956084784,0.6548956988619742
1,8.109486414574887,1.5972917956084784,0.6548956988619742
1,8.109486414574887,1.5972917956084784,0.6548956988619742
1,8.109486414574887,1.5972917956084784,0.6548956988619742
1,8.029377549257918,1.6095200590686831,0.7482459278408686
1,6.6257116152199655,0.6673874163821987,0.6815080352610252
1,6.6257116152199655,0.6673874163821987,0.6815080352610252
1,5.866590676057332,0.7248588293936373,0.7078197025346358
1,6.260458664798372,1.0997478055745775,0.7207046187362889
1,5.837259887278375,1.3640044341879087,0.7313430457720329
1,6.504738988051872,1.80866312209735,0.7558675813784714
1,7.703659390700275,1.7460339358960135,0.6982373825288909
1,7.703659390700275,1.7460339358960135,0.6982373825288909
1,7.703659390700275,1.7460339358960135,0.6982373825288909
1,7.703659390700275,1.7460339358960135,0.6982373825288909
1,7.703659390700275,1.7460339358960135,0.6982373825288909
1,7.599095809674763,1.2821551853564883,0.6856735691385015
1,7.599095809674763,1.2821551853564883,0.6856735691385015
1,6.596444749314868,0.8892212399590504,0.7404225578771095
1,6.772539834369083,2.452168120497184,0.7839103305904545
1,10.035472695260593,1.7764923675896722,0.738880653495048
1,10.035472695260593,1.7764923675896722,0.738880653495048
1,10.035472695260593,1.7764923675896722,0.738880653495048
1,10.035472695260593,1.7764923675896722,0.738880653495048
1,7.141396993286179,1.005940967550473,0.7746886561768764
1,7.665546419309477,1.7528540808535826,0.6816137700954972
1,7.665546419309477,1.7528540808535826,0.6816137700954972
1,8.496808329901636,1.2656252396391632,0.7394502780530894
1,8.496808329901636,1.2656252396391632,0.7394502780530894
1,8.655379349283146,1.1893985382051124,0.756172167589497
1,8.099123941490292,2.620920136407991,0.8135139235178118
1,8.099123941490292,2.620920136407991,0.8135139235178118
1,8.036030915462067,2.111648795489752,0.7432199364263561
1,9.599429616828045,1.7628214505302247,0.644682981846976
1,7.77531876902263,1.2905011407969837,0.6833666387261669
1,6.586171608556795,1.2505019086802005,0.6397404763704727
1,7.25162140649386,1.7435465610835827,0.7027654195185759
1,6.3378857110751134,1.1349737851355055,0.7369202550888703
1,6.83809669147504,0.6426756419364139,0.7411273479172454
1,6.93217106998594,0.7946706512908344,0.7967037710367223
1,5.4714840500317505,0.8291159356204569,0.7124757756605641
1,7.47396854009296,1.6070872205026103,0.771187251183551
1,7.408408517071509,1.0878184539043239,0.7757641007869722
1,7.408408517071509,1.0878184539043239,0.7757641007869722
1,6.977447670178818,0.6909496943658718,0.6614326183197147
1,9.184948377351336,1.0846468895723662,0.624651295641571
1,8.13779774378178,0.9905963097489133,0.6407361847208888
1,7.743701582847363,1.0779213097842415,0.7002533515092654
1,7.52565100119489,0.8736601035543397,0.7039216196741297
1,7.6981830484127025,1.7977959474687502,0.647832553077426
1,7.6981830484127025,1.7977959474687502,0.647832553077426
1,8.36049576928718,1.714965734021439,0.6895254557213787
1,7.9150246640822335,2.304155620454818,0.7488078757523673
1,7.2252539917639504,1.6542231425421683,0.6896004367672429
1,7.2252539917639504,1.6542231425421683,0.6896004367672429
1,7.2252539917639504,1.6542231425421683,0.6896004367672429
1,9.002371449505013,1.631357029830049,0.6984634597583032
1,9.002371449505013,1.631357029830049,0.6984634597583032
1,7.1245121601387815,1.1241211222375735,0.6980836011887989
1,7.1245121601387815,1.1241211222375735,0.6980836011887989
1,8.233760350989247,1.7760507428587335,0.6989455457455156
1,8.233760350989247,1.7760507428587335,0.6989455457455156
1,8.233760350989247,1.7760507428587335,0.6989455457455156
1,5.601674034870755,1.2595361464693462,0.7464703543410067
1,8.04056652600141,2.3121925393978735,0.8108917847286954
1,6.852474571868049,2.2681822462341543,0.7942525748482646
1,6.852474571868049,2.2681822462341543,0.7942525748482646
1,7.005795975222472,1.7405979402706522,0.7065138288843824
1,8.00822166029328,1.5045493818009599,0.6478478767443167
1,6.07536921038151,1.1567142262111247,0.7125377350198963
1,6.07536921038151,1.1567142262111247,0.7125377350198963
1,5.612377936666012,0.9437312299192833,0.6917945053526464
1,5.817490606655304,0.9775398517833029,0.6800431503781192
1,5.817490606655304,0.9775398517833029,0.6800431503781192
1,5.817490606655304,0.9775398517833029,0.6800431503781192
1,6.72281290370387,1.2676504543751923,0.6869882425013534
1,7.084577708549645,1.7866320330971168,0.6885903730252882
1,7.084577708549645,1.7866320330971168,0.6885903730252882
1,8.057596391294975,1.381100987547162,0.759620152974292
1,8.057596391294975,1.381100987547162,0.759620152974292
1,8.057596391294975,1.381100987547162,0.759620152974292
1,6.02114515800383,0.9438674381800336,0.7093471501061094
1,5.497004275667305,0.8649501149207379,0.7006456733589266
1,5.759037843297558,0.6808199543282525,0.7259447929593196
1,6.648977051033738,0.8343671430539836,0.6743107297946886
1,7.760863933326896,1.0957596896893778,0.7221699739958746
1,7.760863933326896,1.0957596896893778,0.7221699739958746
1,7.760863933326896,1.0957596896893778,0.7221699739958746
1,5.658768730203405,1.2524651796509925,0.6426625109836039
1,6.624986013405632,1.1486657749577707,0.706960556059979
1,7.108089174771543,1.3552479884756012,0.7304941305411803
1,7.108089174771543,1.3552479884756012,0.7304941305411803
1,5.987084769817478,1.2960070624939641,0.740129528408954
1,4.795988530378647,1.2921508830833883,0.7763366672341887
1,4.795988530378647,1.2921508830833883,0.7763366672341887
1,8.473881521694558,2.086542560344065,0.7801606215812459
1,8.577133296643607,2.0420078761000555,0.6853489009253202
1,8.902046775900992,1.0866380203739876,0.6963589344611657
1,6.721304641548312,1.5553488444068313,0.6848297597725249
1,7.430893968546663,1.4397159163558877,0.7272147492847582
1,7.430893968546663,1.4397159163558877,0.7272147492847582
1,7.430893968546663,1.4397159163558877,0.7272147492847582
1,6.105138967983872,1.1382492076012865,0.6836772416700309
1,7.299117600682336,1.2865397942994323,0.6783974239737598
1,7.1877356625397955,1.1998369816081746,0.6931218680223326
1,7.1877356625397955,1.1998369816081746,0.6931218680223326
1,10.2307551510106,2.0367836114239815,0.8562017880270979
1,10.2307551510106,2.0367836114239815,0.8562017880270979
1,10.356125333149802,2.3562944631806007,0.8571962289561933
1,7.833565503643954,1.7911226291679907,0.7717036674287931
1,6.983088555519365,0.9409798790034347,0.7686914040663593
1,6.72675273767473,1.3698256910007238,0.766204830316901
1,6.72675273767473,1.3698256910007238,0.766204830316901
1,6.758145565324503,1.790525901681932,0.7269596428764772
1,9.700548402938539,2.0924104979845533,0.7021599378316352
1,9.496236167095704,2.3705383625001035,0.6406819523572682
1,8.320409168762865,1.317371981476523,0.6831674441554074
1,6.860556753443429,1.0155665531849505,0.7604998921484182
1,6.860556753443429,1.0155665531849505,0.7604998921484182
1,6.860556753443429,1.0155665531849505,0.7604998921484182
1,5.666391983130298,1.078977927172338,0.6997244921955402
1,6.426184909349143,0.7139612868338603,0.8540532246825074
1,9.821488018177702,3.0097250506594118,0.6506292941628284
1,9.821488018177702,3.0097250506594118,0.6506292941628284
1,9.941851141841159,3.343582153832519,0.7327547064149512
1,5.804416121306189,2.249714328239322,0.7097493604336522
1,11.328553177208107,2.2694645180653463,0.7900727026021889
1,10.996180026087337,2.4806750248691483,0.7728141896755658
1,10.996180026087337,2.4806750248691483,0.7728141896755658
1,9.80560185443176,2.062022402578796,0.6636326447761197
1,10.218549525656476,2.619827437430045,0.62225530358358
1,10.218549525656476,2.619827437430045,0.62225530358358
1,7.69686825103684,1.1540297449611874,0.6760922728866549
1,8.473453572014082,2.150306310413014,0.6353502092586386
1,7.330275742995071,1.7277429838162637,0.723402454334377
1,7.330275742995071,1.7277429838162637,0.723402454334377
1,7.418311748853385,1.1793835557246735,0.6470991552279913
1,8.106825776217068,2.374035302970595,0.7113720265956723
1,8.397217736956193,2.429808937411006,0.6791247321573465
1,6.107716869534978,0.7446711591201617,0.7346377037305091
1,6.238141985228437,0.7257213819893132,0.684486971917385
1,6.2388347759121086,0.7305480406384484,0.6713256756870596
1,5.50867026537092,0.8456705811730117,0.7082460767436697
1,5.50867026537092,0.8456705811730117,0.7082460767436697
1,7.820089750001724,1.5442270360509356,0.6415470326617442
1,7.820089750001724,1.5442270360509356,0.6415470326617442
1,7.820089750001724,1.5442270360509356,0.6415470326617442
1,5.428080179415921,0.8943667979808863,0.7630114558171098
1,6.850876048138407,1.4555710871664578,0.6519728387433419
1,6.850876048138407,1.4555710871664578,0.6519728387433419
1,5.885088247227776,1.3504346438611456,0.6361124504546377
1,6.116009685929307,1.5164550608956624,0.6460194376324796
1,7.350641225280539,2.8683127974837346,0.7059976808396814
1,7.350641225280539,2.8683127974837346,0.7059976808396814
1,7.348566904132905,2.4342828338260176,0.8113494920684382
1,9.262243507005028,1.3454687157554441,0.7108634756937457
1,9.262243507005028,1.3454687157554441,0.7108634756937457
1,5.4203433824236145,0.755515597858454,0.7940676241306849
1,7.080640205273693,1.1229520608361783,0.7143723653201807
1,5.958789320312118,1.0288868744705453,0.7155240136508522
1,5.958789320312118,1.0288868744705453,0.7155240136508522
1,5.958789320312118,1.0288868744705453,0.7155240136508522
1,5.958789320312118,1.0288868744705453,0.7155240136508522
1,5.958789320312118,1.0288868744705453,0.7155240136508522
1,5.958789320312118,1.0288868744705453,0.7155240136508522
1,7.923640127271434,1.827902640333185,0.7635207324530159
1,7.923640127271434,1.827902640333185,0.7635207324530159
1,7.923640127271434,1.827902640333185,0.7635207324530159
1,7.923640127271434,1.827902640333185,0.7635207324530159
1,7.871384090630995,2.0141806224085754,0.6993515219429217
1,7.871384090630995,2.0141806224085754,0.6993515219429217
1,7.660108722492596,2.0835836745587772,0.7021333990329114
1,7.78197422912963,2.27956851680859,0.6918385583956311
1,7.78197422912963,2.27956851680859,0.6918385583956311
1,7.78197422912963,2.27956851680859,0.6918385583956311
1,7.388474928889269,1.243189765118728,0.7486880300205679
1,7.7014754977340845,2.4896118898661967,0.7143903110551815
1,7.7014754977340845,2.4896118898661967,0.7143903110551815
1,8.297176174065989,1.034675478263116,0.7179485137988737
1,8.108537237236888,2.04661816511881,0.7804684766266194
1,5.684371243127287,1.6728449610598581,0.7310631381638099
1,8.70971401624012,1.0103685365305024,0.6642083576039017
1,6.679415543013714,0.8383088286368514,0.7163330818218808
1,6.679415543013714,0.8383088286368514,0.7163330818218808
1,6.679415543013714,0.8383088286368514,0.7163330818218808
1,6.682266548487598,0.7476272629224816,0.7126024417451663
1,6.626229618290923,1.5335567865578672,0.6780697292549456
1,6.886165348654481,0.9001380003749895,0.6476455070655823
1,6.886165348654481,0.9001380003749895,0.6476455070655823
1,7.552476660949932,1.9156147882893886,0.6660634640650321
1,7.808235362444139,1.550392445847128,0.7658542616256983
1,6.568026043235453,1.43681085253652,0.7042997669226023
1,8.38264190001563,1.1317536509437702,0.7155857227362047
1,8.38264190001563,1.1317536509437702,0.7155857227362047
1,10.072315063968215,1.9511108345345043,0.6805960977377803
1,8.77570017671932,1.796260086306149,0.7178294958475334
1,7.857859899403088,1.311341322210577,0.7660200481008641
1,6.530939117569205,1.3421559122548343,0.8246242356002188
1,7.248878836061331,1.0772133122460614,0.7629844986337792
1,6.41818119083515,1.2004119606565005,0.6868067268488018
1,6.418744846146733,0.8979887226599984,0.72543716359798
1,6.418744846146733,0.8979887226599984,0.72543716359798
1,6.418744846146733,0.8979887226599984,0.72543716359798
1,6.418744846146733,0.8979887226599984,0.72543716359798
1,6.418744846146733,0.8979887226599984,0.72543716359798
1,6.063435060007209,0.8724122448022211,0.7326007018780637
1,8.940513886147942,0.9965984286455227,0.645716923360514
1,7.195267132577187,1.1286834989676517,0.741767483872746
1,6.554607356699145,1.0733967945607938,0.7046516031662817
1,7.149486329256997,1.861271908479128,0.7289040133741781
1,7.799158027162245,1.7737468347705994,0.7028368765051666
1,7.47750715321273,1.3784474207059674,0.669862437616986
1,7.47750715321273,1.3784474207059674,0.669862437616986
1,7.47750715321273,1.3784474207059674,0.669862437616986
1,6.440575915573183,0.7712017892530174,0.7588610381888722
1,7.3273660367547455,0.9539223714215133,0.7440022106283511
1,5.513909043823111,0.799284758410336,0.6626923820484216
1,5.513909043823111,0.799284758410336,0.6626923820484216
1,6.660196425684859,0.7016474495447886,0.7187032671589374
1,6.660196425684859,0.7016474495447886,0.7187032671589374
1,6.660196425684859,0.7016474495447886,0.7187032671589374
1,6.366583858499754,1.6308103205361966,0.6652015520939458
1,6.8790933344224845,1.0551838201536858,0.7018561776344073
1,7.851904519817561,2.129381469060827,0.6199713674502807
1,5.423853223688506,1.1519048916790702,0.6446292077299509
1,8.70255289825839,1.0328461025687947,0.6729460159072638
1,6.721886159160094,0.7118309999068194,0.7797804548070256
1,9.199823170829262,1.339907817849343,0.7125480699999542
1,6.718367818401172,0.9756800689532925,0.7403191642909058
1,7.598669261175667,1.2189777994283457,0.760816898123314
1,7.703303477603943,1.657286525768243,0.7355576161242809
1,7.397404408095927,2.1998767330975957,0.7854348776289061
1,7.397404408095927,2.1998767330975957,0.7854348776289061
1,8.746068117714916,2.2869415997492712,0.6848730626475596
1,7.600958035233513,1.9997161641469685,0.6569893003067938
1,8.091288109821365,1.203936000151884,0.6329994687515177
1,7.130516814270285,0.7558264083219278,0.6606668712400878
1,7.130516814270285,0.7558264083219278,0.6606668712400878
1,5.2509063340779525,0.6198692748684659,0.6400739557763309
1,4.496069557678615,0.6182742359348207,0.6915000444756257
1,6.021411697053216,0.5430307071476762,0.6958039072930652
1,6.021411697053216,0.5430307071476762,0.6958039072930652
1,6.021411697053216,0.5430307071476762,0.6958039072930652
1,6.010126777441986,0.5274702257870248,0.7138461209658333
1,6.010126777441986,0.5274702257870248,0.7138461209658333
1,4.764549267910055,0.5586504624399833,0.6919320464745667
1,5.622456987292157,0.5181476197116315,0.7368780310104304
1,6.4763111396029664,0.5377817575277047,0.7745415415562151
1,7.583560164535953,0.5770141807356594,0.712762523445693
1,5.95846758406138,0.5399536265965191,0.6645187910861593
1,6.291358240181907,0.6491276963632432,0.6439601185724895
1,7.290476257012864,0.7005702143602359,0.6783225162393631
1,7.290476257012864,0.7005702143602359,0.6783225162393631
1,7.290476257012864,0.7005702143602359,0.6783225162393631
1,7.290476257012864,0.7005702143602359,0.6783225162393631
1,6.810236649581613,0.6233656806990945,0.6612436592657895
1,7.445515937793749,0.8129670537487895,0.6273485407890811
1,6.293514038904266,0.9174789782679911,0.6437735216498748
1,5.7093154489237605,0.9497607640201478,0.6735808274524655
1,6.7155506072291296,1.2388285534756067,0.7633686027471294
1,6.66872430475638,1.6419993277751042,0.7744272430261732
1,6.66872430475638,1.6419993277751042,0.7744272430261732
1,6.834768017489365,1.0663567506144433,0.6681965383952175
1,6.834768017489365,1.0663567506144433,0.6681965383952175
1,6.834768017489365,1.0663567506144433,0.6681965383952175
1,6.314520025777883,0.9301384006117596,0.6901911209209264
1,5.995503777991408,1.116221277588538,0.7097237126399003
1,8.093202123573207,1.8244721184838677,0.6818789783267163
1,5.643248467247427,0.9105513787402779,0.7273930408388367
1,7.734369226086185,1.5106332095568138,0.7100763842285329
1,6.441266102549089,1.3315528310732991,0.709613642407305
1,5.1861229917862115,0.923817483736985,0.7874030324875236
1,6.247785982579223,1.3185684470590688,0.7720495023264351
1,6.437743370947619,1.2170080234035778,0.7454416609372364
1,6.437743370947619,1.2170080234035778,0.7454416609372364
1,6.437743370947619,1.2170080234035778,0.7454416609372364
1,7.248141705111448,2.623189687995475,0.6748003426894625
1,6.158998989507392,1.6637857364389321,0.8045971433539206
1,7.414075307546216,2.357981880038432,0.7376147201243305
1,7.414075307546216,2.357981880038432,0.7376147201243305
1,6.918112893542841,1.9331050609600675,0.725131218382096
1,6.690752529148604,1.1517326177231824,0.7147752202097878
1,6.690752529148604,1.1517326177231824,0.7147752202097878
1,7.275895343127086,0.9952297427311507,0.7275744601387789
1,7.010178537255797,1.2698510301742991,0.7402528257459985
1,7.010178537255797,1.2698510301742991,0.7402528257459985
1,7.344804707987389,1.541068919731965,0.6810904932692291
1,7.125452155031136,2.09251423721045,0.7280720907514504
1,8.971644376961462,1.961326135735617,0.7664429572824468
1,8.52940768156066,1.7672286056626716,0.7504376188769064
1,7.176643517318322,1.7690122910995354,0.6510023893863198
1,7.251764068366292,1.5718066366101153,0.6520198786073091
1,5.627436027724816,1.143371054210499,0.722356519358024
1,5.627436027724816,1.143371054210499,0.722356519358024
1,7.480769953834691,1.7711194038937526,0.7014353985379012
1,8.181200058103746,1.4087297937790353,0.6490849002721957
1,8.181200058103746,1.4087297937790353,0.6490849002721957
1,9.74741435802355,1.8152552846946797,0.654120456113984
1,6.728577605651096,1.9061566808902963,0.7168118508556541
1,6.044074715113959,1.2762812882256833,0.7177970642380277
1,7.57650317968852,1.2042536557319077,0.6351904444896644
1,7.854887809864149,1.213414243087283,0.6901576114094901
1,7.228939125415701,0.8802549215110518,0.7107746240139317
1,5.666879642872195,0.9906847009667565,0.8019370807311981
1,7.973437978394537,1.351086380264067,0.7739332079256684
1,5.59390385075643,0.6649438394207389,0.7153582734919016
1,5.96553158901751,1.6036712142619973,0.7821140694950235
1,8.262425622391115,1.3367673416412684,0.6873605681423698
1,8.262425622391115,1.3367673416412684,0.6873605681423698
1,8.262425622391115,1.3367673416412684,0.6873605681423698
1,8.66812333727302,1.4079571282763488,0.6487130187737786
1,6.7345165663572395,1.0426541313283235,0.7529327407278956
1,7.333667645156237,1.3723479537139598,0.6936486454470759
1,7.2942370395542575,1.5422456308253387,0.6891020013650847
1,6.924513423569738,1.535913759085017,0.7531388484254501
1,8.598963357326205,1.8319119482581274,0.7563808059319398
1,8.598963357326205,1.8319119482581274,0.7563808059319398
1,7.329017949807866,1.9508047705252995,0.7086750031361236
1,9.11467633655887,1.853762340743831,0.7181402250367183
1,9.11467633655887,1.853762340743831,0.7181402250367183
1,8.757636006620302,2.498018134715655,0.6973416806137847
1,8.017150369709556,2.497176299627597,0.699522160363943
1,5.752062175439248,1.6518537664262716,0.7315086087543022
1,6.2210686401156705,1.0751627449096595,0.7704262598470578
1,6.473908356539347,1.2603695762470473,0.7497049974788156
1,7.291293553167708,1.271328487470781,0.6933206084036901
1,7.291293553167708,1.271328487470781,0.6933206084036901
1,8.444237940581418,1.5519158080393378,0.667462034613605
1,7.0447377780011715,1.4562498208972108,0.6643816735631205
1,7.0447377780011715,1.4562498208972108,0.6643816735631205
1,5.5566204045987355,0.9717943726399076,0.6396752811218979
1,6.975939149260768,2.086794436645932,0.709616874199908
1,5.902568952334005,1.2910655602931105,0.6913637274923127
1,5.902568952334005,1.2910655602931105,0.6913637274923127
1,7.120029970370945,1.6051283122733053,0.6666540803940949
1,8.480040516683594,1.9806687115075956,0.778704167974642
1,6.1154571705820615,1.2062534978765158,0.7057582717323891
1,7.499645940563736,1.9519479057561546,0.625379960680239
1,7.6108272795451475,1.51001569301228,0.7155151629956774
1,8.124941500763262,1.6760189289177982,0.7406955023332323
1,7.152126067932007,1.3024040702882798,0.7675218133058584
1,7.290966786099981,1.2837190521671535,0.7565462616321106
1,7.290966786099981,1.2837190521671535,0.7565462616321106
1,7.290966786099981,1.2837190521671535,0.7565462616321106
1,7.648361644936888,1.5444250077097093,0.6786220024935062
1,8.29091519806132,1.741644941745621,0.7325371940535936
1,8.29091519806132,1.741644941745621,0.7325371940535936
1,8.29091519806132,1.741644941745621,0.7325371940535936
1,6.723207119218834,0.9392150679394329,0.7294802476206091
1,6.075035741587406,1.169533973669152,0.7861931130039154
1,6.075035741587406,1.169533973669152,0.7861931130039154
1,6.717253855649618,1.2317740946893891,0.8343330491775345
1,7.399778563913701,1.0369778216642045,0.7990669464018251
1,7.872355128265817,0.795875679240154,0.7317807880368837
1,7.872355128265817,0.795875679240154,0.7317807880368837
1,9.937282693313227,1.6177735777243523,0.6347658949525895
1,9.937282693313227,1.6177735777243523,0.6347658949525895
1,8.149214207399329,1.7825098417198635,0.700058978060467
1,6.089256105681626,1.011443266664323,0.653031282723555
1,6.089256105681626,1.011443266664323,0.653031282723555
1,6.651550955428725,0.7907432739590279,0.7086783313737972
1,7.389089294928284,1.038514173163347,0.7403712080099858
1,7.5448773798158895,2.3169777873911075,0.6918190954886098
1,7.5448773798158895,2.3169777873911075,0.6918190954886098
1,6.964840318348775,1.8213831592300933,0.7873825412784464
1,7.815500210167716,0.9959719682328843,0.6303957676599098
1,6.566735759611535,1.6214473800971083,0.7029184367973429
1,6.595584949560647,0.8397736748419973,0.6902139000619191
1,6.452940792451919,0.6805293020020716,0.6843327024174933
1,6.775070518332046,0.7458221670107839,0.7371071849649672
1,7.033788898581815,1.7472820679697358,0.7442706089911484
1,6.951617805588145,1.0130551231707252,0.6856171449473341
1,7.43787300187923,1.5586726383690301,0.7393036894791544
1,7.43787300187923,1.5586726383690301,0.7393036894791544
1,7.43787300187923,1.5586726383690301,0.7393036894791544
1,8.011330355576813,1.5548276575402737,0.7113138560735862
1,7.896195578473395,1.7854925714376129,0.7285862583934326
1,8.021106665004838,2.2404925423851543,0.709689462413702
1,6.525385025374328,1.111397517088097,0.668719858681512
1,6.525385025374328,1.111397517088097,0.668719858681512
1,6.3007619916604,1.3183991299386344,0.6999775939650703
1,6.3007619916604,1.3183991299386344,0.6999775939650703
1,6.3007619916604,1.3183991299386344,0.6999775939650703
1,6.566026567680051,1.3127620368730801,0.674198529537729
1,6.566026567680051,1.3127620368730801,0.674198529537729
1,6.566026567680051,1.3127620368730801,0.674198529537729
1,8.546656931995855,1.6393211514900743,0.7550002559472779
1,9.090369770551671,2.7663076578860055,0.6573977739483632
1,7.57244162364617,1.0084540780406432,0.6937547769653215
1,7.57244162364617,1.0084540780406432,0.6937547769653215
1,7.57244162364617,1.0084540780406432,0.6937547769653215
1,9.709350354687784,1.5308074549944386,0.6880813641585527
1,7.109277081482427,1.3248314350353774,0.7063007965896979
1,7.109277081482427,1.3248314350353774,0.7063007965896979
1,7.109277081482427,1.3248314350353774,0.7063007965896979
1,7.109277081482427,1.3248314350353774,0.7063007965896979
1,7.109277081482427,1.3248314350353774,0.7063007965896979
1,7.109277081482427,1.3248314350353774,0.7063007965896979
1,6.215130771206699,1.162147792338966,0.6801233106033333
1,9.709778089798641,1.754566217393013,0.6058565567934511
1,9.799398029019125,1.1131432164209647,0.6879942450136468
1,6.21059655546877,1.0851070147609052,0.6906271320553928
1,6.771354563992138,1.234894022909299,0.7468860512273484
1,6.041784518335263,0.8115161317171813,0.7269584200950514
1,6.041784518335263,0.8115161317171813,0.7269584200950514
1,8.566336603147425,1.0229466894290007,0.6519420700415409
1,6.379414730508712,0.7388815789315237,0.6854130565858104
1,6.342024375193915,1.0354315729484478,0.6712107965828732
1,5.815803201737607,1.0825171018047393,0.7768248808344317
1,5.815803201737607,1.0825171018047393,0.7768248808344317
1,8.974157140652204,1.4318446370731857,0.6888360188072445
1,6.335863389080143,0.7691234139187788,0.6849851954563664
1,6.9444828587483025,0.9587870682645867,0.7456355741471512
1,6.552585899242155,0.9650088519324522,0.7729592948723704
1,6.751655093900351,1.6898666843237602,0.7355318999781796
1,9.978252043961195,2.5221628557773834,0.7225716091553264
1,9.978252043961195,2.5221628557773834,0.7225716091553264
1,9.978252043961195,2.5221628557773834,0.7225716091553264
1,9.978252043961195,2.5221628557773834,0.7225716091553264
1,9.042186995479943,1.354148128212766,0.7262901950716383
1,6.410498767243396,1.7450771866150299,0.660629155100797
1,8.080601694803153,1.6817945446333329,0.7394372816544105
1,8.080601694803153,1.6817945446333329,0.7394372816544105
1,6.319974141150065,1.1575314219379154,0.7033953855467042
1,5.541157860058704,1.1666062809697932,0.67365218755477
1,5.541157860058704,1.1666062809697932,0.67365218755477
1,5.224485083272052,0.8151311283065859,0.6452438065218064
1,6.352470964870065,1.5444188556035126,0.6756205950509431
1,7.188344815795781,1.1970825383286643,0.7349953465611285
1,7.7589576773544815,1.7891040129110944,0.7249330294803739
1,8.374215060524431,1.7675770808533546,0.6981591546404621
1,5.78773315661246,1.6452905353792378,0.6946965148962377
1,5.78773315661246,1.6452905353792378,0.6946965148962377
1,6.928598613755901,1.9164386169433103,0.786424205875713
1,7.530247423544958,1.894022090825218,0.6163204893645381
1,8.1783215896379,1.7098805829876638,0.6984923274193228
1,7.030241668788545,1.76907481949345,0.7111871083992983
1,7.34123440015067,1.9633054914935686,0.725844116742599
1,5.802719445873884,0.8928897179251627,0.711010224220647
1,7.5687361389446295,1.6609981064147599,0.7471643432309049
1,7.5687361389446295,1.6609981064147599,0.7471643432309049
1,7.5687361389446295,1.6609981064147599,0.7471643432309049
1,7.141599165032853,1.1607892256733887,0.7151040360119841
1,8.68557996420325,0.764649776970582,0.7079137835205891
1,6.819093993078541,0.7450211032184267,0.7085603307621182
1,6.6806894265203125,0.9859788654726276,0.6416832800721165
1,6.721201343431463,1.4661606316187727,0.664262173054429
1,6.721201343431463,1.4661606316187727,0.664262173054429
1,6.721201343431463,1.4661606316187727,0.664262173054429
1,5.7418049593731135,1.1241702586035527,0.6628133266766181
1,6.116260142252934,1.4534423935499086,0.6645897742714622
1,7.670212954970249,1.4973590568048138,0.6796625022992789
1,7.670212954970249,1.4973590568048138,0.6796625022992789
1,7.670212954970249,1.4973590568048138,0.6796625022992789
1,6.714384184016536,1.0419896241221966,0.6400490665102845
1,9.169031635315209,1.875914963024352,0.7467054094446751
1,9.169031635315209,1.875914963024352,0.7467054094446751
1,8.045110842290441,1.6513490143440788,0.7761565877587125
1,11.809280860526249,2.817235636492792,0.7263648636413357
1,8.776957625899716,1.8825536233275915,0.7512744729308067
1,8.303912428608534,1.9214721553073992,0.7878983179842309
1,8.303912428608534,1.9214721553073992,0.7878983179842309
1,8.303912428608534,1.9214721553073992,0.7878983179842309
1,9.04681794237261,2.631452949054155,0.7456126002394634
1,7.175652055624136,1.5405141405035496,0.6920077084699845
1,7.175652055624136,1.5405141405035496,0.6920077084699845
1,7.134279539611317,1.3545154382630349,0.7126633841064819
1,7.134279539611317,1.3545154382630349,0.7126633841064819
1,7.134279539611317,1.3545154382630349,0.7126633841064819
1,8.090858795891346,1.390726484427471,0.6371284926008967
1,7.741363177556041,1.7721882750893534,0.6505359155812799
1,8.144575022982277,1.5928226334054985,0.7057169966456053
1,8.144575022982277,1.5928226334054985,0.7057169966456053
1,6.70631132428989,1.1642820788204036,0.6564141723379152
1,8.12872014111441,1.5943437787049384,0.657018552586304
1,7.630010247222762,0.7985971674035721,0.6915755679114061
1,6.727144686838984,0.851107224749885,0.7247252291752723
1,7.822812095150584,2.4012175929265798,0.711916213119536
1,6.902251609773048,1.7960885118018146,0.7284021917054319
1,6.158602138788896,1.4608570813179038,0.7172106979274396
1,6.933854586972272,1.881513484720648,0.8031322787357197
1,6.933854586972272,1.881513484720648,0.8031322787357197
1,6.6934039060081085,1.1381903706398837,0.7158448248805044
1,6.3962652971950344,0.9306050538792802,0.6491994796746069
1,6.363271340558554,0.7925410596115549,0.6678959021778373
1,6.363271340558554,0.7925410596115549,0.6678959021778373
1,6.363271340558554,0.7925410596115549,0.6678959021778373
1,6.363271340558554,0.7925410596115549,0.6678959021778373
1,6.363271340558554,0.7925410596115549,0.6678959021778373
1,5.971417293631276,0.6331772987389929,0.760775989488049
1,7.3131402202617295,0.5665655911978986,0.7076787643336161
1,7.53504337176261,0.627416112476267,0.721435942623863
1,6.720538853897818,0.765007175392309,0.6591521010457878
1,6.781624734525384,1.3028458132659593,0.75941678607152
1,6.962540458289541,1.4400299255750482,0.7460965820072412
1,6.962540458289541,1.4400299255750482,0.7460965820072412
1,6.962540458289541,1.4400299255750482,0.7460965820072412
1,6.470443361116833,1.320779209670107,0.7600386972358878
1,6.470443361116833,1.320779209670107,0.7600386972358878
1,6.470443361116833,1.320779209670107,0.7600386972358878
1,7.1135584967654175,1.2812696190181243,0.7557698176971167
1,5.570716794632747,0.7624242195906152,0.6848669186206011
1,5.570716794632747,0.7624242195906152,0.6848669186206011
1,5.771553348768871,0.7083598360367819,0.6986793317393214
1,5.61302431705376,0.7005779371355794,0.7394266898462786
1,5.61302431705376,0.7005779371355794,0.7394266898462786
1,5.61302431705376,0.7005779371355794,0.7394266898462786
1,5.61302431705376,0.7005779371355794,0.7394266898462786
1,6.09840307154177,0.9222633741389278,0.6826690095336562
1,7.223301199588252,0.8884559001467478,0.6846159366078187
1,6.510576549087494,0.9694553826309822,0.7389043808675095
1,7.722755024446235,0.8450826183686933,0.6439874170252305
1,8.24036759134888,0.7297214638543553,0.6894762025761794
1,7.45266784682014,0.8158346159514878,0.7024849637712495
1,6.463635252396385,0.9673792147591974,0.7186363007429739
1,5.825944721466884,0.8873767181646779,0.7328302160620744
1,6.4609764990999246,0.6830173882149371,0.7212189612818495
1,7.86912640696491,0.7649270446858489,0.6930070798519514
1,6.32181146154887,0.8565254056595129,0.7564554149037419
1,8.761291887675448,1.377663613048453,0.6620616110502012
1,7.5001307754586914,1.5222531853605306,0.6791786452325577
1,7.5001307754586914,1.5222531853605306,0.6791786452325577
1,7.124130887195633,1.2749973401061567,0.7599235024394757
1,7.124130887195633,1.2749973401061567,0.7599235024394757
1,7.124130887195633,1.2749973401061567,0.7599235024394757
1,7.124130887195633,1.2749973401061567,0.7599235024394757
1,6.6139699420386835,1.3035194194275983,0.7342303451620863
1,8.297027182374588,1.6051651678016237,0.6673951457076871
1,8.297027182374588,1.6051651678016237,0.6673951457076871
1,8.297027182374588,1.6051651678016237,0.6673951457076871
1,5.935925358333261,1.3722259009850046,0.6553016491691009
1,5.940579923923869,1.3559713554065695,0.7110545480746285
1,8.925716165926701,1.413439331505246,0.7450031749665453
1,10.155722263738461,1.8314441677273712,0.7517063005029019
1,5.401112897234915,0.8749698429980162,0.6999529493029194
1,6.064094254210186,1.135271640524468,0.6970920079796955
1,6.064094254210186,1.135271640524468,0.6970920079796955
1,6.239906473758966,1.2272346817020892,0.7187159172820173
1,6.239906473758966,1.2272346817020892,0.7187159172820173
1,6.239906473758966,1.2272346817020892,0.7187159172820173
1,7.729106057650139,1.340619878059985,0.7104363012506139
1,9.094457775104564,2.459883611071815,0.6599729659049829
1,9.094457775104564,2.459883611071815,0.6599729659049829
1,9.469380418179554,2.504597249113521,0.7377785534943779
1,8.269601502319128,1.708976822087761,0.7283963031320039
1,8.269601502319128,1.708976822087761,0.7283963031320039
1,8.269601502319128,1.708976822087761,0.7283963031320039
1,8.874540012489346,1.5674718809939867,0.7185277055805664
1,7.801279645842256,2.0322976523813123,0.7395589778361815
1,7.470267993732954,1.239153605995929,0.6596098069929364
1,5.195719066388604,0.9715790999657113,0.8092802150516969
1,5.195719066388604,0.9715790999657113,0.8092802150516969
1,9.668923838086762,1.6481467060738828,0.6436657863220602
1,7.094452826759769,0.8508524631573331,0.710695211729766
1,7.25072699019869,0.9390454833467827,0.7336639320641533
1,7.354583472919684,2.082760922893203,0.6391310553323022
1,9.527464789289343,1.405854255954771,0.7017575519948202
1,8.920230588541907,1.17312325296042,0.7685193820338604
1,9.502978812836394,1.7393349713185837,0.7359432143148755
1,6.282510116550497,1.4894032144150473,0.7867903476501579
1,7.122061073095421,1.3445502137193688,0.624226519406033
1,7.070355685322368,2.099851783714617,0.6582923387603083
1,7.187031746750538,1.2528034974990572,0.7588911414193801
1,7.404573158143818,1.7070258128733382,0.6725489879839379
1,8.799824824659012,2.2100729495574836,0.5869811770974234
1,10.233999483694525,2.477317715908806,0.701762446723617
1,10.233999483694525,2.477317715908806,0.701762446723617
1,10.233999483694525,2.477317715908806,0.701762446723617
1,7.6911453920469395,2.0822928299529764,0.7429867576020984
1,7.6911453920469395,2.0822928299529764,0.7429867576020984
1,9.296369845457747,2.2145438791121017,0.7296682465629554
1,6.956926357542248,1.2989880022607854,0.6649630705136126
1,7.785874075057738,1.0907474687756378,0.7223291240984825
1,9.279242268508208,1.6785046781597064,0.7024195924595821
1,7.095984200505143,2.7043490285267224,0.6714778730739849
1,5.9522276659364275,1.6351998464573096,0.7283207323747224
1,6.349962959601692,1.2509883109814148,0.69409434042057
1,6.878760862747019,1.8417957397662716,0.615378360676179
1,6.878760862747019,1.8417957397662716,0.615378360676179
1,7.182823865268765,0.9033294164849451,0.7469624909925472
1,8.46361134436754,1.6705786177820368,0.633525599683348
1,7.0732849147357095,1.0920337064229217,0.605522081447134
1,6.347865480222437,1.0923700334715027,0.6377986969553289
1,6.381717700794387,0.7520768000810587,0.7229416560872163
1,6.313978483681311,0.7412735593135351,0.7011243779336395
1,6.313978483681311,0.7412735593135351,0.7011243779336395
1,6.313978483681311,0.7412735593135351,0.7011243779336395
1,6.313978483681311,0.7412735593135351,0.7011243779336395
1,5.5981155793220685,0.6665948217498026,0.6962831465412386
1,5.236398769165275,0.776331181466184,0.7367319923994397
1,6.4468479633118605,1.1111586041645483,0.6931223154600379
1,6.4468479633118605,1.1111586041645483,0.6931223154600379
1,8.953953556632797,1.5256555132625866,0.7042765066437436
1,8.953953556632797,1.5256555132625866,0.7042765066437436
1,8.953953556632797,1.5256555132625866,0.7042765066437436
1,7.705851306865062,2.9114087135273423,0.7514559807048702
1,7.65281658107923,0.8065782541187891,0.7641263896801315
1,5.813323182993611,0.8895419797350942,0.7831369013554074
1,7.8142249154901755,1.7491210875053174,0.7294673295337817
1,7.8142249154901755,1.7491210875053174,0.7294673295337817
1,7.267869209859594,1.2281191982194675,0.697759548517213
1,7.267869209859594,1.2281191982194675,0.697759548517213
1,6.756625256356405,1.3646138013486708,0.6694916804039795
1,6.398877682793326,0.7450458074082843,0.7676220655124155
1,6.205338972974423,0.750652821740947,0.7812531461216645
1,6.205338972974423,0.750652821740947,0.7812531461216645
1,7.136727059900614,0.9492236036552149,0.7100426101270113
1,6.547619761282361,1.4093849503095273,0.7759127109424815
1,5.681860619869128,1.0621004330462034,0.7487199162020429
1,7.246349376853168,1.3591498293876407,0.7691406462904283
1,6.2556470640188735,0.9152218820857826,0.7642229099228289
1,5.75231075408433,0.8119434535732175,0.7811064888645387
1,7.908717638679504,1.1778048640120833,0.7303402228384933
1,7.908717638679504,1.1778048640120833,0.7303402228384933
1,7.908717638679504,1.1778048640120833,0.7303402228384933
1,6.388806253003241,0.9948089843965966,0.6296538070062379
1,6.388806253003241,0.9948089843965966,0.6296538070062379
1,7.14490429647464,1.5590851501263652,0.5670638714703433
1,5.08178766337403,0.6367436923132983,0.7031345945900813
1,5.777475440445847,0.8199350451955765,0.8275174768793573
1,5.202556647665337,1.1579878709303735,0.693394111221825
1,6.755970239164969,1.4454326519526468,0.731954595531089
1,6.755970239164969,1.4454326519526468,0.731954595531089
1,7.769898241986496,0.8918686276126161,0.7226729323065896
1,6.228552921459536,0.7494425836858176,0.7094461258571582
1,6.054441435219271,0.6736219502660774,0.7274140766185606
1,6.054441435219271,0.6736219502660774,0.7274140766185606
1,6.054441435219271,0.6736219502660774,0.7274140766185606
1,6.054441435219271,0.6736219502660774,0.7274140766185606
1,6.054441435219271,0.6736219502660774,0.7274140766185606
1,4.861342869831276,0.6849304014099882,0.6932765055365036
1,6.880805157623669,1.2717246197042738,0.7319996974288902
1,6.7853386854037785,1.2647283845825532,0.7034735996600241
1,7.720185781754103,1.1433404018426199,0.7188943560046567
1,8.802961944576245,2.1365846672242266,0.7702301633438059
1,6.899701680006176,1.126573071724576,0.7390505305707123
1,7.358939404661141,1.4664057279894305,0.6313772644611662
1,7.358939404661141,1.4664057279894305,0.6313772644611662
1,6.3781816896509325,1.0632047528328592,0.7150525898523712
1,6.3781816896509325,1.0632047528328592,0.7150525898523712
1,7.43188127167347,1.4869187364218135,0.7255117045594753
1,9.788166913410919,2.595615977338971,0.6510078209596174
1,9.200827960663094,2.085833885205358,0.622577717652534
1,7.940914383674124,1.441904445183884,0.6111843866689546
1,7.958619790016686,2.6801055436155603,0.6903167434407165
1,8.518158745367483,1.5376256774720753,0.6712809304901366
1,9.925387929902604,1.2012306317370327,0.6703773855065666
1,5.337169423429403,0.6990170268960891,0.6406194769026309
1,5.386549730162909,1.0921045384004646,0.7152577497913017
1,6.698426029493943,1.3966290641522314,0.7563696771388596
1,7.378353707300531,1.5274064802312826,0.7071789034459081
1,7.3535243611353724,1.1435105362190963,0.7388415059638443
1,7.3535243611353724,1.1435105362190963,0.7388415059638443
1,7.884812220811066,2.4757687561306634,0.694401851491924
1,6.643326214616375,1.045266374511912,0.6838788612630944
1,8.370917709440356,1.0648302634979498,0.734813106013075
1,8.370917709440356,1.0648302634979498,0.734813106013075
1,8.370917709440356,1.0648302634979498,0.734813106013075
1,7.549387160869277,1.0559244434637252,0.6991103692018722
1,6.823299442719639,0.817828003138707,0.6024583691497714
1,5.791311041407572,0.8159773051003751,0.7181500166452429
1,5.850260583585922,0.7833653332648438,0.6932016685899574
1,5.03369686419242,0.8559023774797845,0.7766203740008858
1,7.578382169290008,0.8923180543122229,0.7890743980501297
1,5.9550750214196375,1.4862599474269524,0.7409527971085058
1,6.540286008756923,0.6740870346362811,0.7188792212325599
1,6.694369884832938,1.314899594328762,0.7544392422472959
1,9.57567564883545,1.9288931410223116,0.7029509112274783
1,7.444951874739896,2.703880832058081,0.7373711969598966
1,7.079276985350092,1.6591230771082868,0.6467115532083051
1,6.021485698802433,0.9358659313451289,0.671533604964033
1,7.786354731377478,1.0493780078558346,0.7478464569980127
1,9.265914975977942,1.7139360712273457,0.7090552395463086
1,9.265914975977942,1.7139360712273457,0.7090552395463086
1,7.8516361434910955,2.4528387599292225,0.6902055209481904
1,8.154796830080278,2.1291989699350555,0.7748533632367784
1,8.154796830080278,2.1291989699350555,0.7748533632367784
1,8.154796830080278,2.1291989699350555,0.7748533632367784
1,5.619520801734622,1.480426278498503,0.7301890828960537
1,5.87083568092964,1.188378177061412,0.7300795759516886
1,7.123076746789318,1.6030403409439726,0.7351470625218707
1,7.8834393412786525,1.8147077129663096,0.643693650867196
1,7.8834393412786525,1.8147077129663096,0.643693650867196
1,6.268540070819043,0.9835056612064392,0.6640644967465283
1,5.753793722265592,0.6802692448198844,0.7076731263481186
1,5.753793722265592,0.6802692448198844,0.7076731263481186
1,7.143714629163177,1.3748423959442522,0.7877950598724616
1,6.695434054462877,1.093867091305602,0.7259378464781325
1,6.955247282852791,1.5505817750833082,0.7294905145052257
1,8.34082827621702,1.840298478681182,0.7665898947677593
1,8.34082827621702,1.840298478681182,0.7665898947677593
1,8.34082827621702,1.840298478681182,0.7665898947677593
1,6.557171354287882,1.434139664483765,0.653612922080699
1,6.557171354287882,1.434139664483765,0.653612922080699
1,6.473404811680802,1.1324931067257822,0.7539679031032241
1,6.473404811680802,1.1324931067257822,0.7539679031032241
1,6.248317136625747,1.2203896464789001,0.7131629463264315
1,6.880087654278424,0.5914826636522728,0.6528290077811612
1,5.542401738075259,0.7022398303184687,0.7184161274245218
1,7.043681439088292,1.624010442036964,0.7627358322442341
1,7.01792962475161,1.9996086782891864,0.7745001164665964
1,7.01792962475161,1.9996086782891864,0.7745001164665964
1,7.349586855236709,1.732367617750074,0.7118534553193412
1,7.349586855236709,1.732367617750074,0.7118534553193412
1,7.349586855236709,1.732367617750074,0.7118534553193412
1,7.349586855236709,1.732367617750074,0.7118534553193412
1,7.349586855236709,1.732367617750074,0.7118534553193412
1,7.349586855236709,1.732367617750074,0.7118534553193412
1,8.47615115895153,1.867435123688644,0.7269796950503598
1,8.47615115895153,1.867435123688644,0.7269796950503598
1,8.47615115895153,1.867435123688644,0.7269796950503598
1,8.6245609895422,1.9692085824124885,0.6996383251844783
1,6.140871800047195,1.429378428695002,0.7140750212552659
1,6.473231422430066,1.485789357814284,0.7354737043407026
1,6.473231422430066,1.485789357814284,0.7354737043407026
1,6.473231422430066,1.485789357814284,0.7354737043407026
1,6.473231422430066,1.485789357814284,0.7354737043407026
1,8.760705766007618,2.7067776781765662,0.7230212008849018
1,8.760705766007618,2.7067776781765662,0.7230212008849018
1,8.502260609157899,2.6541467578391265,0.6140577479076247
1,6.708561895987128,1.6911581047909123,0.8076227828146096
1,6.137343525326442,1.1068219200143021,0.7665344309376663
1,7.617985135897869,0.938565539759122,0.7210107427620158
1,6.478868267425074,1.4676641835950561,0.741199883583052
1,7.090705064504291,1.8093503477901478,0.7225797581555763
1,7.090705064504291,1.8093503477901478,0.7225797581555763
1,9.002595966609134,1.7775188705044156,0.7886785032949996
1,7.254281838950629,1.7781283098912806,0.7280451006843929
1,8.660204504066396,2.0712981575354634,0.7660665574028327
1,9.10747262872358,3.1333072306379304,0.7304732342204053
1,8.073098018524892,2.5468986823990996,0.6828025395324486
1,8.322536645331859,1.3676134988504023,0.7031972114955046
1,8.322536645331859,1.3676134988504023,0.7031972114955046
1,7.951634398709663,2.17249775534691,0.6435405355688015
1,8.638037685263157,1.3921157933385155,0.6629950131643799
1,8.39771383162057,1.8064556372168976,0.6604557775884283
1,8.649480102109145,1.243112958173914,0.7060625744251247
1,5.3542116996270845,0.6413450589218812,0.7817311154726526
1,6.049595962574639,0.5776014178274781,0.737136007616176
1,6.582392505422212,0.5925737596792594,0.7105418708963869
1,6.289151306061492,0.6392642549444119,0.6880717308744158
1,6.289151306061492,0.6392642549444119,0.6880717308744158
1,7.103786712466372,0.8270132662685152,0.727184375555811
1,5.587483764851793,0.723161737034405,0.7836216622971435
1,5.013653092359896,0.6838522506227276,0.7680312225133064
1,5.647305066216438,0.9501310986449301,0.7478537635473327
1,6.250758644888949,0.8944667883403873,0.684557328432801
1,6.250758644888949,0.8944667883403873,0.684557328432801
1,6.61425184011554,0.595567983140927,0.6174394619377626
1,6.608980296000788,0.5698875025947225,0.7702419962024032
1,4.9393734964845635,0.5569546034083968,0.7324772115060254
1,4.463188104845194,0.6471406302323007,0.794029832211786
1,4.778237283522225,0.5717576790922346,0.8013437371306288
1,5.498508507833301,0.577413537757602,0.7087601475625026
1,6.945314424770455,0.8628119782635593,0.7503510300204799
1,6.613210010018194,0.9937918275271824,0.7404942198793671
1,6.03305218206683,1.3252943826499766,0.6734579679997728
1,6.825592920389695,1.2810938038213981,0.7317976898300017
1,9.018260469725812,1.3087038462719316,0.6932122470557288
1,6.8395857225946814,1.7828198551642724,0.6382322020372148
1,7.533366061353196,1.3091774841899424,0.6907471437513081
1,8.492568103678806,3.001572369914525,0.7089306389717654
1,8.492568103678806,3.001572369914525,0.7089306389717654
1,7.637938706377175,1.2892978432959294,0.7406655259633854
1,6.814337145494396,1.2162452936482682,0.7636354905363677
1,6.814337145494396,1.2162452936482682,0.7636354905363677
1,6.814337145494396,1.2162452936482682,0.7636354905363677
1,7.2003638220572945,1.3603952360596492,0.6865073240016069
1,7.991858281958736,1.9930733720443206,0.626418806898212
1,7.991858281958736,1.9930733720443206,0.626418806898212
1,7.991858281958736,1.9930733720443206,0.626418806898212
1,7.991858281958736,1.9930733720443206,0.626418806898212
1,7.991858281958736,1.9930733720443206,0.626418806898212
1,7.991858281958736,1.9930733720443206,0.626418806898212
1,7.36688602340028,1.313383304702067,0.6612256920987172
1,6.578457836658291,1.1898966952466616,0.6873721279640433
1,6.239840624597666,1.251163471153379,0.7220184992759103
1,8.278329960910877,2.3833749490032954,0.6385400143776673
1,6.458684513940284,1.7448612442432854,0.791014728728773
1,7.896425331580353,1.3900403371280554,0.7705015757440052
1,7.896425331580353,1.3900403371280554,0.7705015757440052
1,8.88549227007598,1.686413611393764,0.751521990977855
1,5.677653656810044,1.7988220968625803,0.6928974538560603
1,5.672348166260879,1.1840589505507289,0.670479771598622
1,5.672348166260879,1.1840589505507289,0.670479771598622
1,9.199027911214488,1.7582305445357205,0.6717491099774294
1,9.199027911214488,1.7582305445357205,0.6717491099774294
1,9.199027911214488,1.7582305445357205,0.6717491099774294
1,9.199027911214488,1.7582305445357205,0.6717491099774294
1,9.199027911214488,1.7582305445357205,0.6717491099774294
1,8.802320078388728,1.8995711420200814,0.7199684814154885
1,8.802320078388728,1.8995711420200814,0.7199684814154885
1,8.802320078388728,1.8995711420200814,0.7199684814154885
1,8.802320078388728,1.8995711420200814,0.7199684814154885
1,8.827638597027287,1.6790131404663757,0.7717416795609553
1,6.7032983064551885,0.6204452927123968,0.6994268099596664
1,7.72192016355294,0.650695188612358,0.6144344140266619
1,7.18614028664638,0.7324414578225802,0.7010012087964704
1,4.799791493492162,0.6879449808529919,0.7579388736970097
1,5.839038212639388,1.1055524292027918,0.6621760918648428
1,6.135256691857617,0.7898809542934888,0.7601259136558954
1,6.135256691857617,0.7898809542934888,0.7601259136558954
1,5.492437364379824,1.2088195399062798,0.746626639741256
1,6.4781860739554995,1.1880014876173832,0.716170335736768
1,6.4781860739554995,1.1880014876173832,0.716170335736768
1,6.4781860739554995,1.1880014876173832,0.716170335736768
1,6.4781860739554995,1.1880014876173832,0.716170335736768
1,6.4781860739554995,1.1880014876173832,0.716170335736768
1,6.4781860739554995,1.1880014876173832,0.716170335736768
1,6.574228619542437,1.1787763953123678,0.6410823168831271
1,6.574228619542437,1.1787763953123678,0.6410823168831271
1,6.221170516758324,1.5708763790234184,0.7462344162970919
1,6.5029409252395425,1.107928015519259,0.6965557950594675
1,6.5029409252395425,1.107928015519259,0.6965557950594675
1,6.5029409252395425,1.107928015519259,0.6965557950594675
1,6.5029409252395425,1.107928015519259,0.6965557950594675
1,6.915903581178291,1.6076678885689353,0.7364399217842017
1,7.324689845126623,1.8540805127902538,0.7157038300697981
1,7.439541400263264,1.8114403932556309,0.828160498930324
1,6.927020559564483,1.3271970185088038,0.8233505945376215
1,7.07136919218417,1.493654548561252,0.843261510569824
1,8.723189580771134,1.735524513765574,0.6464667324655686
1,8.723189580771134,1.735524513765574,0.6464667324655686
1,7.788043913274369,1.3805392880513814,0.7484842553953824
1,7.788043913274369,1.3805392880513814,0.7484842553953824
1,6.714722099215857,1.5314334367018205,0.7502169204138041
1,6.073089916648756,1.3591680267693331,0.6872450073640015
1,6.923656403672706,2.0056562261894575,0.7499543066749131
1,5.835948633369389,1.3915040182755414,0.7645297724361909
1,6.507563858525825,1.6012101029501042,0.6924786568196347
1,8.00708643200095,1.267218600038129,0.7000396096774806
1,7.4570728343986845,1.033919668599388,0.6646605666688066
1,7.4570728343986845,1.033919668599388,0.6646605666688066
1,7.502166694900657,1.0564572453629018,0.7550949732571969
1,7.502166694900657,1.0564572453629018,0.7550949732571969
1,9.33991377534998,2.491547610317382,0.7595975024282925
1,8.218642264283037,1.4558249392003069,0.7491446913131331
1,6.8860443957718855,0.6543638109722615,0.6938267140744689
1,5.667510493615588,0.7117795762572987,0.6933096843122474
1,6.333650161581202,0.7745508035764842,0.7246075983132015
1,6.645373129278064,0.855440758815204,0.7418971197840619
1,5.696082562651918,0.7592831388660746,0.7299292968369057
1,5.602500437996025,0.8510241372715714,0.6792715502674358
1,5.649757002609243,1.028052691056675,0.6883579657813694
1,6.234159275948441,1.3540598392160739,0.7219733434484891
1,6.080451411216339,1.207155331975659,0.7954524932452702
1,7.576273779259212,1.1964126086332887,0.6760178650150538
1,7.576273779259212,1.1964126086332887,0.6760178650150538
1,6.185569417144073,1.0644515630695777,0.688480744149261
1,5.7923796956280595,0.9965180617505351,0.7269455098973919
1,7.463853739299042,0.9190835134130596,0.7280398332890439
1,7.647687400500617,1.3715020495207098,0.6897481679133116
1,9.295657992203889,1.7692240647057778,0.6217701091784001
1,5.690380069164762,0.7566581036506008,0.7024223527904987
1,7.286506141179099,1.0461993631411644,0.7619361603639726
1,6.831158801595183,1.7410566999589727,0.7414498063384303
1,6.831158801595183,1.7410566999589727,0.7414498063384303
1,6.6240751216285165,2.215801782269923,0.7758996253341232
1,8.055083280730635,1.015084366229511,0.6836753348271872
1,6.1786405610007735,0.9160813789824824,0.7495334010705871
1,6.825637054545677,0.8164078633231544,0.7006367395154357
1,6.801151044861148,0.867588168963772,0.7463674287240512
1,7.2279583882979725,0.7448588133361399,0.7379255460055708
1,5.799482068054588,0.9573556604048788,0.7520691095589972
1,4.8657906434643445,0.7398868107151267,0.7542300273688282
1,4.8657906434643445,0.7398868107151267,0.7542300273688282
1,7.42346180901823,1.0532472600348235,0.7102625330225164
1,6.431671256562545,1.1114094451384293,0.7119592390460824
1,6.098730331577984,0.9493515904877197,0.7379883603094746
1,6.098730331577984,0.9493515904877197,0.7379883603094746
1,6.098730331577984,0.9493515904877197,0.7379883603094746
1,6.098730331577984,0.9493515904877197,0.7379883603094746
1,6.326060418592177,1.1485081386833975,0.7274315866569349
1,6.326060418592177,1.1485081386833975,0.7274315866569349
1,6.326060418592177,1.1485081386833975,0.7274315866569349
1,7.051956483973144,1.3179304846705653,0.7189594498129976
1,7.051956483973144,1.3179304846705653,0.7189594498129976
1,8.496911996720815,1.5565389931876354,0.6753006871794414
1,7.508926368358799,1.8590501612254602,0.6962127743033594
1,6.6603477930533055,1.2919513921342285,0.7573355635310464
1,5.62932061449404,1.4762210709728198,0.6969850573098657
1,6.17022466311105,2.192974247248389,0.7286885484069773
1,5.412492184165822,0.9845631565348332,0.6920307448907268
1,6.335767767948984,2.0075948651459816,0.7438784231984116
1,6.178185288168339,1.9794090313846904,0.7392567036572444
1,9.66269597588181,2.2667735591616256,0.6874886124155757
1,8.891886161665319,2.316851967349931,0.7532781900980974
1,9.036367833807395,2.2953058893857956,0.7278953806419738
1,9.036367833807395,2.2953058893857956,0.7278953806419738
1,6.8795210166532685,1.121076995176703,0.7080555224681693
1,6.8795210166532685,1.121076995176703,0.7080555224681693
1,6.8795210166532685,1.121076995176703,0.7080555224681693
1,7.351389862439898,1.585694216816676,0.7411698207242132
1,7.238149886179599,1.504413116757877,0.7048687292613142
1,7.238149886179599,1.504413116757877,0.7048687292613142
1,7.238149886179599,1.504413116757877,0.7048687292613142
1,7.238149886179599,1.504413116757877,0.7048687292613142
1,7.238149886179599,1.504413116757877,0.7048687292613142
1,7.238149886179599,1.504413116757877,0.7048687292613142
1,7.238149886179599,1.504413116757877,0.7048687292613142
1,7.5689154475460025,1.2514421538079041,0.7511445960644643
1,5.987694215860626,1.3017314113475078,0.7399763773743137
1,7.36323011061397,2.295184334872663,0.7883334731295445
1,9.867357546875956,3.020438779544014,0.7089120823665772
1,7.16080244136284,1.4332831852422,0.6701322844864642
1,7.16080244136284,1.4332831852422,0.6701322844864642
1,6.260176682920112,1.157741772615593,0.7271050653744049
1,6.260176682920112,1.157741772615593,0.7271050653744049
1,6.260176682920112,1.157741772615593,0.7271050653744049
1,6.404144661627629,0.9459062585363891,0.7304129086872361
1,6.404144661627629,0.9459062585363891,0.7304129086872361
1,8.553031497738587,1.5686959922425225,0.6709209447966143
1,7.729663052104933,1.6206466329134528,0.6488640755195886
1,9.894333564455911,1.965385935195016,0.6599624588774003
1,9.500195213951466,3.1460702359952784,0.7620214193839696
1,8.65712333496986,2.5351539802749765,0.6544075542545987
1,8.65712333496986,2.5351539802749765,0.6544075542545987
1,8.65712333496986,2.5351539802749765,0.6544075542545987
1,8.65712333496986,2.5351539802749765,0.6544075542545987
1,8.659421866546431,2.387591477145178,0.6309815890268683
1,8.145390350074155,1.2190071229766253,0.6679671526897225
1,8.145390350074155,1.2190071229766253,0.6679671526897225
1,7.295207705146199,1.4245846149545827,0.6787598694469263
1,7.295207705146199,1.4245846149545827,0.6787598694469263
1,7.295207705146199,1.4245846149545827,0.6787598694469263
1,7.295207705146199,1.4245846149545827,0.6787598694469263
1,7.17814121993202,1.3800472857593031,0.6664904799690817
1,7.17814121993202,1.3800472857593031,0.6664904799690817
1,7.17814121993202,1.3800472857593031,0.6664904799690817
1,7.17814121993202,1.3800472857593031,0.6664904799690817
1,7.575982599127691,1.279734572921355,0.6569458144468183
1,7.575982599127691,1.279734572921355,0.6569458144468183
1,7.575982599127691,1.279734572921355,0.6569458144468183
1,7.575982599127691,1.279734572921355,0.6569458144468183
1,6.539529028021541,0.8834779121795109,0.7391815416109034
1,5.8541667415216825,0.848827066603846,0.75603182970025
1,7.792024074417116,1.3420072810414676,0.7128015831519154
1,8.53589181300962,1.1121490795742837,0.6439726318442932
1,7.1043949114781135,0.8629674539652377,0.6929836191821366
1,6.620161184079553,0.8208045193625302,0.7930055083828706
1,7.852701242512721,1.2074334087046046,0.7457259426004199
1,6.459801595873967,1.0656491116461102,0.6928831724327688
1,6.9225057166142845,0.9301729555618756,0.7241141837676436
1,6.934666311600215,1.2204283304505064,0.6790193458176954
1,6.934666311600215,1.2204283304505064,0.6790193458176954
1,7.215220058270386,0.8088389076717531,0.7325507196180919
1,7.800410400197059,0.7109694472381088,0.7252257724688188
1,7.3565921142009545,1.0307091498411194,0.796355081684904
1,7.438198717925091,1.1169176515060248,0.7283987930414768
1,9.624115369531992,2.186067136851987,0.7626017395199515
1,9.139037004985779,2.6626466065304153,0.75479372135785
1,8.924886914268832,2.458821357509948,0.7441569411464425
1,7.63522675764846,2.289446536985624,0.6660766064135749
1,6.37573044140574,1.2448856814176894,0.7190258929398016
1,6.37573044140574,1.2448856814176894,0.7190258929398016
1,5.969779637811992,1.5844108361134934,0.7427813898644892
1,6.770894939621235,0.9064078454109845,0.7967957899240538
1,6.896584004199207,1.1602244872866132,0.6713223426716991
1,6.747188011788251,1.2522994092768576,0.6520946421833232
1,7.348993594483662,1.155244261445396,0.688183257814254
1,7.404817837490242,2.0709243171517056,0.7342689066512413
1,6.500297552119385,1.1984174704316974,0.7437511280059937
1,6.342522517993767,1.6270628329479981,0.7218764583932797
1,6.342522517993767,1.6270628329479981,0.7218764583932797
1,7.767609431203252,1.9991292274856778,0.7159783568455493
1,7.767609431203252,1.9991292274856778,0.7159783568455493
1,7.003285637833698,1.0771534797956976,0.7466018360160155
1,6.552244860674352,1.5389944254803742,0.6855997460726013
1,6.483276561085657,1.2641183471167754,0.6570868230094878
1,8.414803592103318,2.3958277159207344,0.6891276807926991
1,8.414803592103318,2.3958277159207344,0.6891276807926991
1,8.414803592103318,2.3958277159207344,0.6891276807926991
1,8.414803592103318,2.3958277159207344,0.6891276807926991
1,8.414803592103318,2.3958277159207344,0.6891276807926991
1,10.407202958368213,3.033547241129597,0.7409985368435283
1,9.416415660962212,2.620648874176381,0.7808150773528597
1,9.416415660962212,2.620648874176381,0.7808150773528597
1,9.416415660962212,2.620648874176381,0.7808150773528597
1,9.115136452083512,2.6542257329325496,0.690060257115325
1,6.5783968089673035,1.4032837276504198,0.6468328887881762
1,8.613309108770771,2.0319469362886666,0.6275154329717119
1,9.759309462086236,2.2407402104670604,0.76088226844431
1,6.718160420088622,1.019847078225046,0.7538050380866363
1,5.501611141999388,1.0929354529762438,0.7122108088563421
1,7.945277801281538,1.2266766028714207,0.7874189321143765
1,9.694626927388923,2.0815817206266525,0.6973476800143733
1,8.853766899173511,2.0008563160549158,0.6919164040674232
1,8.853766899173511,2.0008563160549158,0.6919164040674232
1,8.853766899173511,2.0008563160549158,0.6919164040674232
1,8.853766899173511,2.0008563160549158,0.6919164040674232
1,8.853766899173511,2.0008563160549158,0.6919164040674232
1,8.853766899173511,2.0008563160549158,0.6919164040674232
1,8.58393569894525,1.479407245325068,0.6922904294832393
1,8.58393569894525,1.479407245325068,0.6922904294832393
1,8.58393569894525,1.479407245325068,0.6922904294832393
1,8.58393569894525,1.479407245325068,0.6922904294832393
1,8.58393569894525,1.479407245325068,0.6922904294832393
1,8.58393569894525,1.479407245325068,0.6922904294832393
1,8.58393569894525,1.479407245325068,0.6922904294832393
1,8.58393569894525,1.479407245325068,0.6922904294832393
1,8.58393569894525,1.479407245325068,0.6922904294832393
1,8.58393569894525,1.479407245325068,0.6922904294832393
1,7.30584706785249,1.3857913460771054,0.7315286963502249
1,7.30584706785249,1.3857913460771054,0.7315286963502249
1,7.30584706785249,1.3857913460771054,0.7315286963502249
1,7.083651779045333,0.9729942546805881,0.7092038750397689
1,7.083651779045333,0.9729942546805881,0.7092038750397689
1,7.307928918395525,1.2538286988833076,0.65196002716237
1,6.527897970085543,1.3812297683035895,0.6231266815530768
1,7.8621334318499985,1.176878911371002,0.6947657069230645
1,7.981425912373665,2.2208201381876367,0.632646390104593
1,7.981425912373665,2.2208201381876367,0.632646390104593
1,7.981425912373665,2.2208201381876367,0.632646390104593
1,7.975553658764669,1.2914600736307753,0.7588190156671367
1,8.857545950869167,1.2024107724024544,0.6861042673749327
1,7.597593844413098,1.1064239543373122,0.6759184163807729
1,5.915631530751998,0.9936313605968806,0.6827710104914222
1,5.915631530751998,0.9936313605968806,0.6827710104914222
1,6.494901588134316,1.4294478338734358,0.7451606365823089
1,6.494901588134316,1.4294478338734358,0.7451606365823089
1,6.985271647945655,1.2149883833770132,0.6855832649474548
1,6.730859848312469,1.1711026804037472,0.745645831499606
1,6.804144032125967,0.9569527396047134,0.7262485381178808
1,6.697102516245073,1.0881968975963274,0.7595545972173953
1,6.697102516245073,1.0881968975963274,0.7595545972173953
1,7.037524174401373,0.9415773817297146,0.6691730251226095
1,6.322034362261797,0.7555664753539467,0.711070198982899
1,6.2664064164303666,0.9492505123876753,0.7382374280796855
1,7.175748838696833,0.7178976473468393,0.6470197068463838
1,7.175748838696833,0.7178976473468393,0.6470197068463838
1,7.175748838696833,0.7178976473468393,0.6470197068463838
1,6.980080498708298,0.7639803755299754,0.7176176573679408
1,6.980080498708298,0.7639803755299754,0.7176176573679408
1,6.577784938489086,1.0515600785383752,0.7323466568860327
1,6.577784938489086,1.0515600785383752,0.7323466568860327
1,6.577784938489086,1.0515600785383752,0.7323466568860327
1,5.874229280941247,1.1741825631824039,0.6790942845354809
1,7.678134983038892,1.1482326204447237,0.6525864955692332
1,7.678134983038892,1.1482326204447237,0.6525864955692332
1,6.298004862764897,1.3082553972576347,0.6297595349189352
1,5.856168957083101,1.1804630947014236,0.6368856482113904
1,8.03527462372481,1.3397256316864836,0.6579958993898394
1,8.03527462372481,1.3397256316864836,0.6579958993898394
1,8.66120911613126,1.8583307505829052,0.6740396243978541
1,9.796526614099683,1.747872932029542,0.6761900588754606
1,8.419247506641826,1.6488662722557528,0.7625222751118287
1,9.785774159138011,1.8388102908883008,0.7133236782756658
1,7.114331024088328,1.8307362751202478,0.7523816454363321
1,7.114331024088328,1.8307362751202478,0.7523816454363321
1,7.4139376006575874,1.2483940678373897,0.7220607532751497
1,7.309938750686709,1.7341811973634882,0.7486159379227233
1,7.309938750686709,1.7341811973634882,0.7486159379227233
1,5.465552834945369,0.8003998865696085,0.7023252036266796
1,5.465552834945369,0.8003998865696085,0.7023252036266796
1,5.896228697216458,0.8329264495692585,0.7249716144189234
1,7.64384122515211,0.8365830456588959,0.6921911273517783
1,7.527144872193863,1.1254175139492877,0.7258467769632703
1,7.731266882644443,1.6181079366143352,0.7101929300207505
1,8.250569488941277,0.9009028564349899,0.7070984575809846
1,6.205041217714904,0.7969731534029406,0.6462387071375396
1,6.205041217714904,0.7969731534029406,0.6462387071375396
1,6.9062424852634345,0.8962041782808036,0.6755173205445081
1,8.843345443036732,2.2802717631382663,0.6890198280148373
1,8.330613633996332,1.600116372363884,0.8236454794479263
1,7.168523833411684,1.1425251587447125,0.7537719697981063
1,7.168523833411684,1.1425251587447125,0.7537719697981063
1,5.75432156402795,1.201085726302329,0.770970973897909
1,6.0618138378841016,1.0145862035947668,0.7904302113862132
1,6.392167961954562,1.0510284090769113,0.8071174941426859
1,5.889416655268661,1.0678659377270683,0.7898494168484569
1,7.8302504586954935,1.3319001064765903,0.6601975894091526
1,7.8302504586954935,1.3319001064765903,0.6601975894091526
1,4.958756182685753,0.6655969178579764,0.7607165043432087
1,7.729386995602749,0.9505265215024367,0.6725430682092208
1,7.786119900384318,0.9434170078695728,0.6899278181797773
1,5.436390821186915,0.6949795467491393,0.7708094338240076
1,6.213877502764801,1.3000751488883158,0.7092810282522213
1,7.225679206849318,1.2327373446982808,0.6675332666791569
1,7.225679206849318,1.2327373446982808,0.6675332666791569
1,5.273535171534331,0.6136125260404679,0.697705799345236
1,5.195293340915915,0.5908893391982205,0.7264110305593979
1,4.541358902213535,0.5496026259947816,0.7237073663553449
1,5.595679644982429,0.5269156830477763,0.7321374190929489
1,5.595679644982429,0.5269156830477763,0.7321374190929489
1,5.506798345290947,0.5514652215405526,0.7371216097505113
1,7.528692807560155,0.6064726527115399,0.6588271063988371
1,7.528692807560155,0.6064726527115399,0.6588271063988371
1,7.528692807560155,0.6064726527115399,0.6588271063988371
1,5.1395087877097545,0.5951211528006014,0.6969226128914635
1,4.661737905004363,0.6248477081060764,0.6715087858515723
1,5.690470846871681,0.7552494833142025,0.7125791956867176
1,5.690470846871681,0.7552494833142025,0.7125791956867176
1,6.803648268203306,0.8170569738455727,0.6534232983090288
1,7.712937578190092,2.3199973962783256,0.7156938447129578
1,7.712937578190092,2.3199973962783256,0.7156938447129578
1,7.712937578190092,2.3199973962783256,0.7156938447129578
1,6.928032792366934,1.0795164232202272,0.8195661724955786
1,7.198463619243722,0.5975556969812775,0.8065539452580776
1,6.411970727579132,0.5407437144119132,0.8089056578892669
1,5.385368684177752,0.6786490843764121,0.8440245126376937
1,6.198829236562047,0.9764847900763982,0.7191247163979431
1,6.198829236562047,0.9764847900763982,0.7191247163979431
1,6.8986574978672435,1.0158044455293127,0.7658563063250036
1,7.972795703231501,1.9388347568546784,0.6001881894986577
1,8.350272720981096,1.5656577636213356,0.7299052045794303
1,5.931217272188051,0.852618765055697,0.6607166507223341
1,6.23315752814999,0.8229833051316835,0.7065331902960786
1,5.864444113855252,0.5797119567545075,0.6349773700544209
1,6.7688905198458915,0.536716137092979,0.696913815297341
1,5.866111515203889,0.5688228895549979,0.7707838198932061
1,5.420441124691386,0.624576848392798,0.6848345694303913
1,5.5709238064319155,0.6442584376773671,0.73163487439015
1,5.251702714096236,0.5536915016236644,0.7512625301746038
1,5.712969843220571,0.6165393648543879,0.7920012388800104
1,5.921960268879812,0.6939149307999588,0.8166587377686821
1,7.876613580667196,1.202063552357577,0.7364167875777151
1,10.164358159647742,1.653458941641753,0.6455789207087586
1,8.498439175019143,1.593776074532948,0.681563293951774
1,8.498439175019143,1.593776074532948,0.681563293951774
1,7.065423286092081,0.8207389301979129,0.6809340735294028
1,7.700792823018006,0.7959156593862153,0.6402004794300669
1,5.013357476431335,0.9196747899891096,0.7666389680999124
1,5.59058437569036,0.9174196391520719,0.7364586565621702
1,5.59058437569036,0.9174196391520719,0.7364586565621702
1,8.184367045986413,1.5388722926054337,0.6551173802783082
1,8.903859587059703,1.7153198517428068,0.6611064819827495
1,8.903859587059703,1.7153198517428068,0.6611064819827495
1,6.41427935196608,1.3764972478080844,0.7059087625847704
1,6.41427935196608,1.3764972478080844,0.7059087625847704
1,5.248008806248639,1.2433748735725203,0.6690173556840383
1,6.7915722064151325,1.653334137443967,0.6294016272381098
1,5.368838541893178,1.8579172230489178,0.6780012847939632
1,8.142622461389223,2.601835238801652,0.6962919487802062
1,8.142622461389223,2.601835238801652,0.6962919487802062
1,7.324636416207106,2.320183154290052,0.7475875744011754
1,7.324636416207106,2.320183154290052,0.7475875744011754
1,6.893521573456212,1.761136897356679,0.6980636528555507
1,6.893521573456212,1.761136897356679,0.6980636528555507
1,8.014449674374248,1.447707950551246,0.6827578906659807
1,8.06298247473063,1.5439601352878427,0.6638712352968537
1,7.081970195252178,1.115966429840868,0.6362224049418596
1,7.081970195252178,1.115966429840868,0.6362224049418596
1,6.484908387026871,1.523123970523493,0.7523830483690546
1,8.701298530991505,2.428401511885731,0.6573907012426963
1,8.701298530991505,2.428401511885731,0.6573907012426963
1,5.822316598929205,1.2589713208737152,0.6853378803496633
1,7.605290569837678,1.9231202349299126,0.5952020268895492
1,7.596681241807662,1.3594397820881237,0.6862828372391887
1,6.988698379162716,1.6120174680155057,0.6529276617422816
1,6.988698379162716,1.6120174680155057,0.6529276617422816
1,5.827871377263074,0.8895292068652403,0.659943415881323
1,7.549956185538922,1.3101358662297702,0.7251440639031288
1,8.567586118826007,1.7772918044765462,0.6655843259980977
1,7.78126007822679,1.9713778257039676,0.766828709147733
1,7.917848824675578,2.382971682182479,0.6762340038785851
1,7.917848824675578,2.382971682182479,0.6762340038785851
1,10.792895799259046,1.3928509374066378,0.707414899372437
1,9.905409840222967,1.7207702473249897,0.6057117114136119
1,6.353988860392459,0.6592815935191587,0.6974114474744296
1,6.253734210461139,0.7493344128722133,0.6668573975571158
1,7.834902491030243,1.5244747127527476,0.6234324949532201
1,8.627083453597265,2.0695240727069066,0.7712434207732016
1,6.688438161955893,2.0197014339365733,0.7449023680133215
1,7.977556912715505,1.831266235753335,0.7274030184762628
1,7.977556912715505,1.831266235753335,0.7274030184762628
1,6.723546225399393,1.2647000170633236,0.7655990963270088
1,7.664925615969827,1.3280257599003336,0.6966188791024354
1,9.393436147364786,1.101409051783493,0.7372216821800488
1,6.051165650454415,1.3303222623983086,0.6818471984031227
1,7.740081960261369,1.5269562272151451,0.7443804146701275
1,6.533227418884823,0.8997138933245579,0.6564775333705677
1,8.753820689869254,1.6659207806823098,0.6879957106904122
1,8.633483504383939,1.373851758913748,0.7126020413519374
1,7.554655813453911,0.8088943450081878,0.7149684948211988
1,7.216291739781549,1.1113550231222145,0.6744931077259438
1,7.216291739781549,1.1113550231222145,0.6744931077259438
1,6.606372504415651,1.0822055747236856,0.6375238162711035
1,5.264004278554223,0.7796886836901122,0.6944118402931714
1,7.095459375896075,1.4488103563950567,0.7363324103667195
1,7.095459375896075,1.4488103563950567,0.7363324103667195
1,7.095459375896075,1.4488103563950567,0.7363324103667195
1,7.5332728742902,1.3712302700936558,0.6659971684278738
1,7.433247142583891,2.0125850226962316,0.6694744760259247
1,7.023775234627496,2.1479423583356105,0.762228643166607
1,7.023775234627496,2.1479423583356105,0.762228643166607
1,7.023775234627496,2.1479423583356105,0.762228643166607
1,7.023775234627496,2.1479423583356105,0.762228643166607
1,7.023775234627496,2.1479423583356105,0.762228643166607
1,5.502021251201624,1.296448695955184,0.7145209510553963
1,6.023958271100045,1.034275023194011,0.7155042444097494
1,6.023958271100045,1.034275023194011,0.7155042444097494
1,7.517269320261946,1.6557783532265598,0.621783642564753
1,8.178741080924732,1.7442668556712049,0.6586300679439742
1,8.178741080924732,1.7442668556712049,0.6586300679439742
1,6.3074992633592055,1.374547363685862,0.6200661851174366
1,6.166840807296389,1.0208074333485984,0.6381832197014172
1,7.352760338120152,1.943707016075845,0.6905568465706439
1,7.402545591562291,1.4961239615475983,0.7049697985243983
1,7.402545591562291,1.4961239615475983,0.7049697985243983
1,7.363427258583057,1.294124679588985,0.7069063995109609
1,7.363427258583057,1.294124679588985,0.7069063995109609
1,7.363427258583057,1.294124679588985,0.7069063995109609
1,7.493386288645704,2.2537556347164207,0.7257620299385401
1,6.04311213893676,0.92015183498969,0.7001983461745958
1,6.489421101593984,0.9182782794415179,0.7652852672418937
1,7.492328469954321,0.9981448138602389,0.6415612849021574
1,7.492328469954321,0.9981448138602389,0.6415612849021574
1,7.055065885953095,0.840655759916948,0.7631923777204541
1,5.284146903059179,0.7626944600839155,0.7292703120532248
1,5.282640890843132,0.6828688078065305,0.7506711208813026
1,8.182831184325279,0.9941295543491853,0.7286139930796242
1,9.377453113389775,1.365380559644393,0.7692177266934975
1,8.65984006278201,0.8991756988984569,0.6706347650181395
1,10.587677561762229,2.270216548167471,0.7544444966029216
1,7.1120574739283375,2.1759595343272107,0.7245110334980068
1,6.416209292586322,1.1431250798450177,0.6608723013089183
1,6.416209292586322,1.1431250798450177,0.6608723013089183
1,6.416209292586322,1.1431250798450177,0.6608723013089183
1,7.321363840523213,1.1474881011991513,0.6937085398948583
1,6.99379726895194,1.2210664153298703,0.7082139033967415
1,9.07073272759388,1.780702896275505,0.6095483259760175
1,6.561202841936417,1.1731815643787997,0.712002422113191
1,8.119507922653177,2.6869357522911894,0.7478887690990693
1,8.010260475606945,2.398511666282558,0.7391263110123838
1,8.010260475606945,2.398511666282558,0.7391263110123838
1,8.750650150694348,1.5749610511703427,0.7167807745230699
1,5.767157867486439,0.756840818940558,0.6518099477501103
1,6.794163522917603,0.9551318902046613,0.6894264146807144
1,5.909786390451802,0.8577007667386556,0.6530629000107206
1,5.909786390451802,0.8577007667386556,0.6530629000107206
1,6.3675320445151895,0.8391249281147763,0.682426375826555
1,8.208117443732451,1.131638137929126,0.7252187977130933
1,6.529566301195232,1.4859029380423738,0.790402866265208
1,6.085748378648522,1.3264461976333108,0.7064854147555525
1,6.88878157299602,2.030442378951369,0.6796114038292257
1,6.88878157299602,2.030442378951369,0.6796114038292257
1,8.69836552718533,1.8611809811830666,0.7308974396498976
1,9.93177680949276,2.64729055689617,0.6049430719403011
1,9.708554957471549,1.9209434099957898,0.6637896635966998
1,7.796180104825969,1.493735562137597,0.8014857136560659
1,8.84573581705465,2.2341770751586205,0.6973183349777203
1,8.84573581705465,2.2341770751586205,0.6973183349777203
1,8.84573581705465,2.2341770751586205,0.6973183349777203
1,6.3979707988592445,0.9482764074583279,0.7130852750420895
1,5.8166053890004115,0.8963445949558788,0.7556452631337399
1,5.8166053890004115,0.8963445949558788,0.7556452631337399
1,5.600700338522996,1.0668458591195318,0.6893917501887886
1,7.658108045915618,2.251154271140382,0.7093928361141042
1,7.369713844537637,2.589112926482603,0.6824618718454414
1,7.369713844537637,2.589112926482603,0.6824618718454414
1,6.399748413976009,1.865558887937225,0.7301105270714272
1,5.229571339219911,0.8674685536184173,0.7272064765953797
1,6.2293513646121985,1.6461911112128813,0.6601550585104341
1,6.2293513646121985,1.6461911112128813,0.6601550585104341
1,7.4190388593582455,1.3135606048716246,0.6557015140664549
1,7.046984484885344,1.1604528348048917,0.7437224491042195
1,6.533512661019513,0.9511771593871007,0.6868975932538167
1,6.533512661019513,0.9511771593871007,0.6868975932538167
1,6.533512661019513,0.9511771593871007,0.6868975932538167
1,6.613583094180686,0.7193538737958944,0.6758911196309455
1,7.456089320114928,0.6447958497320996,0.7013501700278336
1,6.607713754360809,0.6631668883700125,0.734778542738125
1,6.607713754360809,0.6631668883700125,0.734778542738125
1,7.517175680101164,0.6775054959336466,0.6943218972636681
1,6.4035710857405945,0.6203511185208119,0.7454795273048751
1,5.952608239120383,0.6860437132437477,0.682424025932434
1,6.831421947414675,0.7109643047985801,0.7567375430302966
1,5.077829269551605,0.8396278045983909,0.7186189288537741
1,6.444684813151581,1.2017438833219392,0.7288130765716587
1,5.48943108499665,0.6735822435780963,0.699062184763474
1,5.48943108499665,0.6735822435780963,0.699062184763474
1,5.269753719804013,0.5874650466211694,0.737781918591959
1,5.741094228932359,0.6356500628343775,0.7594819818485967
1,6.079200328874355,0.6319653060336593,0.7337371653682249
1,5.456672466512126,0.5980471924028357,0.732749990991963
1,4.549337590750538,0.7179243705692469,0.7244109247667387
1,8.266181109892267,1.273141996587258,0.7098997608515613
1,6.138982846617253,1.5396477446743877,0.8264999013734984
1,6.138982846617253,1.5396477446743877,0.8264999013734984
1,6.427619299927609,1.1019595346801991,0.6718293250375689
1,6.427619299927609,1.1019595346801991,0.6718293250375689
1,6.427619299927609,1.1019595346801991,0.6718293250375689
1,6.427619299927609,1.1019595346801991,0.6718293250375689
1,6.427619299927609,1.1019595346801991,0.6718293250375689
1,6.98821291397826,1.328842824687075,0.7238593135357921
1,6.658442241672705,1.4578624271547467,0.6202877547013304
1,5.668512537531427,1.4504009523738683,0.7110147585815731
1,5.668512537531427,1.4504009523738683,0.7110147585815731
1,6.148031443597803,0.862310817598684,0.7442863493146845
1,5.259325895130757,1.1442813602482738,0.7343386152958133
1,6.772275155014274,1.1484270198841653,0.7894993282033731
1,6.678378495761197,1.557429259333991,0.7608243840885713
1,7.490939898004887,1.5441151599614087,0.7029616552592083
1,6.745784311309269,1.0808616404329765,0.7315091600008637
1,6.745784311309269,1.0808616404329765,0.7315091600008637
1,6.745784311309269,1.0808616404329765,0.7315091600008637
1,5.253562451515039,0.6210526884291779,0.7606211151139722
1,5.741496837099781,0.602664746437904,0.7840328419613516
1,5.577194697311281,0.5412642046453237,0.7604707723508239
1,5.206716024023939,0.5512794118357626,0.7682574291387173
1,5.206716024023939,0.5512794118357626,0.7682574291387173
1,4.884370388289415,0.5263276541902363,0.7589780416305494
1,4.666124068261821,0.5309891495915173,0.7804231750198891
1,5.1705828045989515,0.5092836536304487,0.7568205022745618
1,4.623278182071762,0.5097264023761103,0.7141390828367394
1,4.746715393059171,0.5059745078952448,0.7356030776719065
1,5.281760465577133,0.518214737669107,0.7376311452955304
1,5.622826093183969,0.5157555853424031,0.7271010389682365
1,4.604812636603334,0.5194488578231807,0.776519528559538
1,4.969490582010551,0.5139568925645545,0.7207498499881462
1,5.873822871266467,0.5137858422027317,0.6974810629655777
1,6.319032655027893,0.5094865475757459,0.7231086234196156
1,5.120559627274751,0.5119962438637747,0.7473435038609314
1,6.281788116149521,0.5219115897939233,0.7712167179461382
1,6.4071060326924565,0.5075078820012886,0.721802156258417
1,5.940834603599157,0.5025750412442297,0.7284991312815039
1,5.7416119138197805,0.5010053517418747,0.7493813643641232
1,5.782259040371164,0.5012200253877371,0.7025816967888847
1,6.091676211572386,0.5016964909592149,0.7873598957144077
1,4.917377781270808,0.5010533887229607,0.6632246127068524
1,6.479202195870888,0.5005607266807576,0.6985742251369695
1,6.479202195870888,0.5005607266807576,0.6985742251369695
1,6.622371844775291,0.5006956436944363,0.7072490125993414
1,5.572275624699019,0.501115382540735,0.6878697936188517
1,6.617460262108674,0.5007093955323845,0.6957316194093021
1,6.147153925312133,0.5006607974020588,0.6938385919722255
1,4.347509218704925,0.5023313574861703,0.7245468868766638
1,4.333510666950881,0.50448783250328,0.6842016283903767
1,4.333510666950881,0.50448783250328,0.6842016283903767
1,4.894269333892644,0.5064492828182934,0.7084414806795776
1,6.205234600940383,0.5105275779994507,0.6586288455983191
1,5.091344037063236,0.5111290707444156,0.7193230223250738
1,5.091344037063236,0.5111290707444156,0.7193230223250738
1,7.2583382979732765,0.6172133401642469,0.7822045701064108
1,6.809481795928886,0.5727589304611993,0.7390205056185006
1,6.809481795928886,0.5727589304611993,0.7390205056185006
1,6.809481795928886,0.5727589304611993,0.7390205056185006
1,6.809481795928886,0.5727589304611993,0.7390205056185006
1,5.973156948405992,0.5988553136769045,0.6457201941416992
1,6.486914388632915,0.6560336141621053,0.6723360052539193
1,8.092612890566201,0.7357466596660709,0.7309007571781054
1,8.092612890566201,0.7357466596660709,0.7309007571781054
1,6.702232166463323,0.6177035611548951,0.7454171867413619
1,7.073710298093423,0.8293435074559493,0.7264932585659416
1,6.172614093964066,1.3523496762024434,0.6908544123779529
1,6.2844944564282885,1.6810845597576343,0.6590253422119209
1,6.059834107650633,2.1106727410743336,0.6812636894130677
1,6.602078502242742,0.8966796929251574,0.690189537813129
1,6.126373677696716,0.9719410935907391,0.6902172193871617
1,6.126373677696716,0.9719410935907391,0.6902172193871617
1,6.092594622466548,0.936678111696817,0.6900309454422721
1,6.092594622466548,0.936678111696817,0.6900309454422721
1,6.092594622466548,0.936678111696817,0.6900309454422721
1,6.092594622466548,0.936678111696817,0.6900309454422721
1,6.357863674424646,1.0990527036124775,0.6915028947116738
1,6.357863674424646,1.0990527036124775,0.6915028947116738
1,6.357863674424646,1.0990527036124775,0.6915028947116738
1,6.357863674424646,1.0990527036124775,0.6915028947116738
1,6.070793836898658,1.6102406320920897,0.745549880763495
1,6.070793836898658,1.6102406320920897,0.745549880763495
1,7.548079783559341,0.9550080534282255,0.7143878202401813
1,5.663580420549893,0.6887186977551647,0.7286003563412685
1,6.273138489835965,0.7465997610359391,0.7058586361288928
1,6.194631871290531,0.6838107989881348,0.7532667792239659
1,5.335870506384373,0.9856331442375783,0.6867575303227761
1,7.761203278754722,1.1736962634998165,0.677618590567842
1,6.337969683153238,1.2098962251957959,0.7776204916777315
1,9.5389381575785,1.871038242339416,0.7542907319606932
1,9.5389381575785,1.871038242339416,0.7542907319606932
1,5.791271678181949,0.6594534868485746,0.6828493406830337
1,8.159769868713797,0.6858056194667537,0.7267656541675441
1,6.4720642238149955,0.6274816854893526,0.7354378192571991
1,6.227596339647674,1.4692194635967453,0.714788679707603
1,7.193792253578327,1.3922927382296255,0.6283733423016751
1,8.897761096968354,1.092806494267892,0.7538846838991251
1,6.350370517283724,2.1465124713374255,0.7664226187766313
1,7.191491141879463,1.3706730837703212,0.6006999828989286
1,7.876820411740349,1.0935405630575026,0.5980556166083338
1,9.51736757038351,1.5988872403656973,0.7140126741134043
1,9.51736757038351,1.5988872403656973,0.7140126741134043
1,9.51736757038351,1.5988872403656973,0.7140126741134043
1,7.433500674648414,1.4861769495095463,0.7744762906800373
1,6.9746309999085225,1.2606105920555097,0.7043081877337772
1,5.795935431633065,1.2211641215995077,0.7247138879374951
1,8.552070364371321,1.8894010356210424,0.7882709179732955
1,5.935854710686142,0.8775126073376889,0.7118818401656426
1,5.935854710686142,0.8775126073376889,0.7118818401656426
1,5.935854710686142,0.8775126073376889,0.7118818401656426
1,7.216574967930845,1.065255010286639,0.734961354813669
1,7.216574967930845,1.065255010286639,0.734961354813669
1,7.216574967930845,1.065255010286639,0.734961354813669
1,7.216574967930845,1.065255010286639,0.734961354813669
1,7.8831067364309115,1.021372834196311,0.6858020216000618
1,5.483992175720389,0.9029799768956039,0.6800028279943876
1,7.366813888428848,0.8674857331507069,0.6773914326582373
1,6.239624636083402,1.0890344745761849,0.7585317624317794
1,6.239624636083402,1.0890344745761849,0.7585317624317794
1,6.423769827272675,0.6641093042320676,0.7039293541595307
1,6.299340727064901,1.0423766639120067,0.7146637029258518
1,6.299340727064901,1.0423766639120067,0.7146637029258518
1,6.950892593363328,1.3351910208216689,0.6522791532783397
1,5.93322811200611,1.2849574962950199,0.6912897373161371
1,6.065141625333191,0.876199655391567,0.6329987386387846
1,6.994847656995721,0.7062535562727976,0.7016063332304131
1,7.728895426427269,1.2128410319356098,0.7549073718505148
1,7.186483438978142,0.7541533331537165,0.6735574487449558
1,6.128150273296754,0.7354924042101472,0.7285101495867445
1,6.128150273296754,0.7354924042101472,0.7285101495867445
1,8.739058114854192,1.3118569066791088,0.6805253820389665
1,7.722993058014551,1.8896926283551223,0.7155447341226586
1,9.485488970886454,1.8974620817838788,0.6190095624486787
1,7.201519987705458,1.0007698569439294,0.6623471951901251
1,7.060015010634271,0.7692394710512322,0.7400167370231512
1,5.274251095872584,0.6521123375894046,0.7628300376557454
1,6.598242275435367,0.7153191158179855,0.767126570380387
1,6.278235780479732,0.7791302515556167,0.7405931945552203
1,7.244263668313542,0.6703938627704225,0.7231249556797436
1,7.244263668313542,0.6703938627704225,0.7231249556797436
1,5.933721676965225,0.6225153534241064,0.7566097056054185
1,5.895208725436975,0.6764649959300473,0.7395678720407681
1,7.270350550981553,0.8388989121688872,0.7382715810822692
1,7.682945807683741,1.6488478210938782,0.7232069778434617
1,9.233246912125306,1.6917418125071124,0.7580033234179353
1,9.233246912125306,1.6917418125071124,0.7580033234179353
1,7.037510118060455,0.9137721280116606,0.6434593392954507
1,7.08550897420359,0.6799646954275572,0.7576282892316801
1,7.128016200131499,0.7346865673392398,0.674396891862793
1,4.37692876950097,1.1112816257964244,0.6829586526565292
1,6.1650633434809246,1.6207926950725022,0.6622182127018293
1,7.554560867345155,2.2330893686558353,0.6782947340611258
1,5.882381820918502,1.0379271378077732,0.6962886806523418
1,5.882381820918502,1.0379271378077732,0.6962886806523418
1,6.370174329516272,1.0530927337697458,0.6324165106561664
1,6.370174329516272,1.0530927337697458,0.6324165106561664
1,6.370174329516272,1.0530927337697458,0.6324165106561664
1,6.370174329516272,1.0530927337697458,0.6324165106561664
1,8.20147185965679,1.7850976179658955,0.7067387184105456
1,6.59522909740123,1.4052231715503205,0.6608204495727192
1,6.59522909740123,1.4052231715503205,0.6608204495727192
1,7.063036481030163,1.658256553804564,0.6056163789233525
1,6.588884520354731,1.1560963796487378,0.6568462727806352
1,7.041648569104032,0.8778320805666117,0.7765595712231596
1,6.66537913937973,0.9285810300781272,0.743993207800443
1,6.178400993900504,1.3110118770509929,0.6499278483206993
1,6.881347744786871,1.5664730056702372,0.6777250496943297
1,8.023650521018325,1.2492029455712834,0.7112142607809616
1,8.292569131000054,2.2062775419439506,0.6513298449426566
1,7.561033110386483,1.7414424619979036,0.7411513826098675
1,7.561033110386483,1.7414424619979036,0.7411513826098675
1,7.561033110386483,1.7414424619979036,0.7411513826098675
1,9.043392141944967,2.6336151617510857,0.6538325415523335
1,6.848715704660941,1.7261511748544682,0.8181073266309836
1,9.202197262479904,2.816190260755055,0.7992156213503099
1,8.375414764724374,1.2849068966888655,0.7875641279245335
1,6.590273371294827,1.153769560033814,0.7913563784038624
1,7.211720460160259,1.3439785008594476,0.8019081464084032
1,6.710664803284116,0.8882216687449502,0.6700891959070706
1,5.462381884901133,0.7123500064752843,0.7645887365676745
1,5.462381884901133,0.7123500064752843,0.7645887365676745
1,5.499709342239565,0.7439520624968976,0.7598110272422244
1,5.764012068894004,0.7078121196061733,0.7041169073458371
1,5.764012068894004,0.7078121196061733,0.7041169073458371
1,4.998071422241528,0.6054313167925607,0.7514947484536219
1,9.803581062858834,0.9846304893339926,0.7167822297942191
1,6.644065053573925,0.721955204594569,0.797536252854784
1,6.490239072634219,0.7772689723773087,0.8224718758257136
1,6.385755378763149,0.9379381701611887,0.8501214094138021
1,7.398456671798646,1.252567610865795,0.8644257765813161
1,7.398456671798646,1.252567610865795,0.8644257765813161
1,9.066048423470852,1.7247908676853878,0.6442998279742503
1,7.9784703694769705,1.7774909280520346,0.7322230151364795
1,7.9784703694769705,1.7774909280520346,0.7322230151364795
1,7.9784703694769705,1.7774909280520346,0.7322230151364795
1,7.9784703694769705,1.7774909280520346,0.7322230151364795
1,7.9784703694769705,1.7774909280520346,0.7322230151364795
1,7.9784703694769705,1.7774909280520346,0.7322230151364795
1,8.114010149031444,2.1876267796575357,0.7381948359232191
1,8.114010149031444,2.1876267796575357,0.7381948359232191
1,7.760765331928959,2.2768677692962385,0.7347012901852003
1,6.516706445490496,1.595362998385275,0.7914789166340573
1,5.298724184637085,1.5623889397484554,0.6706993718530347
1,7.815551889438971,1.0664171178574469,0.7488417037555107
1,6.253714507083284,1.171773319195864,0.7642293976245376
1,6.270736045503385,1.416753796564366,0.7742004175726677
1,6.270736045503385,1.416753796564366,0.7742004175726677
1,8.102718700388216,1.1735918872353233,0.689652851605575
1,7.15456740127053,1.3164535346782198,0.6695381426338345
1,6.656765373646104,1.5213222415988383,0.7201754335425715
1,6.656765373646104,1.5213222415988383,0.7201754335425715
1,7.989837161757252,1.4269830862856012,0.6833992088404369
1,7.989837161757252,1.4269830862856012,0.6833992088404369
1,7.989837161757252,1.4269830862856012,0.6833992088404369
1,6.363749014954124,1.2800967311212181,0.7128017545331233
1,6.363749014954124,1.2800967311212181,0.7128017545331233
1,7.114168384107103,0.7992597474864811,0.749854015037649
1,7.114168384107103,0.7992597474864811,0.749854015037649
1,6.4320061868929645,1.4653642541923664,0.7138927713561091
1,7.74356151464593,1.5926605294321405,0.7160793575927976
1,7.713240699488895,1.6853950627633343,0.6973025287463085
1,7.713240699488895,1.6853950627633343,0.6973025287463085
1,7.713240699488895,1.6853950627633343,0.6973025287463085
1,6.8384264868421845,1.313885658005801,0.734249594100918
1,7.717259551444301,0.9200447204942892,0.6647973532510831
1,7.0274055704188,1.0088293293621688,0.6687931899805148
1,7.0274055704188,1.0088293293621688,0.6687931899805148
1,7.0274055704188,1.0088293293621688,0.6687931899805148
1,7.0274055704188,1.0088293293621688,0.6687931899805148
1,7.0274055704188,1.0088293293621688,0.6687931899805148
1,7.0274055704188,1.0088293293621688,0.6687931899805148
1,7.0274055704188,1.0088293293621688,0.6687931899805148
1,6.340841339351432,0.9344255158032015,0.7417526366727706
1,8.702793337198656,0.9224658377010639,0.6636544190923859
1,9.062305933569823,1.9050996568220981,0.6741704285385386
1,7.026270777167169,1.1279471975364166,0.6694675066069358
1,7.179254224491093,1.8706924298007432,0.6428836157892741
1,7.179254224491093,1.8706924298007432,0.6428836157892741
1,6.22055974757317,1.4968584268333567,0.703201417254907
1,6.22055974757317,1.4968584268333567,0.703201417254907
1,6.22055974757317,1.4968584268333567,0.703201417254907
1,6.22055974757317,1.4968584268333567,0.703201417254907
1,6.22055974757317,1.4968584268333567,0.703201417254907
1,6.22055974757317,1.4968584268333567,0.703201417254907
1,7.11496286073139,1.4040023566839954,0.7446269743595724
1,7.11496286073139,1.4040023566839954,0.7446269743595724
1,8.698860599803139,1.3629824382489262,0.6692609286626494
1,6.743450574711163,0.8273456613731973,0.7297656071088715
1,6.743450574711163,0.8273456613731973,0.7297656071088715
1,8.069519369421139,1.7970440142874435,0.7786827108745821
1,5.3994325811555495,1.0150126841474312,0.7544142365373762
1,5.3994325811555495,1.0150126841474312,0.7544142365373762
1,7.574482159919483,1.1292743291323994,0.7371854397754996
1,7.246271038284148,1.408392612069874,0.6860848439811185
1,6.511896545872412,1.2724034856239796,0.7100301653915695
1,7.612833827690642,1.2411807317384995,0.7959649046150977
1,5.754713504298903,0.9292930922442246,0.7421924117141782
1,6.53765906074569,0.8909258884863963,0.6564501837340937
1,6.8240868385417714,1.0670069173659709,0.6890298592619213
1,6.571879491551904,1.1750340441140885,0.6763899893734514
1,6.128062507911013,1.45835057237423,0.6828462211215791
1,6.056103079084293,1.6944248589373936,0.7020388138420984
1,6.056103079084293,1.6944248589373936,0.7020388138420984
1,5.40410155185239,1.1092579437348815,0.7747438733981645
1,8.151979020753336,1.4554810543414765,0.6552797513166091
1,5.86795761223583,1.2777341145201913,0.7262069724531949
1,6.220444366992781,0.8807697945219922,0.7575479260542257
1,6.331581850868894,1.0971632946806942,0.730662840565281
1,6.809498287988025,1.0138097100950638,0.729316292006146
1,6.809498287988025,1.0138097100950638,0.729316292006146
1,6.798257946729701,1.0324466819078795,0.7468478772771123
1,6.00432576221643,1.4134036178431253,0.6475988620562063
1,8.035408176659605,0.8597363762564396,0.6782407825359192
1,6.289176571832887,0.9650592091001766,0.7095637816554112
1,6.14387864195331,1.5371277074600136,0.6536651886055528
1,6.14387864195331,1.5371277074600136,0.6536651886055528
1,6.14387864195331,1.5371277074600136,0.6536651886055528
1,6.14387864195331,1.5371277074600136,0.6536651886055528
1,6.14387864195331,1.5371277074600136,0.6536651886055528
1,5.029217362090222,1.5187056632107532,0.7546484912330161
1,7.095908379064022,2.5408584969198413,0.7006388569048024
1,5.964318104369362,1.4368124556812516,0.7823077956711973
1,8.612938060162701,2.2647969976067337,0.6591017451146656
1,8.612938060162701,2.2647969976067337,0.6591017451146656
1,8.612938060162701,2.2647969976067337,0.6591017451146656
1,8.612938060162701,2.2647969976067337,0.6591017451146656
1,8.612938060162701,2.2647969976067337,0.6591017451146656
1,7.380045989673756,0.963440483562803,0.6701270030210998
1,4.526337261345125,0.8439337848311532,0.7199781358020284
1,5.899208721615704,1.5777673640787602,0.6736380078815876
1,6.614454514372901,1.5098641790633989,0.6688271308121497
1,6.778392066302809,1.6446698895187668,0.7119416073617939
1,5.819058531079658,1.5032284882710878,0.7454995829387788
1,5.819058531079658,1.5032284882710878,0.7454995829387788
1,8.818451379897873,1.8550450457030596,0.7478504579094186
1,8.144245983824234,1.1590677471881743,0.8151166286770305
1,7.951965189920271,1.5131403848501697,0.8158989228834072
1,5.671137015044548,0.7276073231528953,0.7100994728159951
1,5.7424245273854,0.7068041050762055,0.7577056108673377
1,7.8117492598215765,1.625145297250921,0.7011921884279896
1,7.8117492598215765,1.625145297250921,0.7011921884279896
1,7.8117492598215765,1.625145297250921,0.7011921884279896
1,7.8117492598215765,1.625145297250921,0.7011921884279896
1,7.8117492598215765,1.625145297250921,0.7011921884279896
1,8.542892678036704,2.9120776046262593,0.721151969960615
1,6.666953301480161,1.3556277561423804,0.685751209727832
1,5.847697195198413,1.116784548707163,0.6855333723058283
1,5.728248019419647,0.9533902338721474,0.6658167297107375
1,5.056536906188367,0.813809198460611,0.7434641186907581
1,6.732492532390678,0.7274902088596855,0.7472519157467119
1,7.740596855413326,0.8689007999739634,0.7664953120838681
1,5.812327490314503,0.7330326346801839,0.7173729905335041
1,5.628512847643032,0.6544785908511693,0.6676371837401285
1,5.5926959578635085,0.7366344595408226,0.6657182478182
1,7.262659836419351,0.7727237091074424,0.7030603852428372
1,7.262659836419351,0.7727237091074424,0.7030603852428372
1,7.379253251021011,1.8430159099962318,0.6585275325252853
1,6.563729942722808,1.393361286967518,0.6546096597378025
1,6.563729942722808,1.393361286967518,0.6546096597378025
1,6.563729942722808,1.393361286967518,0.6546096597378025
1,6.563729942722808,1.393361286967518,0.6546096597378025
1,7.106786581330527,0.9188091228591557,0.6845148669582238
1,7.106786581330527,0.9188091228591557,0.6845148669582238
1,7.604205038522723,1.0107995352080013,0.6523556539970735
1,7.869231477577919,1.0715308779947326,0.6763971196438167
1,5.9644860159971,0.8813409440330099,0.6615924951758598
1,5.962303601036835,0.6763128462814235,0.7583471880195208
1,5.385527731850377,0.6960279507121558,0.6862528586973341
1,5.385873562065358,0.9993963585380043,0.6327699401554244
1,5.196627809963929,0.5656642023363376,0.7010870357045261
1,4.867911777751658,0.6407068420764864,0.684628674047883
1,4.855725591501766,0.6540996695831084,0.7019507021694933
1,4.855725591501766,0.6540996695831084,0.7019507021694933
1,7.222302199105205,0.817096379391114,0.705110258916334
1,7.222302199105205,0.817096379391114,0.705110258916334
1,7.222302199105205,0.817096379391114,0.705110258916334
1,5.249526203261113,0.8591970233318476,0.6978813358863423
1,6.091019470027156,0.6204516526610395,0.6700271781087511
1,6.091019470027156,0.6204516526610395,0.6700271781087511
1,6.091019470027156,0.6204516526610395,0.6700271781087511
1,6.0338203868722955,0.5923394654290279,0.7737645348952942
1,6.3960301341633645,1.4483387576317175,0.6025290601369047
1,6.784912790557364,1.1788743277983766,0.7780061245875016
1,6.330935581381795,0.9730197067165771,0.719225150123233
1,6.330935581381795,0.9730197067165771,0.719225150123233
1,5.994241747587672,1.2657832007411902,0.7091528706241936
1,5.994241747587672,1.2657832007411902,0.7091528706241936
1,6.390775931877087,0.9261443702043615,0.7262201626879005
1,6.684479602656559,1.0999306404856095,0.6526831045098124
1,6.684479602656559,1.0999306404856095,0.6526831045098124
1,6.373982745039596,1.0652183545874832,0.6675615672652244
1,6.23650619137327,1.013073972196028,0.7191792202087162
1,6.774258196362852,0.8102898996863797,0.7112647148336756
1,6.774258196362852,0.8102898996863797,0.7112647148336756
1,5.535855490356745,0.8481914306745636,0.7275765427502147
1,7.707848315238662,1.222104007853218,0.6078664520096457
1,7.707848315238662,1.222104007853218,0.6078664520096457
1,6.292457885445394,0.709377616961299,0.6671129396769548
1,6.350380829401461,1.12410507762393,0.6788378826811645
1,6.350380829401461,1.12410507762393,0.6788378826811645
1,6.350380829401461,1.12410507762393,0.6788378826811645
1,6.350380829401461,1.12410507762393,0.6788378826811645
1,6.555649602567804,0.8274872720161783,0.6576380800075208
1,6.555649602567804,0.8274872720161783,0.6576380800075208
1,6.555649602567804,0.8274872720161783,0.6576380800075208
1,8.566017092658868,1.386884737090193,0.7044677061887168
1,6.3870566540992755,1.7640329034937017,0.7192749272210066
1,8.20657634232538,2.1225820420367,0.6192642573771564
1,5.79873928677486,1.280602814537211,0.6881736757168755
1,7.147741349965333,1.6035950189090211,0.6732548845080445
1,9.06172029238884,2.37530770613352,0.7367030711625637
1,7.267220597606039,1.640800186046381,0.6901917780798735
1,6.356022902738802,1.226682923086956,0.755406093262663
1,6.356022902738802,1.226682923086956,0.755406093262663
1,6.356022902738802,1.226682923086956,0.755406093262663
1,6.356022902738802,1.226682923086956,0.755406093262663
1,6.356022902738802,1.226682923086956,0.755406093262663
1,6.727054984304522,1.3094762471981385,0.6991906695674521
1,6.559046032657417,1.1359000129492345,0.6725688997961542
1,6.468604662701748,0.8257766604443206,0.7166443065538172
1,5.3281997057066,0.6850776996016235,0.7587675182549606
1,6.663247977816193,0.892338204952283,0.7017923155417711
1,6.663247977816193,0.892338204952283,0.7017923155417711
1,8.01437980345936,1.0649525448830306,0.6758211640060502
1,7.7465653953438585,1.2795515101917858,0.6762452461761637
1,7.7465653953438585,1.2795515101917858,0.6762452461761637
1,7.7465653953438585,1.2795515101917858,0.6762452461761637
1,7.7465653953438585,1.2795515101917858,0.6762452461761637
1,7.7465653953438585,1.2795515101917858,0.6762452461761637
1,7.7465653953438585,1.2795515101917858,0.6762452461761637
1,7.7465653953438585,1.2795515101917858,0.6762452461761637
1,7.7465653953438585,1.2795515101917858,0.6762452461761637
1,7.7465653953438585,1.2795515101917858,0.6762452461761637
1,7.7465653953438585,1.2795515101917858,0.6762452461761637
1,7.7465653953438585,1.2795515101917858,0.6762452461761637
1,7.7465653953438585,1.2795515101917858,0.6762452461761637
1,7.7465653953438585,1.2795515101917858,0.6762452461761637
1,7.7465653953438585,1.2795515101917858,0.6762452461761637
1,7.7465653953438585,1.2795515101917858,0.6762452461761637
1,7.071920008578085,1.2709681674787605,0.7200254218163731
1,7.071920008578085,1.2709681674787605,0.7200254218163731
1,7.071920008578085,1.2709681674787605,0.7200254218163731
1,7.191880802139167,1.0467412817415211,0.788943907140636
1,5.4059568434526435,1.5057525367392472,0.7139991207053799
1,5.5320172057014325,1.0736649777628349,0.7175285260497062
1,6.692346960958447,1.9320725411581352,0.781203447720538
1,6.692346960958447,1.9320725411581352,0.781203447720538
1,6.692346960958447,1.9320725411581352,0.781203447720538
1,6.692346960958447,1.9320725411581352,0.781203447720538
1,7.622531762977295,1.1920492377094347,0.6208411504947485
1,7.468063742128384,1.1106117047615935,0.6975986902237086
1,7.468063742128384,1.1106117047615935,0.6975986902237086
1,7.468063742128384,1.1106117047615935,0.6975986902237086
1,7.468063742128384,1.1106117047615935,0.6975986902237086
1,7.468063742128384,1.1106117047615935,0.6975986902237086
1,7.468063742128384,1.1106117047615935,0.6975986902237086
1,8.730774831929745,1.4449696496060622,0.6927720981832216
1,8.730774831929745,1.4449696496060622,0.6927720981832216
1,8.730774831929745,1.4449696496060622,0.6927720981832216
1,7.887947308338931,1.5717078501206097,0.7233191368963734
1,9.606874079791853,1.903911984760305,0.7043877516419305
1,7.606081658570804,1.4866688224612963,0.6895340537583956
1,6.672135102993116,1.440272968330051,0.6765869089037893
1,6.292727607930061,1.3576751722129514,0.746671205427141
1,6.930743776989256,1.3728494741838033,0.6643108986994486
1,6.930743776989256,1.3728494741838033,0.6643108986994486
1,6.930743776989256,1.3728494741838033,0.6643108986994486
1,6.930743776989256,1.3728494741838033,0.6643108986994486
1,6.716337384496374,1.7121546292086096,0.6961655197021375
1,6.716337384496374,1.7121546292086096,0.6961655197021375
1,6.792289448401714,1.214788183252106,0.6591019747002552
1,6.3402205214006555,1.6162516176765787,0.7607117180073966
1,5.961917789915124,0.8375696796039449,0.6998366150123246
1,5.961917789915124,0.8375696796039449,0.6998366150123246
1,5.961917789915124,0.8375696796039449,0.6998366150123246
1,6.382873655435091,0.8942762384664331,0.7528980226797667
1,6.986968382658574,0.6990960629268286,0.7227152903649032
1,6.986968382658574,0.6990960629268286,0.7227152903649032
1,7.746269378586151,1.0605778938689516,0.8662130069155831
1,5.306506877140616,0.7156733481579338,0.7932821243440821
1,5.415062717987295,0.699757759170597,0.7628310693558402
1,5.905409456482877,0.8394621371430885,0.8015230343362822
1,8.176381843329475,0.9256097874614141,0.7577638853210498
1,7.247089904530722,0.8349435516978458,0.7218267598579587
1,8.403886633968458,1.3421386001120261,0.7226105435542439
1,8.098736169110307,1.0392161586887956,0.7001434076530842
1,6.478401187545459,1.5038358319157537,0.6563719041164963
1,6.478401187545459,1.5038358319157537,0.6563719041164963
1,6.478401187545459,1.5038358319157537,0.6563719041164963
1,6.478401187545459,1.5038358319157537,0.6563719041164963
1,6.54678881471083,2.0059124450265315,0.7028887483537729
1,7.07818215314971,1.0176222638123735,0.700279222949415
1,7.07818215314971,1.0176222638123735,0.700279222949415
1,7.147022850521355,0.9201113651623805,0.7362438535511409
1,7.057081174300987,0.9944673354745708,0.7367937836239866
1,7.057081174300987,0.9944673354745708,0.7367937836239866
1,9.166158160403242,2.0043680576293146,0.7158567424182459
1,8.777243170696007,1.6953396806039212,0.7376018434288968
1,8.168763708738972,1.651306604796658,0.7441269029278313
1,5.143942217752884,0.7705383168056585,0.7518403662104954
1,5.143942217752884,0.7705383168056585,0.7518403662104954
1,6.056475769746157,0.7847901187306443,0.664836338533951
1,6.056475769746157,0.7847901187306443,0.664836338533951
1,5.588888508142569,1.0858865392179688,0.672792707155628
1,7.207734744607534,1.4095162002708808,0.7237816129084182
1,7.832906566439373,1.672077259106552,0.7075889855553318
1,7.832906566439373,1.672077259106552,0.7075889855553318
1,7.832906566439373,1.672077259106552,0.7075889855553318
1,7.832906566439373,1.672077259106552,0.7075889855553318
1,7.832906566439373,1.672077259106552,0.7075889855553318
1,7.832906566439373,1.672077259106552,0.7075889855553318
1,7.832906566439373,1.672077259106552,0.7075889855553318
1,7.832906566439373,1.672077259106552,0.7075889855553318
1,7.832906566439373,1.672077259106552,0.7075889855553318
1,7.778642965943107,1.8583382213692223,0.6663235568921367
1,7.778642965943107,1.8583382213692223,0.6663235568921367
1,8.244206106710127,1.4842448784080802,0.6826654661692727
1,9.281322209963236,2.5978292230886306,0.6301280619632507
1,6.898271560311772,1.4940887434279126,0.6820374211688905
1,6.898271560311772,1.4940887434279126,0.6820374211688905
1,7.124707938732037,2.038359432146799,0.7109517036799167
1,7.124707938732037,2.038359432146799,0.7109517036799167
1,7.124707938732037,2.038359432146799,0.7109517036799167
1,7.385266768726502,1.801914970480887,0.613272996054925
1,7.385266768726502,1.801914970480887,0.613272996054925
1,7.385266768726502,1.801914970480887,0.613272996054925
1,5.531995343443278,1.6709470248813862,0.6883746154683301
1,5.531995343443278,1.6709470248813862,0.6883746154683301
1,6.968347888888849,1.8659871825118552,0.7067627771656242
1,6.968347888888849,1.8659871825118552,0.7067627771656242
1,6.485202111307904,1.3095676119648412,0.7077599683453446
1,8.26826173016806,2.0631445040934353,0.6966563971997424
1,8.26826173016806,2.0631445040934353,0.6966563971997424
1,6.267550135884488,1.4742767913026311,0.7683040546154319
1,6.433152706624936,1.4617041161423603,0.7429616688237195
1,6.4675945403186885,1.5371982107230895,0.6977510258556895
1,6.497916422076497,0.747331762284672,0.7472431069994446
1,6.30311804467525,1.283436532125036,0.693992123599238
1,5.917138058166166,1.3211649406396064,0.8039163695477782
1,6.808506381254017,1.051469052468378,0.8081701783365391
1,5.699305055474764,0.5861688534662318,0.6596089173487654
1,6.392842329166283,0.7381248084901485,0.7903747663832325
1,6.392842329166283,0.7381248084901485,0.7903747663832325
1,7.741771922467516,0.6235452157518953,0.7172713222734165
1,8.04979114437893,0.7116185713984741,0.7240398047539826
1,7.355982656819669,0.9903282775277904,0.749749834590712
1,5.978528316290473,0.7631247641318408,0.6849968576664753
1,6.505890215572785,1.0807010593045296,0.6388544806443471
1,6.505890215572785,1.0807010593045296,0.6388544806443471
1,5.383354622864218,0.9763560239270164,0.7100045344252615
1,5.383354622864218,0.9763560239270164,0.7100045344252615
1,6.123417109314352,1.558497585863815,0.8046963691162136
1,8.15212319575333,1.1031259357392256,0.7604562142993118
1,8.965673808009129,1.7173613510208048,0.6913400416365351
1,8.965673808009129,1.7173613510208048,0.6913400416365351
1,8.815467156285418,1.4569682775737913,0.7227227997556448
1,8.815467156285418,1.4569682775737913,0.7227227997556448
1,8.815467156285418,1.4569682775737913,0.7227227997556448
1,7.269047694182479,1.2402166262421628,0.6617305223603377
1,6.656586321001099,1.2785947596380274,0.6507210644652331
1,6.656586321001099,1.2785947596380274,0.6507210644652331
1,6.681715916013048,1.057361437769913,0.7036177402313153
1,7.4283327760892535,1.6074247669435195,0.6622153985573578
1,7.4283327760892535,1.6074247669435195,0.6622153985573578
1,5.956714480305497,0.9021881265584092,0.6836798973128803
1,8.437578296807825,1.6601120271254122,0.6582303333390849
1,9.564546208795495,2.5533567053953283,0.6796969708897032
1,9.564546208795495,2.5533567053953283,0.6796969708897032
1,9.564546208795495,2.5533567053953283,0.6796969708897032
1,6.816121238261595,1.7554697800498564,0.678195913770869
1,7.224356873054014,1.550024688862067,0.649472484326601
1,7.224356873054014,1.550024688862067,0.649472484326601
1,7.224356873054014,1.550024688862067,0.649472484326601
1,7.224356873054014,1.550024688862067,0.649472484326601
1,9.277436260461423,2.336697399606173,0.6762210442320695
1,9.277436260461423,2.336697399606173,0.6762210442320695
1,6.199972212591872,1.6228887492735817,0.7225126392898327
1,6.199972212591872,1.6228887492735817,0.7225126392898327
1,7.711157230016622,1.1536321757159138,0.6450326551784205
1,8.00102518885452,0.9513905459082789,0.6977184026147714
1,8.00102518885452,0.9513905459082789,0.6977184026147714
1,8.132230340085226,1.2036488674966817,0.7396970066939528
1,7.761183689222816,0.8959785566278506,0.6003942112164424
1,8.492860519295068,1.4011493379837097,0.6227233753865192
1,8.492860519295068,1.4011493379837097,0.6227233753865192
1,8.69879850640088,1.3312584725180896,0.6658669863412899
1,7.769124904370538,1.4995917969656662,0.6707380577714663
1,6.326180904231018,1.1259005817776877,0.7284548338729518
1,6.977201356953582,1.4567487999339752,0.6595706271229245
1,8.360837944972847,1.8370312808498164,0.7289419819771868
1,8.257878855567325,1.9518106737945378,0.782529774656916
1,10.653380334939344,1.559225224215646,0.6890456494151438
1,5.791776900350868,1.3448364445450198,0.7015050682495978
1,6.113758563387393,0.8958417119703134,0.7635295520759694
1,5.770953989068635,0.8788014493806986,0.7721462918741719
1,6.64721427689147,0.9385241707603975,0.6562696760649385
1,6.64721427689147,0.9385241707603975,0.6562696760649385
1,7.613456514363394,1.1307293637505944,0.6389592356187493
1,7.221828164272548,1.1084958783211616,0.7373311091050507
1,8.245700858584556,1.8072446733702872,0.6944673091516561
1,9.19696159712402,2.5491765164033104,0.7659060708692688
1,9.19696159712402,2.5491765164033104,0.7659060708692688
1,10.373758175442624,2.4792819338842356,0.7707739067275378
1,10.373758175442624,2.4792819338842356,0.7707739067275378
1,11.48477985495122,2.001307815934722,0.8056135300564639
1,8.086906374045737,1.5741872102978092,0.8146414214967989
1,7.266832762309782,2.2248871908722276,0.7534848585207347
1,7.8566103069078626,1.8484459323389755,0.656109546092164
1,7.024075792387151,1.0147854060758186,0.6323468724007258
1,7.024075792387151,1.0147854060758186,0.6323468724007258
1,7.7545913376733475,0.8631636205124771,0.7208265624152326
1,7.7545913376733475,0.8631636205124771,0.7208265624152326
1,6.203223147359409,1.2428960922482566,0.6459318579895872
1,6.699564197375437,1.8348638836721185,0.708637657876515
1,6.04457432920846,1.0025035060283625,0.7023825701563848
1,6.04457432920846,1.0025035060283625,0.7023825701563848
1,7.072825603504445,1.9677587099382423,0.7236231911566514
1,7.072825603504445,1.9677587099382423,0.7236231911566514
1,8.205921173328285,2.01322441224477,0.667798509357057
1,7.6494697145496415,1.1897456216531344,0.7167230848248206
1,7.6494697145496415,1.1897456216531344,0.7167230848248206
1,8.32173297708529,1.633318588184209,0.683468900519169
1,6.914698675805464,1.5385622264590388,0.700623553035373
1,9.367294195420225,1.6617991144110504,0.7090920457174091
1,9.367294195420225,1.6617991144110504,0.7090920457174091
1,8.193093844807729,1.5627642494582041,0.7456227126786885
1,8.193093844807729,1.5627642494582041,0.7456227126786885
1,8.21652349421218,1.5457637069916736,0.693568130848247
1,7.7105532965110894,1.1484798927481825,0.6419838092082595
1,7.7105532965110894,1.1484798927481825,0.6419838092082595
1,7.7105532965110894,1.1484798927481825,0.6419838092082595
1,7.7105532965110894,1.1484798927481825,0.6419838092082595
1,7.7105532965110894,1.1484798927481825,0.6419838092082595
1,8.247684677313533,2.162104839317573,0.6921717572112833
1,8.247684677313533,2.162104839317573,0.6921717572112833
1,8.247684677313533,2.162104839317573,0.6921717572112833
1,7.565200816834338,2.349908845749252,0.7123933845123102
1,6.335723112167725,1.7243067343038547,0.789514908609145
1,7.726226053143069,1.2891902328656133,0.7600998069146331
1,7.819519294649706,2.126301680300175,0.8089211055157078
1,6.8269084597351375,1.8532085973020875,0.7414556227027458
1,5.756777103040022,1.235215815268939,0.7007702966258033
1,5.906245618446161,0.8152171327850726,0.6915446830720515
1,5.906245618446161,0.8152171327850726,0.6915446830720515
1,6.850168540471223,1.1098111060761766,0.7193932247274969
1,7.8282085981031,1.2142627384176279,0.6228480750228701
1,8.772985387035165,1.5264822527355764,0.6908885113198946
1,9.102282224185714,2.0451091547133715,0.7368249465387949
1,9.102282224185714,2.0451091547133715,0.7368249465387949
1,9.102282224185714,2.0451091547133715,0.7368249465387949
1,9.102282224185714,2.0451091547133715,0.7368249465387949
1,9.102282224185714,2.0451091547133715,0.7368249465387949
1,9.102282224185714,2.0451091547133715,0.7368249465387949
1,9.425546726617675,2.7161975207077877,0.7754471672106097
1,8.94328108041562,2.125926499528307,0.7682400021022175
1,8.94328108041562,2.125926499528307,0.7682400021022175
1,8.94328108041562,2.125926499528307,0.7682400021022175
1,8.94328108041562,2.125926499528307,0.7682400021022175
1,8.94328108041562,2.125926499528307,0.7682400021022175
1,7.5546188079222185,1.4626421434440506,0.7087754503329031
1,7.751070332593953,1.4459074796761802,0.7035211920857914
1,5.861933329128955,1.2783010161544968,0.6554297873915106
1,8.365608314378818,2.312382291010242,0.6676157800401977
1,8.365608314378818,2.312382291010242,0.6676157800401977
1,8.138112194003469,2.291153559947398,0.7455273714510815
1,6.1370687987995645,1.1083022103310936,0.7364162438841216
1,6.1370687987995645,1.1083022103310936,0.7364162438841216
1,7.474782565486337,1.0833130067644174,0.7373340614688816
1,7.474782565486337,1.0833130067644174,0.7373340614688816
1,9.117094866906177,1.0932687860369312,0.7099972438071945
1,9.540352365595107,1.8213178424657996,0.6260637284332432
1,10.17673023873272,2.7224753132429136,0.6310645089113684
1,9.400051282450251,2.1545040732243246,0.6624792520997758
1,6.898887285680505,0.9714466933536201,0.6887559123368993
1,6.898887285680505,0.9714466933536201,0.6887559123368993
1,7.67025242594171,1.3094119649436733,0.7197825335964929
1,7.2855734097267035,1.4623618252252342,0.7032825337421238
1,6.8383376415679455,1.5798738357954,0.6576890084599525
1,6.8383376415679455,1.5798738357954,0.6576890084599525
1,6.935093045904293,0.9422374042888142,0.6823869628594589
1,6.935093045904293,0.9422374042888142,0.6823869628594589
1,7.596056256569855,0.8133249217847032,0.718952154741584
1,6.418063785241814,0.7848466251567685,0.7740585882174423
1,7.545943058173999,0.8049736399497373,0.7061646714968572
1,9.615732707773443,1.4823398687235128,0.7606913381024866
1,9.615732707773443,1.4823398687235128,0.7606913381024866
1,6.917145419375952,1.719019033407075,0.698946697912759
1,8.100601691119639,1.3768477439214317,0.7379265117182365
1,7.58814325931949,1.6463025660587307,0.7257583948516184
1,9.915046281170985,1.6319537374485782,0.696268598909277
1,7.345519427925324,2.3426111227433415,0.6828308255862455
1,8.256840584886326,1.855010007948652,0.7158764250475755
1,8.256840584886326,1.855010007948652,0.7158764250475755
1,8.845772073162141,1.0718082059355536,0.6389337025576493
1,5.614709198485871,0.8222785417593956,0.6644213851878967
1,7.374340220006322,1.0111586002818704,0.7975973287401532
1,6.921556882684211,0.6984695769701806,0.7200479643905988
1,5.885902864993643,0.7286684212975645,0.7178767292302265
1,5.9041010370660505,1.0456842106231448,0.7059870080990497
1,5.873615345424976,0.8603382985867698,0.7774556324250215
1,5.547547832025167,0.8227071604333145,0.7904504112833206
1,5.300879981781001,0.9058167037019862,0.7558669995366114
1,5.92572396606574,0.7797930385666865,0.6738223341667676
1,6.6175466102871425,0.7059523714994038,0.6628462129997659
1,9.105651868175304,1.6729162802698794,0.6816442176716494
1,6.917305906109698,1.4486475194360307,0.6856155786286412
1,6.683890102542105,1.3475593254094207,0.6986188233744005
1,6.683890102542105,1.3475593254094207,0.6986188233744005
1,6.683890102542105,1.3475593254094207,0.6986188233744005
1,6.683890102542105,1.3475593254094207,0.6986188233744005
1,6.683890102542105,1.3475593254094207,0.6986188233744005
1,6.683890102542105,1.3475593254094207,0.6986188233744005
1,6.776515789121095,1.0570633488858867,0.7160831610379547
1,6.214127906413548,0.7560865988193922,0.7348598176284971
1,5.38592082387982,0.6991249523647113,0.6995576324202709
1,8.68466331905464,1.4621161733460386,0.763542001101107
1,7.505481907215276,0.9251463902219461,0.7610881171417774
1,7.7436202979571735,1.153249211902975,0.6860593647094219
1,7.7436202979571735,1.153249211902975,0.6860593647094219
1,8.245906043495458,1.8281168342321297,0.6571031974081216
1,8.533371972720163,1.3108060127044263,0.7079306712437697
1,8.211522932204115,1.005647665020867,0.7223817303621513
1,7.0713316571026406,0.9706673328354494,0.7136190949435627
1,7.0713316571026406,0.9706673328354494,0.7136190949435627
1,7.0713316571026406,0.9706673328354494,0.7136190949435627
1,7.0713316571026406,0.9706673328354494,0.7136190949435627
1,7.0713316571026406,0.9706673328354494,0.7136190949435627
1,7.002154318346034,1.4863349922084241,0.7176117005449137
1,7.002154318346034,1.4863349922084241,0.7176117005449137
1,5.90670242289171,1.3838190756016902,0.7285545115218529
1,6.33822788978052,1.415822314123644,0.775714003365642
1,5.098038733658899,1.0377915784840628,0.6841822852772885
1,5.097632365104271,1.0064125921387497,0.7970143237356571
1,6.474167929689131,1.200315965623727,0.6441275949629589
1,8.29116400216302,1.145016117151801,0.6010719314607095
1,5.207308506661039,0.7226783436169631,0.7112952597913047
1,5.323240979581292,0.8579402839921694,0.7266177287147135
1,5.323240979581292,0.8579402839921694,0.7266177287147135
1,8.174809058443024,0.7105571003590635,0.6778923126380122
1,4.732353329325713,0.6206338915911466,0.6803323464434633
1,5.197897508120526,0.9636242457079296,0.6632961638946321
1,6.22642797877852,0.7516473263863196,0.6926825293577651
1,6.365266445585365,0.7750483119441981,0.7066970087009984
1,7.905688700302791,1.3993541939800958,0.7543787779412267
1,6.806341170524281,1.5413449938417927,0.6792574784537136
1,6.806341170524281,1.5413449938417927,0.6792574784537136
1,9.82322394921291,3.1049531853348067,0.645783779392531
1,8.10112896131409,2.537243983599922,0.7354099626355822
1,8.485711807041369,1.3131012771090784,0.7403443941497304
1,7.228105588434753,1.0549326976501006,0.783797597150474
1,6.7953150244914236,1.3761654433207282,0.8045889800155646
1,6.93666968048325,0.9453297993038399,0.6617993085046929
1,6.087963397035825,1.1502424942123017,0.7307664164696429
1,6.087963397035825,1.1502424942123017,0.7307664164696429
1,7.173444581419997,1.1775253361103455,0.7479284707912928
1,8.100772689711754,2.4147776938686434,0.6498574583611042
1,8.100772689711754,2.4147776938686434,0.6498574583611042
1,8.100772689711754,2.4147776938686434,0.6498574583611042
1,8.100772689711754,2.4147776938686434,0.6498574583611042
1,6.545019347513171,1.3370111510055278,0.7194440370027757
1,6.545019347513171,1.3370111510055278,0.7194440370027757
1,6.545019347513171,1.3370111510055278,0.7194440370027757
1,6.802242213497543,0.8221974525316642,0.8122992668268955
1,5.387294197590274,0.6664191590936092,0.7523729714622528
1,5.387294197590274,0.6664191590936092,0.7523729714622528
1,4.998391216943649,0.5330511267937095,0.7336185509442076
1,4.291996351125553,0.6627486477705535,0.7998977843052036
1,5.011267444098002,0.5817756073619083,0.7576546860566511
1,4.65256287631933,0.6242669313411728,0.6302170979662578
1,4.65256287631933,0.6242669313411728,0.6302170979662578
1,6.379729195467095,0.5236310329604761,0.7493681742358241
1,5.7459033910992305,0.518329897165629,0.6993017988282024
1,5.19667780276243,0.5293862092319704,0.7172706380688396
1,5.19667780276243,0.5293862092319704,0.7172706380688396
1,4.810104013018593,0.5379025463992224,0.7304122981529191
1,4.810104013018593,0.5379025463992224,0.7304122981529191
1,4.810104013018593,0.5379025463992224,0.7304122981529191
1,4.810104013018593,0.5379025463992224,0.7304122981529191
1,4.810104013018593,0.5379025463992224,0.7304122981529191
1,4.050610148253428,0.5380872717893153,0.7652348225757096
1,4.794949859102466,0.7751638112066126,0.7393129463767661
1,4.794949859102466,0.7751638112066126,0.7393129463767661
1,6.50635311337318,0.8055581672776173,0.7317041927002683
1,6.50635311337318,0.8055581672776173,0.7317041927002683
1,6.50635311337318,0.8055581672776173,0.7317041927002683
1,6.50635311337318,0.8055581672776173,0.7317041927002683
1,6.50635311337318,0.8055581672776173,0.7317041927002683
1,6.50635311337318,0.8055581672776173,0.7317041927002683
1,6.50635311337318,0.8055581672776173,0.7317041927002683
1,6.50635311337318,0.8055581672776173,0.7317041927002683
1,6.50635311337318,0.8055581672776173,0.7317041927002683
1,6.50635311337318,0.8055581672776173,0.7317041927002683
1,6.50635311337318,0.8055581672776173,0.7317041927002683
1,6.50635311337318,0.8055581672776173,0.7317041927002683
1,6.488950790467667,1.2843920178386774,0.7887671082856464
1,6.784386203979329,0.8030833614409867,0.7368779453239165
1,6.255469307124995,0.796629165563724,0.750049522904928
1,5.527528271141317,0.7222093756903425,0.7380224535090526
1,5.076042099756159,0.6253598837088158,0.6374320791347234
1,5.3006038818373336,0.7423140193527487,0.7755920902126243
1,5.250004530675402,0.8270462203598019,0.6705430953259318
1,5.918705876406551,0.7905970434856262,0.7119449076510006
1,7.897392682206739,1.0749900140123922,0.7510146346640767
1,7.4339060854590695,0.9616590688902971,0.669573141484706
1,6.14340063230219,0.6870580501453418,0.6543786868936136
1,4.402912245170557,0.6783980609974047,0.7199244288294748
1,6.501558975113456,1.1594083311881833,0.6969971145716326
1,6.501558975113456,1.1594083311881833,0.6969971145716326
1,7.874095062826704,1.0261487696331981,0.6506693184926361
1,7.560711118622581,1.3623337249695404,0.6583815490844679
1,6.935669961400771,1.488323873989005,0.7650008125767046
1,6.935669961400771,1.488323873989005,0.7650008125767046
1,7.251668448456096,2.3944053188909162,0.7383655125118179
1,7.251668448456096,2.3944053188909162,0.7383655125118179
1,7.251668448456096,2.3944053188909162,0.7383655125118179
1,7.192401769701498,1.8809039679323059,0.7631721844048708
1,7.192401769701498,1.8809039679323059,0.7631721844048708
1,7.192401769701498,1.8809039679323059,0.7631721844048708
1,6.094984961643011,1.576055534500183,0.7920809803342126
1,6.094984961643011,1.576055534500183,0.7920809803342126
1,7.991229682127661,2.1292734460060636,0.771035374003163
1,7.991229682127661,2.1292734460060636,0.771035374003163
1,7.35585485385062,0.9566017950978274,0.8002208015079073
1,7.92091130109386,0.9842015274982373,0.6954610031152121
1,8.178809999158222,1.1709991521718277,0.6291842831338168
1,9.61635478729965,1.4918850515900588,0.6460664767913386
1,8.105807212837863,1.5212717824628528,0.7309948224265537
1,8.105807212837863,1.5212717824628528,0.7309948224265537
1,6.461361220602809,1.1530128792917076,0.6933292697814588
1,7.09815816044932,1.8927039060280375,0.6450835897127133
1,8.66547042223012,1.4127914459700235,0.7255183126909597
1,7.026980961966923,1.5646326297856976,0.7460115610867158
1,7.811957243321519,2.304094952555305,0.7114827684488241
1,8.093351017325404,1.1623422415091063,0.7397147696157077
1,7.63925601844024,1.1375715118833338,0.7328357340564873
1,8.900179024576612,1.3118692971080819,0.7409748615265578
1,7.622087895312424,1.6887716113395081,0.7333610774485463
1,6.588127244781161,1.1531429206514892,0.7063432528941741
1,5.001189746339932,0.8138183164227898,0.7026322211815995
1,5.001189746339932,0.8138183164227898,0.7026322211815995
1,5.9352307698738205,1.6268628622913168,0.7269653772020396
1,7.744247991067975,1.8137884374233917,0.6920220230884973
1,7.744247991067975,1.8137884374233917,0.6920220230884973
1,7.744247991067975,1.8137884374233917,0.6920220230884973
1,7.611464758335789,1.2595159818218988,0.6824168167262579
1,7.611464758335789,1.2595159818218988,0.6824168167262579
1,9.977426697678451,1.9604915572325128,0.6399561888379436
1,9.350020939408642,1.5353715915582746,0.7806328648137287
1,7.139174830510805,1.0695409504046647,0.6458271241830935
1,5.387413854569622,0.9407268539468654,0.7017114215250168
1,5.387413854569622,0.9407268539468654,0.7017114215250168
1,5.274333122011943,0.8264869161824084,0.7061907612884905
1,5.274333122011943,0.8264869161824084,0.7061907612884905
1,5.6342636932649475,0.7339080640692627,0.7617170366839539
1,6.010648705594541,1.441751424336808,0.6807942534081635
1,7.916864265285596,2.3784870477375586,0.6611972031201115
1,7.687872630509365,1.9668338147671978,0.642582935391707
1,7.687872630509365,1.9668338147671978,0.642582935391707
1,6.544107373907485,1.3007523975783373,0.7749112506635912
1,6.3613477468664845,1.9357127954253148,0.7439701285400018
1,6.700593344193857,1.484738212749523,0.7807918864540766
1,6.700593344193857,1.484738212749523,0.7807918864540766
1,7.21106270413755,1.2942796034414923,0.7425927062605783
1,6.996145471721128,1.1649856497302187,0.6773014381481381
1,6.417800696254741,1.1187141881688956,0.8024228285235683
1,8.718265819886907,1.3800097139034646,0.7336132233326516
1,8.718265819886907,1.3800097139034646,0.7336132233326516
1,6.687939731450602,1.2451317991759856,0.7880018184875375
1,7.15946350850981,0.981441627779112,0.733937537411197
1,6.303374258345826,0.7212971347703797,0.7706774795494836
1,5.366731837191125,0.9656513858574222,0.6909647257193934
1,5.861729483957103,1.034739821699678,0.7324416827027084
1,8.24314469235673,1.6336317342181927,0.7662630278256546
1,6.813917649494456,1.331613954925995,0.7156111917252085
1,6.813917649494456,1.331613954925995,0.7156111917252085
1,5.256867692579331,1.262692505801669,0.7393619736601651
1,7.297013668059003,1.31546389507778,0.6852524772879588
1,7.297013668059003,1.31546389507778,0.6852524772879588
1,7.297013668059003,1.31546389507778,0.6852524772879588
1,7.297013668059003,1.31546389507778,0.6852524772879588
1,7.297013668059003,1.31546389507778,0.6852524772879588
1,7.297013668059003,1.31546389507778,0.6852524772879588
1,5.926161526462893,1.1052665828737693,0.776765092505328
1,11.041290767303423,2.748593022221238,0.7495364331385312
1,9.345005653805284,1.9636185293241477,0.6563044063431636
1,9.345005653805284,1.9636185293241477,0.6563044063431636
1,8.959933027445423,2.3366176743525786,0.7048761843038591
1,8.2248592706657,1.100649170947474,0.7438910701560288
1,9.472311904702924,1.8796481452304454,0.679975916951721
1,9.472311904702924,1.8796481452304454,0.679975916951721
1,8.880688723088038,0.9384488710205778,0.6460672985151844
1,4.737880590873092,0.7280655991142958,0.6693909922616859
1,5.430365983382389,0.8373916382568853,0.7191836423287183
1,7.261344957420762,1.039511884917114,0.7640428575306979
1,7.30456057914045,1.0215413311025192,0.6963533375576415
1,7.30456057914045,1.0215413311025192,0.6963533375576415
1,7.30456057914045,1.0215413311025192,0.6963533375576415
1,6.465038947523511,1.2804654277908,0.6940736101981287
1,6.58947427984305,1.4030767158530424,0.6861519097178104
1,7.839342126674457,1.6332297069648312,0.6769367248983541
1,7.865851684641508,1.5180631493665375,0.7047541036604715
1,7.448498464362504,1.4185380304487145,0.7187684794195207
1,7.448498464362504,1.4185380304487145,0.7187684794195207
1,7.448498464362504,1.4185380304487145,0.7187684794195207
1,7.448498464362504,1.4185380304487145,0.7187684794195207
1,7.448498464362504,1.4185380304487145,0.7187684794195207
1,6.909503126990556,1.73991406521863,0.7025003361489907
1,6.909503126990556,1.73991406521863,0.7025003361489907
1,6.909503126990556,1.73991406521863,0.7025003361489907
1,7.044288098919706,1.16547886875424,0.6679556917098719
1,7.044288098919706,1.16547886875424,0.6679556917098719
1,6.323083426378989,0.8251774841363453,0.7145554694939491
1,5.940168249489254,0.6178218261641337,0.6756038975657238
1,8.174662828961146,0.7351219684771675,0.7294378044146904
1,8.125191272842677,1.6439473051001379,0.6530818473853875
1,8.201676316131632,1.465350560587872,0.7477056526367569
1,5.865784242641085,1.1818131310344242,0.7320998377060867
1,11.394801319995825,2.2557625804687786,0.725459502346562
1,9.962523185815922,1.6144078967466082,0.6015067558630539
1,9.962523185815922,1.6144078967466082,0.6015067558630539
1,5.414616310983211,0.906064892692243,0.7239861865396816
1,5.414616310983211,0.906064892692243,0.7239861865396816
1,5.718450576667037,1.095761587296407,0.6665731365266214
1,5.718450576667037,1.095761587296407,0.6665731365266214
1,5.718450576667037,1.095761587296407,0.6665731365266214
1,7.561301235169289,1.0436644697555648,0.7202941456251638
1,7.561301235169289,1.0436644697555648,0.7202941456251638
1,7.612815661681675,1.9326742746149375,0.6872477356428323
1,7.612815661681675,1.9326742746149375,0.6872477356428323
1,6.732295883205791,1.1812227113363032,0.7418465138628613
1,7.630656307093388,0.8407579309603019,0.7086838890330722
1,7.630656307093388,0.8407579309603019,0.7086838890330722
1,6.131867782627374,0.7466836745385759,0.7531481900519982
1,6.131867782627374,0.7466836745385759,0.7531481900519982
1,7.249287490829069,0.9071968079286875,0.6857874207006365
1,7.249287490829069,0.9071968079286875,0.6857874207006365
1,5.930470142250563,1.1340095164081587,0.7525596444389774
1,7.936304292774742,1.6598611949552389,0.6881692845538929
1,7.936304292774742,1.6598611949552389,0.6881692845538929
1,7.936304292774742,1.6598611949552389,0.6881692845538929
1,7.678457918617256,2.417676861785835,0.6948113032193628
1,7.678457918617256,2.417676861785835,0.6948113032193628
1,7.45061607874876,1.820937573419951,0.7563479535660272
1,8.31243463984546,1.485999508084726,0.6506113360045845
1,6.186245440474579,1.081744393241726,0.6394008537213866
1,7.858099385091583,1.138571648799882,0.7005191491226403
1,7.236397831833174,1.8249735652338177,0.672883168903136
1,7.84758658609016,1.7977705021790582,0.7585569169460803
1,7.84758658609016,1.7977705021790582,0.7585569169460803
1,10.136432056462274,1.7822328546380455,0.6801773514731723
1,10.136432056462274,1.7822328546380455,0.6801773514731723
1,10.136432056462274,1.7822328546380455,0.6801773514731723
1,10.136432056462274,1.7822328546380455,0.6801773514731723
1,5.686004022468485,0.9361819889254981,0.6404209490486558
1,4.8988371201562675,0.7153349947826779,0.7513919920762453
1,6.316842892916464,0.8220502911599818,0.7328233622349295
1,6.316842892916464,0.8220502911599818,0.7328233622349295
1,6.649435525394085,1.1423663121174816,0.7573766445420566
1,9.337252910740297,1.1081511898785323,0.7143837947614923
1,9.062855693743012,1.390209641749823,0.6926719258691655
1,8.322151191923625,1.0755934898085766,0.7185161763345745
1,8.380833842395687,2.0398831142591654,0.7273109010795074
1,8.637397511596124,2.3347746932708713,0.7094007616926717
1,8.285482218412902,1.447284325978997,0.6989953898241021
1,8.285482218412902,1.447284325978997,0.6989953898241021
1,8.190662463450717,1.3597679230525404,0.679745647457862
1,8.190662463450717,1.3597679230525404,0.679745647457862
1,6.888165877312819,0.8909279101091409,0.7355487187005706
1,8.216872421342796,1.1152874937963821,0.657699867540018
1,6.763766166080596,1.3014376358045086,0.7873082239237533
1,4.381035899654286,0.6524153044248417,0.8009874247639636
1,5.3427962019345765,0.8405964085699327,0.6921469095739573
1,7.488678091029031,1.7019160076449362,0.6285492292189887
1,7.488678091029031,1.7019160076449362,0.6285492292189887
1,7.488678091029031,1.7019160076449362,0.6285492292189887
1,7.610967871333073,1.108848203797843,0.673348522979818
1,6.194855506848972,0.9185224069038074,0.7213840485855568
1,7.797914814260548,0.8654017842782362,0.6905212161064528
1,6.721686428427677,1.1680467808117805,0.7720387191632355
1,6.721686428427677,1.1680467808117805,0.7720387191632355
1,7.691224976407018,1.3947163029222156,0.6469401619893943
1,9.220118170618102,1.1052376044674603,0.645954573544051
1,5.9836222787859334,1.1405395794535125,0.7600370685939736
1,7.4314313898135005,1.3235467601776874,0.6420014767096485
1,7.4314313898135005,1.3235467601776874,0.6420014767096485
1,7.4314313898135005,1.3235467601776874,0.6420014767096485
1,7.434125083401878,1.4602923857768801,0.7761950782269645
1,5.332495671341206,0.8509851756834282,0.7471228758585106
1,5.936425016039903,0.7157260962899867,0.7243982695252115
1,6.898398783002644,0.6664197405193338,0.7080409834861732
1,6.898398783002644,0.6664197405193338,0.7080409834861732
1,6.565028511345445,1.0555225496454415,0.6286352744067024
1,5.831234699985177,0.8704266243751395,0.7081983189116163
1,5.831234699985177,0.8704266243751395,0.7081983189116163
1,6.199196439536016,0.8752473854405356,0.6637599467382567
1,6.647430618612508,0.8681017216301503,0.6974091884745982
1,6.647430618612508,0.8681017216301503,0.6974091884745982
1,7.175218363116773,1.2961036119581149,0.6438130425886418
1,5.720831241247623,0.7254227395831904,0.6695943421497944
1,6.521140163988987,1.1400002203198607,0.7277000945152811
1,6.521140163988987,1.1400002203198607,0.7277000945152811
1,6.521140163988987,1.1400002203198607,0.7277000945152811
1,5.802910612574984,1.2614405791143044,0.6819291032954146
1,7.9878834526598945,1.1146377244980554,0.7336249832890318
1,6.778874490827936,0.5874266750106124,0.684674445763341
1,6.778874490827936,0.5874266750106124,0.684674445763341
1,6.095261820578178,0.6624304978268715,0.6952221766942357
1,7.826157429896822,0.6565087844380593,0.6447037777321133
1,7.207034467489449,0.7299130043183341,0.6773252573130047
1,6.52732016742623,1.5579652412606972,0.8126791135348499
1,6.632207586899032,1.074087674545153,0.7914942142018632
1,6.975339544920177,0.8351220822058711,0.7464036602362701
1,7.1425649307904555,1.5071325666797553,0.7169945123270091
1,7.1425649307904555,1.5071325666797553,0.7169945123270091
1,7.1425649307904555,1.5071325666797553,0.7169945123270091
1,7.781063211932775,1.8904041471966493,0.7193043730547616
1,8.323515914255854,1.9607027398444026,0.6877696331756611
1,8.323515914255854,1.9607027398444026,0.6877696331756611
1,8.014676842994866,1.559797015171373,0.7628944080124636
1,8.049549355632411,1.0601070469653984,0.6895363743853099
1,7.323529926831592,1.3118398001811094,0.7275338420645153
1,7.172861972305608,0.9455215067685723,0.7159223601640415
1,7.172861972305608,0.9455215067685723,0.7159223601640415
1,7.172861972305608,0.9455215067685723,0.7159223601640415
1,7.582502522897972,1.676322481830826,0.7475234193441828
1,6.396507884506191,1.2371473136640756,0.7169061222365021
1,7.834303802428581,1.2738767091961636,0.7142438470672132
1,7.834303802428581,1.2738767091961636,0.7142438470672132
1,9.135896294900785,1.78059422918132,0.6648633279261871
1,6.293363778778855,1.0249692931330419,0.7153781598029132
1,6.293363778778855,1.0249692931330419,0.7153781598029132
1,6.806753574307864,0.9594428875749295,0.6599139918409035
1,8.024242489431574,1.148606728868542,0.6782894553210997
1,9.20808374666819,1.4036760956269305,0.7080572790566348
1,8.871270237367948,1.8572283289151093,0.7828974855305074
1,7.572630964468043,1.1382012137978603,0.7063341082969722
1,8.56959580267365,1.7368789773860636,0.6026011520643415
1,7.197556561643886,1.4560026283834762,0.7238316064240132
1,7.197556561643886,1.4560026283834762,0.7238316064240132
1,7.197556561643886,1.4560026283834762,0.7238316064240132
1,7.197556561643886,1.4560026283834762,0.7238316064240132
1,7.197556561643886,1.4560026283834762,0.7238316064240132
1,7.991723438380264,1.6419713397803108,0.7259039964308999
1,7.991723438380264,1.6419713397803108,0.7259039964308999
1,7.991723438380264,1.6419713397803108,0.7259039964308999
1,6.797903984159658,1.5550677437248437,0.7113653650255786
1,6.797903984159658,1.5550677437248437,0.7113653650255786
1,7.154013910408926,1.625448564567236,0.7519038262256642
1,7.154013910408926,1.625448564567236,0.7519038262256642
1,7.39143471401118,1.604054609909799,0.7749646049917086
1,6.345388066812419,2.131022505783611,0.7806580981332967
1,7.320861195476557,1.2645316986411663,0.7379784556200253
1,6.4812829202862785,1.3160212820745325,0.744578525532696
1,8.30252212262069,2.2307106361159716,0.6310634463633766
1,7.49947394567221,2.4801919900955154,0.7132218516422834
1,7.6689983179308925,1.5991990322556504,0.7093242578692539
1,7.644495810475429,1.6487655229300202,0.761856823265961
1,7.766601459277013,1.5334379294225184,0.7094674854061559
1,7.766601459277013,1.5334379294225184,0.7094674854061559
1,7.766601459277013,1.5334379294225184,0.7094674854061559
1,7.289102570231803,2.2422383365374583,0.6946063994211705
1,7.289102570231803,2.2422383365374583,0.6946063994211705
1,7.289102570231803,2.2422383365374583,0.6946063994211705
1,8.306418541254564,1.9024541143572062,0.7112646446137459
1,5.884523534217499,1.52143455158946,0.6960955398380748
1,6.654504271078276,1.1180202038630092,0.6769363617277785
1,6.654504271078276,1.1180202038630092,0.6769363617277785
1,7.543669751198316,1.332665703322078,0.7056379818139036
2,7.467248284652794,1.3398221324077026,0.731631154217567
2,7.467248284652794,1.3398221324077026,0.731631154217567
2,7.467248284652794,1.3398221324077026,0.731631154217567
2,7.467248284652794,1.3398221324077026,0.731631154217567
2,8.587963550606881,2.4270533293017706,0.7156177390535257
2,8.361587403213278,1.1732281390127053,0.6957776080135253
2,5.820969899658366,1.0310352968136298,0.7562884627187206
2,8.251205502804105,1.5962724703632123,0.6891800443883077
2,8.251205502804105,1.5962724703632123,0.6891800443883077
2,8.251205502804105,1.5962724703632123,0.6891800443883077
2,7.782444082316384,2.9294599651059543,0.7595853593894388
2,6.3152086719114635,0.8949208399178282,0.6618782772408031
2,6.3152086719114635,0.8949208399178282,0.6618782772408031
2,8.333966543607577,1.3079472835239834,0.6883387596587153
2,7.731667958490633,1.5790702386633837,0.6480458051448464
2,7.731667958490633,1.5790702386633837,0.6480458051448464
2,7.227345651356355,1.4264571659005574,0.7053635720516664
2,8.969247632941496,2.129161136628337,0.669337352486981
2,7.756511529417682,1.6911087422951359,0.6577399262937401
2,8.474366869276217,1.7541701602231197,0.8045753264205433
2,7.103226798987831,1.1676484127309221,0.791614297114209
2,8.596029986749699,2.2163192636286233,0.7865598261357714
2,9.988094742646485,2.8262171651852586,0.6500289521345347
2,9.988094742646485,2.8262171651852586,0.6500289521345347
2,9.988094742646485,2.8262171651852586,0.6500289521345347
2,9.988094742646485,2.8262171651852586,0.6500289521345347
2,6.705194713320104,0.8467962153121447,0.62766746086673
2,5.967267620231441,1.005697612259096,0.6751029565862445
2,5.8802514310332645,1.747893612972157,0.7305039347439803
2,6.228714458534786,0.9804342140614044,0.6855546438475554
2,6.029216432975287,1.1897428234523866,0.6527678726257162
2,6.029216432975287,1.1897428234523866,0.6527678726257162
2,6.029216432975287,1.1897428234523866,0.6527678726257162
2,6.029216432975287,1.1897428234523866,0.6527678726257162
2,8.959384677689329,1.2924338173909518,0.7073210659473362
2,5.29762887362649,0.7715731854676016,0.7200428085997659
2,7.609009733740556,1.1127370524433822,0.7160880788842768
2,7.609009733740556,1.1127370524433822,0.7160880788842768
2,7.609009733740556,1.1127370524433822,0.7160880788842768
2,7.5251549474117585,1.2970114110711268,0.78906966692367
2,6.633754820527053,1.6073227825213623,0.7830640420264253
2,7.711792683379549,1.464711945389481,0.7273413399269214
2,8.177427720039546,1.5529320966952946,0.7697424400620112
2,5.738606104973696,1.2563037137122035,0.7640868729242531
2,8.247549508723017,1.2319416043725198,0.661215544689446
2,8.109094584706783,1.8262064952289696,0.7024844866712957
2,7.050831051360657,1.605922543766391,0.6607389655085475
2,9.068951192286756,1.7427675567291177,0.6098364065056994
2,9.150963787674286,2.415279751667911,0.7563377082179297
2,9.072295065610232,2.985510613923608,0.7065782327193824
2,6.56520273867088,1.724682834129021,0.7503932910987013
2,6.165126583084308,1.6988442420552703,0.6978713911187698
2,9.85869632786754,1.636282502302069,0.6084767486069211
2,9.452261257006857,2.4622305496495445,0.6334006612175248
2,6.481582354624371,1.0134375015761332,0.6495830615242258
2,9.185329684849382,1.7989845583841568,0.7124870240547448
2,9.185329684849382,1.7989845583841568,0.7124870240547448
2,6.382185004346278,1.435340135584874,0.6259345904200047
2,6.382185004346278,1.435340135584874,0.6259345904200047
2,5.838386798416729,1.0065508794752953,0.6481915271278912
2,5.838386798416729,1.0065508794752953,0.6481915271278912
2,5.838386798416729,1.0065508794752953,0.6481915271278912
2,6.536548603689639,1.891492752518082,0.7070981805893135
2,6.536548603689639,1.891492752518082,0.7070981805893135
2,6.536548603689639,1.891492752518082,0.7070981805893135
2,7.144496888751122,1.3618083177185656,0.7368875946771126
2,8.228167147049628,2.1480162213172798,0.7336723489791106
2,6.011019175328338,1.6975470584878565,0.7330563306956231
2,7.216568189716367,2.130324594225904,0.7072576072679578
2,7.216568189716367,2.130324594225904,0.7072576072679578
2,7.76759168880841,1.9928654729214337,0.6907256158700422
2,6.676948066949429,1.295682586270428,0.6837249521765246
2,6.070935247454375,1.3501075360957722,0.6945542901378533
2,6.070935247454375,1.3501075360957722,0.6945542901378533
2,6.070935247454375,1.3501075360957722,0.6945542901378533
2,6.235258437606073,1.2229653886798977,0.6790322814067009
2,7.245764152959241,1.3456187287668426,0.6747556764260113
2,7.245764152959241,1.3456187287668426,0.6747556764260113
2,7.245764152959241,1.3456187287668426,0.6747556764260113
2,7.245764152959241,1.3456187287668426,0.6747556764260113
2,7.245764152959241,1.3456187287668426,0.6747556764260113
2,7.245764152959241,1.3456187287668426,0.6747556764260113
2,7.245764152959241,1.3456187287668426,0.6747556764260113
2,6.325910690059266,1.2116829850128035,0.6994611587857007
2,6.325910690059266,1.2116829850128035,0.6994611587857007
2,6.331724617276073,1.6545447007909382,0.7074932586276571
2,7.795685952173155,1.324993803805281,0.7426360976658566
2,7.246957324513593,1.137390655758107,0.6523283180481518
2,6.682029175584243,1.0231948568998928,0.7592605576666321
2,4.708996705905801,1.2809814063122849,0.7120912012939806
2,6.415196218844847,1.2058531549690463,0.7553241628447919
2,6.394651922940726,1.3508932054587093,0.7573803341843127
2,6.92686268208839,1.4286453721155452,0.7786433589485329
2,6.251550567523538,1.0510789266245422,0.7775680907863883
2,7.4734385281722915,1.5675242918559367,0.7240557930939389
2,6.365508678424742,1.0671990755034426,0.7499579806981433
2,8.501275061410718,1.904390603410884,0.6300556717187468
2,6.533018796231627,2.277538910400569,0.6363624012882215
2,6.533018796231627,2.277538910400569,0.6363624012882215
2,7.477096295308135,2.294317528233595,0.6594476257222862
2,7.174822703484354,1.2762730202521397,0.7655070167024709
2,7.174822703484354,1.2762730202521397,0.7655070167024709
2,6.820509163267422,0.9402225843934646,0.6983883558954447
2,6.820509163267422,0.9402225843934646,0.6983883558954447
2,6.820509163267422,0.9402225843934646,0.6983883558954447
2,5.987628117325411,1.2809407950014537,0.733112951185121
2,8.164023463765893,1.0064258405700548,0.6886502318628889
2,6.8916350661374794,0.9198953941235661,0.6296124824758673
2,5.600918148962877,0.8066543440756423,0.7532240704692031
2,5.600918148962877,0.8066543440756423,0.7532240704692031
2,5.462899825782723,0.8434573348679315,0.7707228516057645
2,6.474721659348222,1.3549766270898553,0.7558122463553104
2,6.10127102376669,0.946711285227087,0.6887850564803262
2,6.10127102376669,0.946711285227087,0.6887850564803262
2,5.364894431285211,1.0844582485774081,0.6956111480690036
2,6.628584949754351,0.9734369988426986,0.6737352642857785
2,7.590609539455541,0.8656411119924732,0.6501549435070598
2,6.6747690366585894,0.8038962585532189,0.7300066783222705
2,6.6747690366585894,0.8038962585532189,0.7300066783222705
2,5.9356603265667225,1.04579961890665,0.6961814756790172
2,5.9356603265667225,1.04579961890665,0.6961814756790172
2,6.584832104087409,1.540101402074496,0.7181938318709932
2,6.954603234185519,1.326694541949634,0.7029186278541103
2,6.260189442808097,1.1719372099856447,0.6942392068561232
2,6.260189442808097,1.1719372099856447,0.6942392068561232
2,6.260189442808097,1.1719372099856447,0.6942392068561232
2,7.033004084874673,1.2454636794545704,0.6732832252157069
2,7.033004084874673,1.2454636794545704,0.6732832252157069
2,7.54208241483142,1.292967143086876,0.674185607098424
2,7.54208241483142,1.292967143086876,0.674185607098424
2,6.770125224566018,0.7983991519114084,0.6743419930923352
2,7.774554048901403,1.0585466595748418,0.6460479770396809
2,7.278279834258398,1.135217407018294,0.7219128651192734
2,7.049075645311282,1.4434517958263733,0.7365337685736827
2,7.151940221602223,1.8250168836335363,0.6920117729726876
2,6.153674594086935,1.2436909604895017,0.6792893533721619
2,7.5370811929366255,1.7485910846556285,0.7387921284146942
2,7.5370811929366255,1.7485910846556285,0.7387921284146942
2,7.5370811929366255,1.7485910846556285,0.7387921284146942
2,7.5370811929366255,1.7485910846556285,0.7387921284146942
2,9.498694925771906,2.496912925513463,0.6859799026979505
2,9.498694925771906,2.496912925513463,0.6859799026979505
2,6.5701945538965765,0.9901615090014387,0.7536388841079209
2,6.5701945538965765,0.9901615090014387,0.7536388841079209
2,6.681805003119548,1.6286749190164103,0.7063582342272807
2,6.744860298841945,1.5460081317346588,0.73623105630142
2,7.376626612051658,1.3468574509565356,0.6692321752423755
2,7.376626612051658,1.3468574509565356,0.6692321752423755
2,6.986022162173219,1.2816032671227824,0.7198088648634062
2,6.2865751951589735,0.9017986573614605,0.737605867034749
2,6.2865751951589735,0.9017986573614605,0.737605867034749
2,7.568722574242089,0.9737536435026499,0.7638889491661982
2,7.568722574242089,0.9737536435026499,0.7638889491661982
2,6.942039259019539,1.0888810410704726,0.7617179144247636
2,6.616744870105045,1.6578176966648912,0.7272281186795962
2,6.616744870105045,1.6578176966648912,0.7272281186795962
2,7.000658105013237,1.6467570781291587,0.6765746899859599
2,7.000658105013237,1.6467570781291587,0.6765746899859599
2,7.000658105013237,1.6467570781291587,0.6765746899859599
2,6.898139722318562,1.4240316618222275,0.6966328872969592
2,7.2346160470619525,1.3532441733144545,0.6906090318563618
2,7.81478526091128,1.3014360947478871,0.708176352650022
2,8.43111092337463,3.204519061043616,0.6678691872932071
2,6.7502516069851985,1.7828550761312814,0.7180156005756432
2,6.7502516069851985,1.7828550761312814,0.7180156005756432
2,6.7502516069851985,1.7828550761312814,0.7180156005756432
2,8.241940899788272,1.5514095495993492,0.7104744602993925
2,8.241940899788272,1.5514095495993492,0.7104744602993925
2,8.394373164152764,1.9505084784639635,0.7413956310274865
2,8.011547756105667,2.1647065283946874,0.7314333617221322
2,6.705895063094134,1.2213082729423692,0.6734363993896922
2,8.61659159447398,1.8936893107655557,0.6555408709618225
2,7.96517778125201,1.9556244549542867,0.6765840671844658
2,7.96517778125201,1.9556244549542867,0.6765840671844658
2,7.96517778125201,1.9556244549542867,0.6765840671844658
2,7.96517778125201,1.9556244549542867,0.6765840671844658
2,8.249797793358576,1.6321048127238071,0.6867579206761683
2,8.249797793358576,1.6321048127238071,0.6867579206761683
2,8.249797793358576,1.6321048127238071,0.6867579206761683
2,8.249797793358576,1.6321048127238071,0.6867579206761683
2,8.249797793358576,1.6321048127238071,0.6867579206761683
2,6.029002161020354,0.9911009426867095,0.6978035342661814
2,7.516249249626907,1.6761295887026009,0.6811303225597785
2,7.516249249626907,1.6761295887026009,0.6811303225597785
2,7.516249249626907,1.6761295887026009,0.6811303225597785
2,7.192543843572826,0.8994479769219086,0.6693447847753149
2,7.192543843572826,0.8994479769219086,0.6693447847753149
2,6.459119961589437,1.0410870732256705,0.6808296278434153
2,9.131563419205156,1.8451335477758017,0.7971486485535342
2,5.439062265720781,1.003418960221804,0.7178401991582294
2,10.905062298323099,1.7975219955087887,0.7997183247023726
2,12.294662125263763,2.318324029552257,0.7529652790190667
2,11.14492013839117,2.7520411047165236,0.7219600556928547
2,6.424633256028993,0.9524552075923369,0.6790215906867189
2,6.424633256028993,0.9524552075923369,0.6790215906867189
2,7.8100648564972746,0.9786531599711674,0.7329917326183609
2,5.761439107526763,0.7836322328721449,0.7766726700928512
2,8.679528571913858,2.597357841581817,0.7308822473407327
2,8.477120730500658,1.4245031203097878,0.7259691777899475
2,7.0019933587018315,1.284886461835637,0.7261234346951346
2,6.56454165383491,1.017360485621345,0.68016168974157
2,5.878911255392158,0.9170484645145519,0.7336370652309294
2,6.339102685544274,0.6284421965046081,0.7331386459366427
2,7.959150614855061,1.0131176171909173,0.8179689288035055
2,7.22997780666333,1.0607798350855964,0.7102159306937327
2,6.157698158225093,1.6270468392625037,0.7847908329091255
2,7.437488812353686,1.583563450663083,0.7583047136136215
2,7.846766772756647,3.026773904833862,0.7200403513126719
2,7.846766772756647,3.026773904833862,0.7200403513126719
2,8.98235799858896,2.034952146369413,0.7066840652833966
2,8.039406304817517,2.149944584419251,0.7427150559609341
2,6.896311880226081,1.73787842357316,0.757279143694243
2,7.423658553402151,1.0884561348159147,0.7490604687287156
2,9.007057796228743,1.3428368574693783,0.7091753710037831
2,9.007057796228743,1.3428368574693783,0.7091753710037831
2,6.7168823679156535,1.1237889812815758,0.6556616107027272
2,6.7168823679156535,1.1237889812815758,0.6556616107027272
2,8.888873126849935,1.688449085182656,0.711600540309974
2,7.226307718999612,1.1759351427346258,0.7277259660018451
2,10.007488499302601,2.216553369114008,0.6353230932450967
2,10.007488499302601,2.216553369114008,0.6353230932450967
2,9.151123477793071,1.9027948847778884,0.6408698434712724
2,8.084626610429604,2.1405924666629756,0.7058210268668937
2,8.05633523036106,1.2605269179111154,0.7445410093996013
2,6.623419848228443,0.8762459362167124,0.7308207231553583
2,6.627821640166416,1.415309673172262,0.6643158274108535
2,6.013751123090349,0.699733162842501,0.6488608575672179
2,6.439053274248888,0.8033121544904842,0.7455349908863044
2,8.034332918612584,1.4497902342155733,0.6751643020784357
2,5.969341207890887,0.9985300662988843,0.6315270844281982
2,6.368340250769456,1.9429621614578187,0.7153564559669348
2,7.725697198060862,2.085938663842348,0.7282979490234769
2,8.106960232217386,2.6485059208144786,0.7186874653365691
2,6.967080292787794,1.1849085732393303,0.7373167734881215
2,8.615254100834164,1.0636281551553328,0.679592515628752
2,6.924305230717302,0.7977135478970774,0.7966242540880548
2,6.839218854858992,0.5660337052263195,0.7173542426517521
2,5.525129992557194,0.5266660733590012,0.7391984645629008
2,6.08708444893231,0.5541340752618743,0.7288436312259338
2,8.079838641308136,0.9375235975580405,0.6429313927989403
2,6.2054415358331925,0.6687021250872311,0.7349292867396622
2,6.2054415358331925,0.6687021250872311,0.7349292867396622
2,6.755103119409891,0.8274851564217769,0.6449424733198403
2,7.2344301731304865,1.2987822055078615,0.6864489343980543
2,6.248299177361206,1.1116760577816986,0.6846398911867343
2,7.406130893482805,1.5463174153453747,0.6950042474213541
2,7.406130893482805,1.5463174153453747,0.6950042474213541
2,6.556318013721477,1.4663697561417592,0.7148863804215485
2,6.556318013721477,1.4663697561417592,0.7148863804215485
2,6.556318013721477,1.4663697561417592,0.7148863804215485
2,6.556318013721477,1.4663697561417592,0.7148863804215485
2,6.556318013721477,1.4663697561417592,0.7148863804215485
2,6.556318013721477,1.4663697561417592,0.7148863804215485
2,6.556318013721477,1.4663697561417592,0.7148863804215485
2,6.556318013721477,1.4663697561417592,0.7148863804215485
2,6.556318013721477,1.4663697561417592,0.7148863804215485
2,6.556318013721477,1.4663697561417592,0.7148863804215485
2,6.584231693009729,1.080639120593509,0.7434228777180648
2,5.849640641616117,0.8555592132384389,0.7260285350040803
2,6.323710891136195,1.2180136115533036,0.7504492247378793
2,6.772530800041783,1.4032026105292734,0.7172895866132616
2,6.772530800041783,1.4032026105292734,0.7172895866132616
2,7.161823056405675,1.5768107116621997,0.6138361596881475
2,7.253927261160731,1.6393071363222205,0.6601760982072372
2,5.870548583210365,1.1133222666939468,0.6107872916461417
2,7.400966088591384,1.0008141352358293,0.6482053099078531
2,6.122388911232186,0.9028919412719012,0.7408803088772987
2,6.297246363840424,0.7165997058497149,0.7506147016106268
2,6.297246363840424,0.7165997058497149,0.7506147016106268
2,6.782173987726492,1.5955813382529984,0.7521635733287909
2,6.43816521043749,1.5843837708718522,0.6854376035197649
2,6.694287300746704,1.4123730930673632,0.7061713331161608
2,6.694287300746704,1.4123730930673632,0.7061713331161608
2,6.694287300746704,1.4123730930673632,0.7061713331161608
2,6.169165214372002,1.4538198203439654,0.7271467155396241
2,7.083943874407163,0.7921337199683298,0.7138272302754908
2,7.083943874407163,0.7921337199683298,0.7138272302754908
2,7.083943874407163,0.7921337199683298,0.7138272302754908
2,7.0964010810813996,0.6866472524117655,0.6779349450095078
2,6.379556846130925,0.7000910112173815,0.7394173982264803
2,7.513192691739122,1.2438423822599192,0.801100731711771
2,8.586749904616445,1.381268772972766,0.7081261342947772
2,6.043231587209058,0.7838550998010867,0.7129268668495702
2,9.266667386481455,2.6683190235832415,0.6639183056460559
2,9.266667386481455,2.6683190235832415,0.6639183056460559
2,9.266667386481455,2.6683190235832415,0.6639183056460559
2,6.737327066268546,2.2041576224633874,0.67838460696563
2,6.577593728305759,1.1450932459579644,0.6921604932717635
2,7.56674383363567,1.2058502513819311,0.7002300850080165
2,6.605705441273581,0.8498398687521491,0.7050935288392568
2,6.605705441273581,0.8498398687521491,0.7050935288392568
2,6.605705441273581,0.8498398687521491,0.7050935288392568
2,9.81638152107625,2.628356034318445,0.7422118399021185
2,8.948928122693028,2.4988559806524187,0.7741402540059975
2,7.805654376531385,2.4064400564181847,0.7549596983197467
2,6.775590665351119,1.7031474835604086,0.7251949132829706
2,9.367024618519634,2.8998814482702584,0.709971756787942
2,8.233427664016878,1.4254507734262372,0.7170779137567629
2,7.434347810854966,1.2681081110771704,0.702386920775961
2,7.248382569833758,1.1423223995409169,0.6434828676023684
2,9.059039979865245,1.134412946749983,0.6414901226476462
2,6.240689709086382,0.8103785883946999,0.6860727627517091
2,6.240689709086382,0.8103785883946999,0.6860727627517091
2,7.089563615466296,1.7283063105778944,0.7774986128568347
2,8.403354077359104,1.530932525314189,0.6744857216782174
2,8.403354077359104,1.530932525314189,0.6744857216782174
2,8.403354077359104,1.530932525314189,0.6744857216782174
2,8.412217580494847,2.2986452700693505,0.7500433150683122
2,6.03073986198158,1.4203030711231155,0.704259349249509
2,6.03073986198158,1.4203030711231155,0.704259349249509
2,8.100240365370222,0.9340015196034794,0.7191104006588821
2,6.0968299712257625,0.667827648246674,0.7165979024008573
2,6.0968299712257625,0.667827648246674,0.7165979024008573
2,7.313493261360032,1.727373091400731,0.7612364910909443
2,8.137092862936566,1.9742910353440715,0.7139330025609469
2,8.137092862936566,1.9742910353440715,0.7139330025609469
2,10.042220390091964,2.3247645993967763,0.7155282560699441
2,7.878796428462016,1.1860037839800028,0.7129083086736373
2,7.878796428462016,1.1860037839800028,0.7129083086736373
2,5.738669203065139,1.706834030073432,0.7660221388317301
2,5.915642708566951,1.479857457648127,0.700622191144804
2,5.945476678562502,2.1529570149821327,0.7854608682524158
2,6.0097842389092015,2.5075905390969946,0.7960895832676069
2,5.72214348230586,1.0233900161360263,0.8071661212429097
2,6.274019310109358,0.9926732426563051,0.7178398468940477
2,6.274019310109358,0.9926732426563051,0.7178398468940477
2,6.274019310109358,0.9926732426563051,0.7178398468940477
2,6.274019310109358,0.9926732426563051,0.7178398468940477
2,7.1709709831167405,2.155871262498451,0.659452699395929
2,7.1709709831167405,2.155871262498451,0.659452699395929
2,9.297857497617239,1.9934302772772294,0.6892328735330118
2,9.297857497617239,1.9934302772772294,0.6892328735330118
2,7.245067407371288,1.285479107451935,0.6385502103022515
2,7.245067407371288,1.285479107451935,0.6385502103022515
2,6.334519698234731,0.7533765186304693,0.669868718404768
2,5.745682796859288,0.9902059861811235,0.7145042697208936
2,7.04259038938155,1.0515834525902739,0.7055016997711482
2,8.523108999229931,1.8315805166556562,0.7419022849257156
2,8.523108999229931,1.8315805166556562,0.7419022849257156
2,8.523108999229931,1.8315805166556562,0.7419022849257156
2,8.523108999229931,1.8315805166556562,0.7419022849257156
2,10.064970713289268,2.4464814206948073,0.7042516747438339
2,10.585516081610963,2.5175391446355846,0.6855050219881565
2,4.9540519512606345,0.7415557106137723,0.6813576021614011
2,4.574241432862782,0.6770204928904915,0.7365760589564403
2,6.982024906141266,0.6502631295684813,0.7148839089670886
2,5.67151583957061,0.7460850600249262,0.7879570712746015
2,6.075185801286577,1.3945965246329417,0.7435690369458354
2,6.195219658425076,1.13077852207813,0.7583376293819001
2,6.852385009922365,1.173403428254747,0.7205626856863067
2,6.972596218485297,1.4174104270116463,0.6504792290327276
2,8.721018993153717,1.2874093035707728,0.7423955906714677
2,7.556396523753235,0.7008102228633732,0.7035225982593735
2,8.105333465629018,1.1007992283113113,0.6689615125329865
2,8.105333465629018,1.1007992283113113,0.6689615125329865
2,6.4665623503378455,0.6047411700603647,0.8128356875879512
2,7.874974870292213,0.8462223964622952,0.7533044066005902
2,7.560690060613453,1.0429264419782955,0.8336832253851189
2,10.691962934693715,1.9002054292003059,0.7859388407447507
2,8.855381702606083,1.4135761363078099,0.7328098835584764
2,7.193503301538341,1.1918789233926368,0.742804686939134
2,9.060918985521386,1.3975783414103904,0.6726006288648145
2,8.377691944909618,1.347465734357221,0.7256154340572045
2,6.36100797822478,1.3418701258586996,0.6793847718367463
2,5.482078097288948,0.9128765403304094,0.7457636970384971
2,8.300465972291548,1.764273882670945,0.6880327643730844
2,7.666659872656408,0.9752559214611279,0.7078750772130585
2,6.001542861759849,0.8984155277336083,0.6509479448985094
2,5.308920447464428,0.9920275661757871,0.6954840509875186
2,4.8412166208157785,1.0308665319753771,0.7342705815274992
2,3.7413586602236473,0.7703619550175252,0.7178560148815842
2,5.266075748830043,0.73714403447257,0.6492601741659721
2,5.266075748830043,0.73714403447257,0.6492601741659721
2,6.226408357797532,1.1023481544783937,0.6901894768774738
2,6.226408357797532,1.1023481544783937,0.6901894768774738
2,6.870221023231914,0.9889061153065932,0.7322017762159445
2,5.7820478212687,0.8665046396433412,0.7744757011680332
2,8.755151951289692,1.706567980731844,0.682336393293253
2,8.755151951289692,1.706567980731844,0.682336393293253
2,8.659951360766616,1.1609556953132936,0.716629939144369
2,10.433030824649235,1.9163964207952338,0.6519938226202849
2,8.426274584020366,1.7916423722165917,0.6867890520517653
2,8.426274584020366,1.7916423722165917,0.6867890520517653
2,7.252508922438183,1.741963561603178,0.670594761825098
2,7.252508922438183,1.741963561603178,0.670594761825098
2,8.69233949961956,2.190201949441871,0.687902960568749
2,6.7041733365568135,1.9718111078997342,0.7422069294841817
2,6.727474061628959,0.9279130980517336,0.7956411626034058
2,5.617495995240792,0.6873078140741831,0.6859867758107898
2,5.847762340714137,0.8667580995620341,0.7026541912598636
2,10.92149119198624,2.212161122938869,0.7177052945812301
2,6.7907376569927695,1.0116979686155065,0.6974200223417985
2,5.808857571083778,0.958295604533171,0.7201633070308384
2,5.468081864989468,1.1160909966440737,0.6939586693655201
2,5.468081864989468,1.1160909966440737,0.6939586693655201
2,5.468081864989468,1.1160909966440737,0.6939586693655201
2,5.468081864989468,1.1160909966440737,0.6939586693655201
2,5.468081864989468,1.1160909966440737,0.6939586693655201
2,5.468081864989468,1.1160909966440737,0.6939586693655201
2,5.468081864989468,1.1160909966440737,0.6939586693655201
2,5.468081864989468,1.1160909966440737,0.6939586693655201
2,5.468081864989468,1.1160909966440737,0.6939586693655201
2,6.000475694760202,1.8557387923678073,0.7506444443565036
2,6.000475694760202,1.8557387923678073,0.7506444443565036
2,5.8341744289405515,1.7324615464769029,0.7584855230220158
2,5.8341744289405515,1.7324615464769029,0.7584855230220158
2,6.590454321491672,2.2005054979907106,0.7420471560775502
2,7.149701472356336,1.5456700722283672,0.5951571674783555
2,9.2565319122129,1.924379685556985,0.6910583698014884
2,7.920138588773152,1.295363802018977,0.6750429347691957
2,7.595317410789422,1.8052352068252882,0.7035094453922113
2,7.595317410789422,1.8052352068252882,0.7035094453922113
2,7.642816127094816,1.5730102978583973,0.794368481323579
2,5.563265306637267,1.1448267884274685,0.7755475725713517
2,5.563265306637267,1.1448267884274685,0.7755475725713517
2,7.766866265939292,1.9008643053884133,0.6226744980172552
2,8.373649706967125,2.381798242561123,0.6951598698670574
2,6.568430418747731,2.013741500059076,0.7466502204654047
2,6.568430418747731,2.013741500059076,0.7466502204654047
2,6.221023813276716,1.408186808702437,0.7864929281100536
2,6.7374726789340516,1.307764883193964,0.7591463486043863
2,5.960101636808737,1.26185059512685,0.6713134984613057
2,6.372080507033469,1.168595323198926,0.63681189256686
2,8.456019274854789,1.799210283812771,0.6913008752489443
2,7.149299668783167,1.430599584517499,0.7107475116827563
2,7.149299668783167,1.430599584517499,0.7107475116827563
2,7.58064282195579,1.3321628768753742,0.7215991041393028
2,6.88925071759435,1.6425156118277524,0.6936322637125005
2,6.88925071759435,1.6425156118277524,0.6936322637125005
2,7.8765173066164635,1.8607887270651955,0.7256770024941807
2,6.6790844640428775,1.6142038850323066,0.7434822201833855
2,6.6790844640428775,1.6142038850323066,0.7434822201833855
2,8.717601004233767,2.037627619221314,0.691622827213155
2,8.717601004233767,2.037627619221314,0.691622827213155
2,8.717601004233767,2.037627619221314,0.691622827213155
2,8.717601004233767,2.037627619221314,0.691622827213155
2,8.717601004233767,2.037627619221314,0.691622827213155
2,8.717601004233767,2.037627619221314,0.691622827213155
2,8.717601004233767,2.037627619221314,0.691622827213155
2,6.197112308733902,1.7848860358375334,0.6278768793106028
2,6.730418929870092,1.1730686165491213,0.6528326402418059
2,8.128354519478043,2.1738177929512137,0.7693999016962008
2,8.128354519478043,2.1738177929512137,0.7693999016962008
2,8.894620132706773,1.7465446194253404,0.6694588681614266
2,8.894620132706773,1.7465446194253404,0.6694588681614266
2,7.748653567304588,1.8122712568412278,0.7832856433963035
2,7.748653567304588,1.8122712568412278,0.7832856433963035
2,7.086914378260585,0.9538244449342612,0.6684575573867242
2,7.086914378260585,0.9538244449342612,0.6684575573867242
2,6.572999844749007,0.6261136863589197,0.6973318495880684
2,6.572999844749007,0.6261136863589197,0.6973318495880684
2,6.600306990809089,0.5719018505964141,0.6403625131819496
2,8.004447074297278,0.6397232399224916,0.6929785858092098
2,6.079660881829062,0.567434842407425,0.666060593705358
2,6.2447343273438785,0.5600280277242681,0.7353784754871885
2,7.284399215518185,0.6006831054551749,0.6824028207335772
2,6.888962282987528,0.617520003577867,0.7387373344533598
2,5.8239006828656175,0.5509582721590123,0.7729453021569758
2,6.1929038680072095,0.5693469358136392,0.7345909189000741
2,5.399626836398629,0.6562257519994368,0.7388188133842442
2,5.824686955007664,0.7351619602047383,0.7363698173630293
2,5.824686955007664,0.7351619602047383,0.7363698173630293
2,5.172673372710665,0.6539573508410106,0.7570923936525062
2,7.537990836098215,1.330733956256277,0.703044391110749
2,7.68426131915465,1.348662987820008,0.6933150809648885
2,7.68426131915465,1.348662987820008,0.6933150809648885
2,6.356236617414194,1.0893410964819363,0.7232046330245471
2,6.999402620407834,1.2440060632836838,0.677041572341107
2,7.827428636082842,2.1804023688294256,0.7223975330576247
2,8.185400740428403,2.397112688719594,0.6581549298710343
2,8.185400740428403,2.397112688719594,0.6581549298710343
2,5.552068731003538,1.5046954679341824,0.752064340474053
2,5.552068731003538,1.5046954679341824,0.752064340474053
2,6.593000144542815,2.056231575063983,0.7517248954995883
2,6.5712356031970325,1.5521598937287475,0.7389747538504774
2,6.5712356031970325,1.5521598937287475,0.7389747538504774
2,6.5712356031970325,1.5521598937287475,0.7389747538504774
2,7.155674078738367,1.6813592564191617,0.7075142496450959
2,7.155674078738367,1.6813592564191617,0.7075142496450959
2,7.033973127253429,0.7677810106844807,0.6989752295495104
2,7.164892594069482,1.582461938981781,0.7529566084801067
2,8.994942649674556,1.555544102602492,0.6329305573725595
2,8.994942649674556,1.555544102602492,0.6329305573725595
2,5.682070796501092,0.7906728111390037,0.6867014930061043
2,5.772597762910258,0.6854607612597888,0.8079297317650711
2,6.5437654851602085,0.6729213503129722,0.816277932585863
2,6.5437654851602085,0.6729213503129722,0.816277932585863
2,5.864715468212604,0.6816375113731403,0.7967677673884813
2,6.60179193093429,0.7234395534924329,0.7620584302752771
2,5.222137343278863,0.7631974023992665,0.708218464588909
2,6.831032427225106,0.836119643139692,0.7107886597149828
2,5.4043429096090225,1.0311592617145826,0.7663701806903851
2,4.679206041413728,0.8839078701697913,0.6822230346606184
2,6.300636319084922,1.8252966550741556,0.7838727300078852
2,7.116299344799419,1.0950935392133956,0.7195794392322686
2,7.116299344799419,1.0950935392133956,0.7195794392322686
2,7.116299344799419,1.0950935392133956,0.7195794392322686
2,7.116299344799419,1.0950935392133956,0.7195794392322686
2,7.116299344799419,1.0950935392133956,0.7195794392322686
2,7.116299344799419,1.0950935392133956,0.7195794392322686
2,6.722138771094563,0.838445622560064,0.7436457618626244
2,6.88986183601103,0.9592701970113592,0.709186461017064
2,6.88986183601103,0.9592701970113592,0.709186461017064
2,5.529141690322925,0.9536401821241758,0.7263940380283657
2,6.666655567516438,1.1124152785450019,0.7089751535406255
2,6.666655567516438,1.1124152785450019,0.7089751535406255
2,6.047448060700271,0.8407821823120223,0.783962420638278
2,8.708878307990467,0.8216150270770963,0.6646472352492127
2,6.8920788379052045,0.6678309247911889,0.690438877730708
2,6.8920788379052045,0.6678309247911889,0.690438877730708
2,6.601905830193961,0.6777617529583889,0.6450951058715774
2,6.601905830193961,0.6777617529583889,0.6450951058715774
2,8.16530383085966,0.8668557905414904,0.6691501058204024
2,5.477421809275786,0.5710170960030804,0.6244511072147193
2,9.209624071549005,0.7892241937640154,0.6769180164580002
2,5.7853753493667375,0.6091247223147542,0.6653932077803837
2,6.428874720921366,0.6028311845723858,0.6969799562260077
2,4.96961669943677,0.6059699075890589,0.7159592335110738
2,6.548925736319842,0.6602676656644517,0.7064512689141371
2,5.510210860888977,0.571252789416665,0.7223865651533103
2,6.424908932118855,0.6575740222644921,0.6698016669370138
2,6.424908932118855,0.6575740222644921,0.6698016669370138
2,6.528464734307094,0.733655657997218,0.7754660213480795
2,5.802867740742618,1.0138550816447127,0.6860922192848475
2,5.802867740742618,1.0138550816447127,0.6860922192848475
2,7.057787720815164,1.2357383189504332,0.6645175645196142
2,7.057787720815164,1.2357383189504332,0.6645175645196142
2,7.057787720815164,1.2357383189504332,0.6645175645196142
2,7.374123302223023,1.1679732113952954,0.8109994481364111
2,7.556017905028975,2.465541816351365,0.7387820532478273
2,7.556017905028975,2.465541816351365,0.7387820532478273
2,7.876999751712911,1.3979815315308932,0.728350813370864
2,6.371848802175598,1.4216000330196699,0.6941163736580992
2,6.371848802175598,1.4216000330196699,0.6941163736580992
2,7.148825414268824,1.2112017093586966,0.6530942033815289
2,6.542713403149679,0.9087564341434887,0.7049179045748749
2,5.730072513691654,0.872613928224648,0.6839281379616375
2,6.879949718073063,0.836206218519717,0.6557741370579766
2,6.49729448810562,0.8954787014053318,0.8063715089987851
2,7.608423898770877,0.7180055618288201,0.7879448749269581
2,6.350247620089836,0.6054417967032445,0.7491559040752347
2,6.859394813923244,0.5551023815497034,0.785682468343835
2,5.331087798652027,0.5405349425011992,0.7097207950049306
2,6.357196165670132,0.5377990684333245,0.6922642984282862
2,6.428212521359137,0.5566713011968969,0.6917700634372304
2,6.383027563471476,0.787359992513468,0.6287736013506888
2,6.30963546914879,0.7741981116608877,0.6867827341666431
2,6.30963546914879,0.7741981116608877,0.6867827341666431
2,5.639957805600295,0.9905136510986395,0.7810802362300527
2,5.529652529603814,1.281033352259787,0.7781749906522483
2,5.529652529603814,1.281033352259787,0.7781749906522483
2,5.087065480045098,0.7077705882252688,0.7175887829854339
2,6.066655408810973,1.5069959442048808,0.6970661358653895
2,6.066655408810973,1.5069959442048808,0.6970661358653895
2,6.066655408810973,1.5069959442048808,0.6970661358653895
2,6.975136941026472,1.490498116750964,0.6912597126041642
2,7.899248092656902,1.343396073641522,0.7058525482055362
2,7.94120202754643,1.757197474005401,0.7856324745623787
2,8.287521450941675,1.4398582017738881,0.6612777478019153
2,9.248033293342832,3.5537382738641563,0.6425989365198598
2,6.900221923185459,1.198197926235692,0.7593747028875796
2,6.042961903119267,0.881755435835101,0.6762905564924586
2,6.69809730589339,1.2900191227951594,0.7589037573719524
2,7.072360465834611,2.0313878944947437,0.6968301268924683
2,8.188205037567139,2.070942251517832,0.7474028225046828
2,8.866763972108814,1.1811195035891058,0.7225570094964087
2,7.2062720261075714,0.8654703757267915,0.6704562203328331
2,5.984375163277924,0.9285117390042052,0.6608400074076067
2,6.699201986405981,1.2438004695693397,0.7655115861303511
2,6.699201986405981,1.2438004695693397,0.7655115861303511
2,9.785077353059636,1.8459460651393718,0.6990143542786109
2,9.366474582765939,1.535996250048762,0.6887154869810576
2,11.29120948379531,3.0191726924922606,0.6250592791600702
2,8.158577980767994,1.4866481726519316,0.626373423332132
2,7.132117460040152,0.9878026808875149,0.6653245915151931
2,8.436353584674734,1.554466307861051,0.6692117918599351
2,7.218100028901295,1.3726010281964616,0.6548360172944098
2,6.606169465513964,0.8909659394999507,0.7152824774893628
2,6.606169465513964,0.8909659394999507,0.7152824774893628
2,6.606169465513964,0.8909659394999507,0.7152824774893628
2,7.689620856332572,1.6795216225920209,0.7369449057031054
2,6.877911232050909,0.7881694408297186,0.8069411580024706
2,6.877911232050909,0.7881694408297186,0.8069411580024706
2,7.701102507263658,1.5599518545944613,0.7827047239602535
2,5.7413251859847865,1.3556338683003095,0.7568890699272759
2,5.7413251859847865,1.3556338683003095,0.7568890699272759
2,6.542477710345478,1.780325826547758,0.7367399219060423
2,6.542477710345478,1.780325826547758,0.7367399219060423
2,5.937627380325604,1.3568311568872153,0.754482813281795
2,7.688516599443546,1.724559937471526,0.6388807493428168
2,6.758875259310434,0.8009061546566383,0.7505603076919827
2,7.420850000084793,1.302379829514969,0.633646753235345
2,7.420850000084793,1.302379829514969,0.633646753235345
2,7.420850000084793,1.302379829514969,0.633646753235345
2,7.159245262156274,1.1256328168986007,0.6831219078484577
2,7.159245262156274,1.1256328168986007,0.6831219078484577
2,6.941365042163733,1.0720507150802518,0.6823576088773908
2,6.941365042163733,1.0720507150802518,0.6823576088773908
2,6.941365042163733,1.0720507150802518,0.6823576088773908
2,6.9222286022605575,1.0147112942512866,0.7125333599210705
2,6.9222286022605575,1.0147112942512866,0.7125333599210705
2,8.362991577108037,0.9035954741982096,0.660324330576517
2,6.324148356703368,1.28245041824445,0.7084355414123163
2,7.556368064646087,1.3994901619357596,0.7367403645378925
2,7.556368064646087,1.3994901619357596,0.7367403645378925
2,7.556368064646087,1.3994901619357596,0.7367403645378925
2,7.556368064646087,1.3994901619357596,0.7367403645378925
2,7.556368064646087,1.3994901619357596,0.7367403645378925
2,6.485940322515763,0.7596866239804724,0.7505247262311827
2,7.84319661153154,0.7441309364439112,0.7094751672072999
2,6.282345371085877,0.705928308186579,0.7252966811810589
2,7.462475684350448,1.149888441524856,0.7378976418010958
2,7.462475684350448,1.149888441524856,0.7378976418010958
2,6.916953226521604,1.3873911714372247,0.7761527211651409
2,6.916953226521604,1.3873911714372247,0.7761527211651409
2,7.354570990392807,2.037944613254022,0.6864640596463295
2,7.354570990392807,2.037944613254022,0.6864640596463295
2,8.424733032282244,2.1629406720797446,0.7057947998086604
2,8.424733032282244,2.1629406720797446,0.7057947998086604
2,8.424733032282244,2.1629406720797446,0.7057947998086604
2,8.607192569792762,2.3342439474591306,0.7534548559679326
2,6.653257306479476,1.2882171384063157,0.7438921277028321
2,8.84744305414082,1.6222721901728703,0.6759845152481386
2,8.84744305414082,1.6222721901728703,0.6759845152481386
2,9.18916161521387,0.9590381911838897,0.6334278057292485
2,9.412637310176947,0.7368728380049874,0.6889764397649938
2,6.2365193710904325,0.7136273321736587,0.6985925085328282
2,8.081150460630148,1.0961642270367387,0.6747321763820073
2,7.548701349709502,1.0872877541829102,0.7550781744923633
2,7.380182824348507,1.76307659059111,0.6636266938218989
2,7.380182824348507,1.76307659059111,0.6636266938218989
2,7.380182824348507,1.76307659059111,0.6636266938218989
2,6.037979029563514,0.8767681368819332,0.6943709161036199
2,6.80966499388363,1.5061702595793978,0.6810367698307405
2,6.80966499388363,1.5061702595793978,0.6810367698307405
2,7.494069251924816,2.0916907005488987,0.6638096791237746
2,7.494069251924816,2.0916907005488987,0.6638096791237746
2,7.494069251924816,2.0916907005488987,0.6638096791237746
2,6.28139995162004,1.4355467148137966,0.6470383430464117
2,6.28139995162004,1.4355467148137966,0.6470383430464117
2,8.64937833461984,1.8303372830817897,0.6693592513129872
2,8.388175015902975,1.1999362017472697,0.6873059689798104
2,8.259007659954662,1.423979626554609,0.7694206439057397
2,6.407787029873874,0.8118893627513882,0.6645020505948812
2,6.425201059783572,0.787870077434791,0.7348033239175521
2,6.944931023620981,1.0830475806831688,0.7062279775544501
2,6.529332118216819,1.2277006437064295,0.7085902292402566
2,6.529332118216819,1.2277006437064295,0.7085902292402566
2,6.529332118216819,1.2277006437064295,0.7085902292402566
2,5.904393493200656,1.2334124007210185,0.7334941681773535
2,7.918685589204487,2.3970060502864996,0.6916589658271214
2,7.918685589204487,2.3970060502864996,0.6916589658271214
2,7.918685589204487,2.3970060502864996,0.6916589658271214
2,7.918685589204487,2.3970060502864996,0.6916589658271214
2,7.918685589204487,2.3970060502864996,0.6916589658271214
2,7.918685589204487,2.3970060502864996,0.6916589658271214
2,7.918685589204487,2.3970060502864996,0.6916589658271214
2,6.837661236951469,1.2267947243757864,0.6766373120879963
2,7.227295874480245,1.4186645386269952,0.7507061399352332
2,7.114837099145107,0.8807164781621308,0.6896113051016916
2,6.1644853964431015,1.147737882100994,0.6809704109729808
2,8.500704518846312,2.1388373311781943,0.715895744551343
2,8.500704518846312,2.1388373311781943,0.715895744551343
2,8.500704518846312,2.1388373311781943,0.715895744551343
2,6.57204249951547,1.7318299446278154,0.7793574470390359
2,6.556215268215359,1.4433599598790527,0.8188394898869671
2,9.165218356184361,1.640290957863897,0.8349629290870282
2,4.931833277662037,0.8199001265779073,0.7561561250817224
2,6.712604655288754,0.5961533629144335,0.7241775595281482
2,6.712604655288754,0.5961533629144335,0.7241775595281482
2,6.712604655288754,0.5961533629144335,0.7241775595281482
2,7.831733269444223,0.7169982275645665,0.7156921837385526
2,7.433456929576162,0.9967328650198894,0.6761360388137337
2,6.1922108054965825,0.9440444079796677,0.6671826422488757
2,7.731262384710858,1.2528842423795439,0.6697002920606729
2,9.934326350079859,1.3891851007291844,0.6561910683602927
2,9.934326350079859,1.3891851007291844,0.6561910683602927
2,8.043091307147904,1.0810189781479145,0.7604974694658837
2,7.0305064928302965,1.3124343280955642,0.6928162972494352
2,6.761732612054693,1.2483325955868447,0.7121374329687425
2,6.761732612054693,1.2483325955868447,0.7121374329687425
2,6.761732612054693,1.2483325955868447,0.7121374329687425
2,7.116314028118939,1.1693888875197347,0.7594671954600096
2,9.017968365432722,1.8472090669554588,0.6481211856130505
2,7.336362846949488,1.109283727921472,0.5993623031524391
2,9.897403747899899,1.8742205697945293,0.6436547000856563
2,9.090115961494611,1.712836295957785,0.5928123523897005
2,9.090115961494611,1.712836295957785,0.5928123523897005
2,9.090115961494611,1.712836295957785,0.5928123523897005
2,9.523610328192158,1.6176098604256282,0.6342745113219962
2,7.95379960254515,1.806562205503156,0.7021956704903338
2,7.992867266009714,1.2513110929874318,0.7261355519916775
2,6.741327739153969,1.3852627628133136,0.7599611021181141
2,10.08787218719198,1.426329568630841,0.630481651656614
2,9.515687720939788,0.9387464128957352,0.7256822089917974
2,6.708995146423827,1.0479699805208773,0.7374159693557663
2,6.708995146423827,1.0479699805208773,0.7374159693557663
2,6.97374432516897,0.9069399875221891,0.6681138171538903
2,6.97374432516897,0.9069399875221891,0.6681138171538903
2,6.97374432516897,0.9069399875221891,0.6681138171538903
2,7.46851179295305,1.8191792302073242,0.6701672288179924
2,7.46851179295305,1.8191792302073242,0.6701672288179924
2,10.444071072432964,3.015618317667101,0.7510572475863075
2,8.270956376562516,1.3504505441288566,0.7622794532929783
2,8.02116389712915,0.7495145842990956,0.7714788633468307
2,6.71643687002115,0.7829886918414944,0.6791071717907522
2,5.999124921152026,0.8866929010242481,0.7285117773824594
2,5.938009178377928,1.091073445676413,0.6492684482187866
2,7.041810278262174,1.004922852068869,0.7279374983862734
2,7.315373574929511,1.2186352595465193,0.7122324085710207
2,7.315373574929511,1.2186352595465193,0.7122324085710207
2,7.508747479942171,2.1483299706881733,0.7301661621915089
2,7.508747479942171,2.1483299706881733,0.7301661621915089
2,5.187082575735327,0.8469249619710733,0.7397353485748016
2,6.114307839185225,0.9235417879307022,0.7247557196960596
2,5.201583702449452,0.897075645766819,0.6765448276536283
2,7.863512749989539,0.8725284821927575,0.7179880371161833
2,5.935538535830619,1.3977683227465145,0.7288727179084212
2,5.935538535830619,1.3977683227465145,0.7288727179084212
2,8.254824807697396,2.284030419987113,0.6911412486459177
2,8.062254850521015,2.493636896577544,0.7154019465855731
2,8.062254850521015,2.493636896577544,0.7154019465855731
2,8.062254850521015,2.493636896577544,0.7154019465855731
2,8.062254850521015,2.493636896577544,0.7154019465855731
2,8.062254850521015,2.493636896577544,0.7154019465855731
2,7.067574854168326,1.4565811312619057,0.7377907193786832
2,7.067574854168326,1.4565811312619057,0.7377907193786832
2,7.067574854168326,1.4565811312619057,0.7377907193786832
2,8.453999586009413,1.9600451873988798,0.740742760242269
2,8.453999586009413,1.9600451873988798,0.740742760242269
2,8.453999586009413,1.9600451873988798,0.740742760242269
2,8.453999586009413,1.9600451873988798,0.740742760242269
2,8.453999586009413,1.9600451873988798,0.740742760242269
2,8.453999586009413,1.9600451873988798,0.740742760242269
2,6.358926245374974,0.9499099750070032,0.7638988749807075
2,6.358926245374974,0.9499099750070032,0.7638988749807075
2,6.358926245374974,0.9499099750070032,0.7638988749807075
2,7.353537662714145,1.4635568861760524,0.6200158462438884
2,7.202144097722812,1.049803130606902,0.6735410372842627
2,7.45680886887928,1.5474790439248896,0.6891569904951642
2,7.19688992510966,1.92554944331324,0.6729202073950239
2,7.559721038236366,2.045861842819058,0.6722792751900187
2,8.213035605601245,2.509436987644907,0.7016571337722319
2,9.82665723231494,2.6029866078337838,0.6480725289026535
2,9.82665723231494,2.6029866078337838,0.6480725289026535
2,11.02252404837228,2.7196990205150176,0.6960773383062255
2,8.62557161053096,2.1169752303984897,0.7028976685463294
2,8.62557161053096,2.1169752303984897,0.7028976685463294
2,6.088405829572508,1.7849004424336232,0.6830839280895685
2,5.845477775835808,1.435704182754952,0.751152115564536
2,8.385545242973999,1.4202295173361665,0.7527928075069316
2,9.107485341493618,1.4096596278330211,0.7340562347722999
2,7.813318328091127,1.5097835579919348,0.6714564521685865
2,7.7223340174012804,1.5373809085794283,0.6975216319913461
2,8.554544702843476,1.9673045921702212,0.6507621319045837
2,9.6622395511256,1.742140613947393,0.6060611364421188
2,8.297222124687167,2.3804673340255014,0.7453371178352339
2,8.297222124687167,2.3804673340255014,0.7453371178352339
2,7.591469799109812,1.4567254921241408,0.7390244650328974
2,6.973935081760888,2.1707307593609433,0.7583367887051633
2,7.409641298715962,2.147980999310051,0.7058850574764229
2,10.439855170169283,3.235969164982142,0.6878279920477451
2,8.796292260203364,3.0755907450089506,0.6713710349680365
2,7.458565832654707,1.9668639516318147,0.6795016073199678
2,6.548205715593484,1.4742651659079073,0.7227960419131398
2,6.2510007210329315,1.1622609124077319,0.758254181645524
2,6.8848821918400755,0.9691091053528404,0.6811979638161574
2,6.776643276754756,0.8747136061205736,0.6962858814398544
2,7.329597776520149,1.425370826467403,0.7737461308956809
2,7.069465664584282,1.6890206567305104,0.7551799742507114
2,7.069465664584282,1.6890206567305104,0.7551799742507114
2,6.110655851164334,1.457904862037943,0.7306972475872181
2,6.110655851164334,1.457904862037943,0.7306972475872181
2,8.622953334812298,1.9485591872840733,0.7543372493972642
2,9.605445323657538,1.8781568705988971,0.6855256194629633
2,7.854595893101908,1.569708411140775,0.6494822187768103
2,7.854595893101908,1.569708411140775,0.6494822187768103
2,7.854595893101908,1.569708411140775,0.6494822187768103
2,7.854595893101908,1.569708411140775,0.6494822187768103
2,7.854595893101908,1.569708411140775,0.6494822187768103
2,7.854595893101908,1.569708411140775,0.6494822187768103
2,6.9535563233356985,1.6137325380917498,0.6221727108008304
2,8.240111648443758,1.9743032761453185,0.6715950523220977
2,7.350681589836995,1.2566833797868648,0.7005116398218943
2,7.741393075514184,1.5052711967589132,0.7113781513393131
2,7.741393075514184,1.5052711967589132,0.7113781513393131
2,7.741393075514184,1.5052711967589132,0.7113781513393131
2,7.741393075514184,1.5052711967589132,0.7113781513393131
2,7.741393075514184,1.5052711967589132,0.7113781513393131
2,7.741393075514184,1.5052711967589132,0.7113781513393131
2,7.741393075514184,1.5052711967589132,0.7113781513393131
2,6.985272772246351,0.9672686684480418,0.6389507424369968
2,8.899382601722559,1.4220849395036943,0.6776054087393593
2,7.938562553135902,1.4131088816664552,0.7246202196965005
2,7.938562553135902,1.4131088816664552,0.7246202196965005
2,7.938562553135902,1.4131088816664552,0.7246202196965005
2,7.938562553135902,1.4131088816664552,0.7246202196965005
2,7.938562553135902,1.4131088816664552,0.7246202196965005
2,7.938562553135902,1.4131088816664552,0.7246202196965005
2,7.938562553135902,1.4131088816664552,0.7246202196965005
2,6.976082604817583,2.326862800817784,0.7380746101945515
2,6.976082604817583,2.326862800817784,0.7380746101945515
2,7.765562403689899,1.7493540785121933,0.6722327871800712
2,7.765562403689899,1.7493540785121933,0.6722327871800712
2,8.529947855302485,2.1824602374981534,0.6497371900475989
2,8.331787772557101,1.6089600045612538,0.7283785761549026
2,8.331787772557101,1.6089600045612538,0.7283785761549026
2,8.331787772557101,1.6089600045612538,0.7283785761549026
2,7.798098043920314,2.2712320135153687,0.7488487334045315
2,8.437679787365784,2.1322805968363627,0.7339848576762767
2,6.881848378311987,1.9499312912311204,0.7415341914479392
2,6.789466190860555,1.2660269400255362,0.6829849591542531
2,6.789466190860555,1.2660269400255362,0.6829849591542531
2,6.789466190860555,1.2660269400255362,0.6829849591542531
2,6.76197395097106,0.8615310349316545,0.7112139469265512
2,5.064699442900418,0.9426218266293844,0.7727443134099387
2,5.252316256968046,0.9925861807602456,0.7059910609023199
2,6.123551753298757,1.2951945060211787,0.7841725131995001
2,5.192675871596655,0.8033599214698459,0.7438138453944801
2,8.025777740623827,1.6798019860188351,0.7244104331829407
2,7.224537275146965,1.2147540044737513,0.7615097815389268
2,6.451385918578692,0.8999902359391283,0.6739048202692071
2,7.883876814569125,2.145905553877704,0.732054694023991
2,7.883876814569125,2.145905553877704,0.732054694023991
2,7.883876814569125,2.145905553877704,0.732054694023991
2,9.121039606187585,2.905600261588573,0.6675325441490748
2,9.121039606187585,2.905600261588573,0.6675325441490748
2,7.318913737932788,1.2238985066717016,0.7616512525894827
2,7.436699952694431,1.3592688853069412,0.6648411471976957
2,7.436699952694431,1.3592688853069412,0.6648411471976957
2,7.436699952694431,1.3592688853069412,0.6648411471976957
2,7.273517061259676,1.9729536654949373,0.6820416300436174
2,7.273517061259676,1.9729536654949373,0.6820416300436174
2,7.478136702054608,2.8291583871486576,0.6892696304310815
2,6.408195360297645,1.5301726761127015,0.6902196867639967
2,5.728629014859004,1.503011885052819,0.6584186991693485
2,5.347160693546815,0.9509054108556731,0.7250881020783143
2,6.639509635597831,1.2114134689950165,0.7138346732262081
2,8.45633783691515,1.5011229138407924,0.7214130553871605
2,9.707869380344723,2.194727994177684,0.7153973751669921
2,8.677312279887095,1.6383542098794655,0.6730709129380661
2,8.677312279887095,1.6383542098794655,0.6730709129380661
2,8.008990938152857,1.8265160360405204,0.6498219003729623
2,8.008990938152857,1.8265160360405204,0.6498219003729623
2,7.148673143807098,1.3672302060438222,0.617276064613671
2,6.962035036236605,0.7888732558847119,0.7089712620777646
2,6.962035036236605,0.7888732558847119,0.7089712620777646
2,6.962035036236605,0.7888732558847119,0.7089712620777646
2,6.962035036236605,0.7888732558847119,0.7089712620777646
2,7.095388723553584,1.171464110734264,0.7621252729747735
2,5.902598171383873,0.784248882799834,0.7136913198985241
2,5.697283872387579,1.5016576927665402,0.7012117254693747
2,5.972986351064322,1.35256077752486,0.6787996118136014
2,6.308665525461128,1.2897484731943676,0.7474497282078159
2,6.308665525461128,1.2897484731943676,0.7474497282078159
2,6.308665525461128,1.2897484731943676,0.7474497282078159
2,6.308665525461128,1.2897484731943676,0.7474497282078159
2,9.346222563248729,2.4892851254561084,0.7417058959881625
2,9.346222563248729,2.4892851254561084,0.7417058959881625
2,9.887663353915391,2.4479108563784493,0.6813269219634879
2,9.887663353915391,2.4479108563784493,0.6813269219634879
2,7.897086298499,2.1821922683080137,0.7201729305153379
2,7.492273827473551,1.959887122252608,0.7356437966972836
2,8.561948924498143,2.213055780160145,0.7900892858955617
2,7.069764438756134,1.739943186633161,0.7449567950792221
2,6.929215290485373,1.0854707221558912,0.755334748899736
2,7.237178033401319,1.1451018311668273,0.7537110398778893
2,5.318749518386684,1.2153982211145427,0.761450877655663
2,5.723160697041834,0.9552470651988656,0.7640982733722378
2,5.723160697041834,0.9552470651988656,0.7640982733722378
2,8.510187370043717,2.286654588792163,0.7378432395622553
2,7.058710158444459,1.6864356048138331,0.7931617058660476
2,7.058710158444459,1.6864356048138331,0.7931617058660476
2,8.747423239573543,1.3516371495908657,0.6799498390326564
2,7.694260498435098,1.1513712335769748,0.6293181073445547
2,6.864044881848829,0.9663406399743493,0.7037325937008604
2,5.799955311476733,1.1055463632110059,0.7309750008133442
2,7.903619336418744,1.5755086322632097,0.7446584061944684
2,8.786180089181022,1.314221056520497,0.6500488276513682
2,8.786180089181022,1.314221056520497,0.6500488276513682
2,6.418818663406452,0.8105838377180121,0.7649942371354506
2,6.418818663406452,0.8105838377180121,0.7649942371354506
2,7.37676946452714,1.3971238843305658,0.7215582430078736
2,6.414460513092445,1.409598416735157,0.7088466944659334
2,6.414460513092445,1.409598416735157,0.7088466944659334
2,6.701064707431373,1.3736115292477447,0.6921575094540943
2,6.701064707431373,1.3736115292477447,0.6921575094540943
2,8.158722222548967,1.738179963771943,0.7641808986479065
2,7.970872162574469,0.809940976291116,0.705380480387757
2,6.6644989332677085,0.678321989504565,0.6628314014386862
2,8.262977319024559,0.6768123271434112,0.6482764856617967
2,5.4440773386128,0.6525792577545513,0.6308042265534548
2,5.176760500812767,1.2552212917671413,0.7535790194648351
2,7.748357876969916,1.0181426223960712,0.6887363287175465
2,7.748357876969916,1.0181426223960712,0.6887363287175465
2,9.300299009733742,1.3376068566405621,0.6572097848406998
2,7.712027242317311,1.4613745673780363,0.7533932950416069
2,7.444113322771442,2.605470835837144,0.7282061326394216
2,7.444113322771442,2.605470835837144,0.7282061326394216
2,7.444113322771442,2.605470835837144,0.7282061326394216
2,7.444113322771442,2.605470835837144,0.7282061326394216
2,7.444113322771442,2.605470835837144,0.7282061326394216
2,7.444113322771442,2.605470835837144,0.7282061326394216
2,7.444113322771442,2.605470835837144,0.7282061326394216
2,7.444113322771442,2.605470835837144,0.7282061326394216
2,8.775303341011144,2.2720768515590937,0.6908366514333195
2,8.775303341011144,2.2720768515590937,0.6908366514333195
2,8.775303341011144,2.2720768515590937,0.6908366514333195
2,8.59173742943511,1.3932358123135977,0.6990077194422618
2,7.388445255632263,1.6798906265861673,0.6159706866931628
2,7.388445255632263,1.6798906265861673,0.6159706866931628
2,7.388445255632263,1.6798906265861673,0.6159706866931628
2,6.165358036983684,1.3460445684798032,0.7260563168195161
2,6.165358036983684,1.3460445684798032,0.7260563168195161
2,6.165358036983684,1.3460445684798032,0.7260563168195161
2,6.165358036983684,1.3460445684798032,0.7260563168195161
2,6.555748979442302,1.213687614591104,0.6993376198684329
2,6.555748979442302,1.213687614591104,0.6993376198684329
2,8.098473065007028,1.5378935903147017,0.64487386584911
2,8.587496395670879,1.3865158391233434,0.6649060540474669
2,8.587496395670879,1.3865158391233434,0.6649060540474669
2,8.250824036991492,1.6297996475447811,0.7368883099364242
2,6.282640116372811,1.0294472333281992,0.6777785286725163
2,7.672557460379415,1.1628474389513808,0.7501234579060048
2,8.570317762118762,1.8546718517215768,0.6803850369349498
2,6.148891032695851,1.5337064858675622,0.7686194364663134
2,6.148891032695851,1.5337064858675622,0.7686194364663134
2,6.148891032695851,1.5337064858675622,0.7686194364663134
2,6.148891032695851,1.5337064858675622,0.7686194364663134
2,5.587964974996982,0.9831689213613954,0.8154128976064188
2,5.99474266118294,0.6586117470838284,0.7955445093423276
2,5.99474266118294,0.6586117470838284,0.7955445093423276
2,5.449770989738065,0.6177123573924896,0.6678633855635755
2,5.340474035407459,0.5655642122962357,0.7423986214873762
2,6.275491635285616,0.7108622657498157,0.7557583054047918
2,6.275491635285616,0.7108622657498157,0.7557583054047918
2,6.066268263753445,0.8028076280410574,0.7068604426008623
2,6.066268263753445,0.8028076280410574,0.7068604426008623
2,5.513402745200074,0.942777450969895,0.7322206763814015
2,8.061704752955439,0.714980248465406,0.757523679784302
2,6.814165649865389,0.7845613515300285,0.7908521440866835
2,7.039770248626736,0.7340033360865437,0.737959632486885
2,7.039770248626736,0.7340033360865437,0.737959632486885
2,5.358124972553796,1.0716689027685722,0.6471986628460049
2,8.020536324638478,1.4536012814934054,0.6928420180982611
2,6.3962733836777685,1.3740128980924013,0.7078177572477053
2,6.603050293507353,1.4426621762116647,0.6440147823571806
2,6.0832811785070255,1.1335815928686879,0.7145873817727859
2,6.0832811785070255,1.1335815928686879,0.7145873817727859
2,6.216559058403255,1.1519244818311225,0.6865394712251555
2,5.727841888422833,0.7678078979415437,0.7488327274903286
2,6.697318644775137,1.0648078381509238,0.7313470185708191
2,7.964233699153078,2.1426651417490072,0.7000553916618493
2,7.964233699153078,2.1426651417490072,0.7000553916618493
2,7.647676413081898,1.2310232256817,0.7103487492333164
2,7.647676413081898,1.2310232256817,0.7103487492333164
2,6.823034511033952,1.2696386752283955,0.7396772090228352
2,6.823034511033952,1.2696386752283955,0.7396772090228352
2,6.823034511033952,1.2696386752283955,0.7396772090228352
2,10.105860273413375,1.6940802376623076,0.7259109758603283
2,6.613272591407577,0.8819001612778498,0.7093500247336862
2,6.613272591407577,0.8819001612778498,0.7093500247336862
2,6.613272591407577,0.8819001612778498,0.7093500247336862
2,6.613272591407577,0.8819001612778498,0.7093500247336862
2,6.613272591407577,0.8819001612778498,0.7093500247336862
2,6.613272591407577,0.8819001612778498,0.7093500247336862
2,6.437804124263055,0.8665909956920008,0.6939912166709808
2,6.437804124263055,0.8665909956920008,0.6939912166709808
2,6.437804124263055,0.8665909956920008,0.6939912166709808
2,8.409366866765108,0.9315460149340216,0.623664492535467
2,8.409366866765108,0.9315460149340216,0.623664492535467
2,6.968677589292912,1.1163720959696288,0.8186120990648296
2,8.874296813647245,1.40852699954036,0.6644086723191036
2,8.307691184751276,2.4453131691833083,0.6865757726859197
2,7.476021288316771,2.1913565667863457,0.7832032829103073
2,7.476021288316771,2.1913565667863457,0.7832032829103073
2,8.328936731811723,1.3763289630412696,0.6940560348169472
2,8.328936731811723,1.3763289630412696,0.6940560348169472
2,8.328936731811723,1.3763289630412696,0.6940560348169472
2,9.26758482764642,2.83654062637385,0.7620997846544678
2,9.26758482764642,2.83654062637385,0.7620997846544678
2,8.452780592831015,1.6068381848815403,0.6588501121778372
2,8.452780592831015,1.6068381848815403,0.6588501121778372
2,7.419983504452214,1.3021507785604514,0.6692376759499409
2,7.419983504452214,1.3021507785604514,0.6692376759499409
2,7.419983504452214,1.3021507785604514,0.6692376759499409
2,7.419983504452214,1.3021507785604514,0.6692376759499409
2,7.419983504452214,1.3021507785604514,0.6692376759499409
2,7.350921594711873,1.0852434737291194,0.7496873144988594
2,5.841750894480948,0.8834926686119589,0.6626067567170498
2,8.27169950586035,1.9052117864813156,0.7073949087196577
2,7.892069966468216,1.7963649830850026,0.756797920790224
2,9.803026625125973,1.8699322191033798,0.6942177628763313
2,6.545811791260712,0.90195246548648,0.6689484157390654
2,6.545811791260712,0.90195246548648,0.6689484157390654
2,6.545811791260712,0.90195246548648,0.6689484157390654
2,5.244831592346128,1.0951622561938037,0.6993255157081211
2,7.3942424933034685,0.7578906276846096,0.723016386171987
2,5.902047501900018,0.6688544533471211,0.7124368340340154
2,5.253287262843236,1.2876658396059417,0.674867065650444
2,5.14655914680094,0.9323828544290665,0.7289061782453261
2,6.113528132713542,0.729339416995042,0.6844255807882931
2,9.877080181693369,1.3071563417131153,0.6619621846175774
2,6.154615062015555,0.6714609172009307,0.6662382630932367
2,7.454824070822066,0.6288565137230188,0.6959584665966968
2,6.96239246346222,0.6691467637822308,0.7498044909817504
2,5.27882045285285,0.6360509622380852,0.8343819973793062
2,7.237084008583447,0.6997937440853438,0.7921218247660033
2,6.29907924558786,0.5750958806377133,0.7202558934508285
2,6.3190842879375655,0.7614926778382347,0.6843659596211912
2,8.100493043291964,1.0047203140190604,0.6885246320353542
2,8.631322822571173,1.3459793268207352,0.740375474296972
2,8.377455905226707,2.2079244750188947,0.7015712985939712
2,8.377455905226707,2.2079244750188947,0.7015712985939712
2,8.377455905226707,2.2079244750188947,0.7015712985939712
2,8.377455905226707,2.2079244750188947,0.7015712985939712
2,8.377455905226707,2.2079244750188947,0.7015712985939712
2,8.377455905226707,2.2079244750188947,0.7015712985939712
2,8.377455905226707,2.2079244750188947,0.7015712985939712
2,8.377455905226707,2.2079244750188947,0.7015712985939712
2,8.377455905226707,2.2079244750188947,0.7015712985939712
2,8.377455905226707,2.2079244750188947,0.7015712985939712
2,9.144628482791418,1.7527991468879753,0.7528154883073577
2,9.144628482791418,1.7527991468879753,0.7528154883073577
2,5.925953033872309,1.236346183093668,0.7889109104354719
2,6.581653890789782,1.5766624505927702,0.8111240608817103
2,7.836137811700099,0.9107888920401204,0.7060247382686056
2,6.656834257793853,1.2312653880427618,0.7166348095022778
2,6.656834257793853,1.2312653880427618,0.7166348095022778
2,8.368992543243191,1.3585862225844818,0.6563136682395672
2,8.368992543243191,1.3585862225844818,0.6563136682395672
2,8.368992543243191,1.3585862225844818,0.6563136682395672
2,8.368992543243191,1.3585862225844818,0.6563136682395672
2,6.589349716884433,1.1926657621423042,0.596891094614288
2,6.154941304058036,0.8201039747506746,0.7043095765489323
2,5.644338980034067,0.9706119525530505,0.61330027752114
2,6.061247329519059,0.6054259060808566,0.705870494941708
2,5.749667840234581,0.6346182273292348,0.6824633326974983
2,7.232244541823451,0.6970507558458541,0.7079339967433895
2,6.97833687121708,0.7419601012582363,0.6220079576695955
2,7.720820628637156,0.5854564314877113,0.7678723940853637
2,5.742064012855221,0.6232025550382491,0.8347241717616661
2,5.369652107737514,1.0929993579784982,0.6786990611695883
2,5.369652107737514,1.0929993579784982,0.6786990611695883
2,5.182520974973016,1.126059892943871,0.6880163674465729
2,5.587622174864315,1.2991403353393394,0.6625143600730098
2,8.694187422506772,1.44160002069728,0.6058717019620558
2,9.683239440167323,1.5218404027416679,0.6886168889151086
2,9.696752645943407,1.4153070362149243,0.6658966408260361
2,7.251003945023318,1.91736893594189,0.6143902492267539
2,6.736506187286858,2.193175753117966,0.630943361539968
2,5.760220672434652,1.5026528160934025,0.6457631093973559
2,5.760220672434652,1.5026528160934025,0.6457631093973559
2,7.202910928993345,1.2024247116546585,0.7359497357000451
2,8.584235986720344,2.0433957776578184,0.6935577208246024
2,8.584235986720344,2.0433957776578184,0.6935577208246024
2,7.304899345332729,1.621715612384954,0.7262897172949688
2,6.349809056522947,1.6176362422449306,0.6595969526620098
2,7.783698281507566,1.8238326093528787,0.7173241552079509
2,7.783698281507566,1.8238326093528787,0.7173241552079509
2,7.783698281507566,1.8238326093528787,0.7173241552079509
2,7.783698281507566,1.8238326093528787,0.7173241552079509
2,7.168465159898613,1.7158010914134822,0.6617656893087471
2,7.168465159898613,1.7158010914134822,0.6617656893087471
2,7.168465159898613,1.7158010914134822,0.6617656893087471
2,7.470823162748977,2.0423834984468057,0.652172747407377
2,7.470823162748977,2.0423834984468057,0.652172747407377
2,7.470823162748977,2.0423834984468057,0.652172747407377
2,7.692005038314817,1.8787842745011452,0.7228337315021969
2,7.692005038314817,1.8787842745011452,0.7228337315021969
2,5.749977441407866,0.7068952032421225,0.7376263003797991
2,5.632122226626906,0.6744488700333019,0.6952694448871652
2,6.480932984969763,0.7787473014463198,0.6733961949463974
2,7.357442100294965,0.671171900710954,0.713258122078436
2,5.4041436453111364,0.648441303101217,0.7625878544241672
2,6.996313952318699,0.7290097010974692,0.6960278280796156
2,6.575130311760699,0.874009595806873,0.6742896037514329
2,6.885083422391251,0.8088665572099597,0.753126707049397
2,5.571425263608649,1.0345024572129509,0.7221068093396925
2,5.571425263608649,1.0345024572129509,0.7221068093396925
2,5.139693635239257,0.8167266823614938,0.7459740791030587
2,5.188923215222746,0.690832373939344,0.7033275706860419
2,4.782922582420328,0.7399804174959885,0.7843759222919938
2,3.9877479664959408,0.6388954111543744,0.8115004344777513
2,4.625455939110834,0.6389647632543463,0.733837206877956
2,6.5227305611674185,0.8556558095751357,0.7133490746614575
2,6.5227305611674185,0.8556558095751357,0.7133490746614575
2,6.5227305611674185,0.8556558095751357,0.7133490746614575
2,6.5227305611674185,0.8556558095751357,0.7133490746614575
2,6.5227305611674185,0.8556558095751357,0.7133490746614575
2,6.5227305611674185,0.8556558095751357,0.7133490746614575
2,6.5227305611674185,0.8556558095751357,0.7133490746614575
2,6.5227305611674185,0.8556558095751357,0.7133490746614575
2,6.5227305611674185,0.8556558095751357,0.7133490746614575
2,6.5227305611674185,0.8556558095751357,0.7133490746614575
2,6.5227305611674185,0.8556558095751357,0.7133490746614575
2,6.5227305611674185,0.8556558095751357,0.7133490746614575
2,8.062921688964138,0.9454895173772638,0.7076390629445125
2,7.523199529443224,0.9954237054093309,0.7546871002720739
2,6.305133965185115,0.7977265449430941,0.7385725647139809
2,7.334690075100661,0.7474143472346333,0.684607399232696
2,6.656703692787801,0.8209824747701104,0.721841861142719
2,6.656703692787801,0.8209824747701104,0.721841861142719
2,8.395896332959516,1.8631334734776401,0.7085178959486593
2,8.395896332959516,1.8631334734776401,0.7085178959486593
2,7.431212915609043,1.7044079785036004,0.7587264780085176
2,7.671190988617703,1.2494454445872343,0.6989325906091264
2,7.700612716399768,1.1063757036115893,0.6982818572162719
2,7.408608907746365,1.097471377394238,0.6744367238382695
2,6.04251999214484,0.8004794735728485,0.7795690146422394
2,6.04251999214484,0.8004794735728485,0.7795690146422394
2,5.82852187868792,0.797860961947599,0.6966634284386892
2,7.002942182535957,1.0183421524281924,0.643110512873228
2,9.709940977975943,2.4915753869774164,0.6969824555192274
2,8.734497323691425,1.8274769919604397,0.6487319900328992
2,8.734497323691425,1.8274769919604397,0.6487319900328992
2,8.734497323691425,1.8274769919604397,0.6487319900328992
2,8.734497323691425,1.8274769919604397,0.6487319900328992
2,6.409349739335436,1.125001008417888,0.7217476250787478
2,6.409349739335436,1.125001008417888,0.7217476250787478
2,6.409349739335436,1.125001008417888,0.7217476250787478
2,5.721391415577444,1.2379124475405008,0.7758456059631345
2,6.856094482651831,0.8588932360988965,0.8257632704272668
2,6.15297434402667,0.7531458395189388,0.6293791418088203
2,7.24881874559131,1.0457003785873562,0.6352187768665252
2,7.24881874559131,1.0457003785873562,0.6352187768665252
2,5.299994855193417,0.7469177840059645,0.7011866567596017
2,5.299994855193417,0.7469177840059645,0.7011866567596017
2,6.261706948575783,0.7530699098599095,0.6987816809392423
2,4.792425026162325,0.987391152400434,0.7169522492068284
2,4.809526946209168,0.8419132274945702,0.7893854029280247
2,4.809526946209168,0.8419132274945702,0.7893854029280247
2,4.809526946209168,0.8419132274945702,0.7893854029280247
2,6.267889964043892,0.7458065010006542,0.7205367165573826
2,6.267889964043892,0.7458065010006542,0.7205367165573826
2,6.267889964043892,0.7458065010006542,0.7205367165573826
2,6.771677112147459,0.7875105505656287,0.6955750346742864
2,5.585725004018402,1.0476497983167588,0.7081732815963558
2,5.585725004018402,1.0476497983167588,0.7081732815963558
2,8.805303606640667,1.5349361259914953,0.684206053002509
2,8.805303606640667,1.5349361259914953,0.684206053002509
2,4.838265951839139,0.6738928470126394,0.7544652433104572
2,5.567945855167115,0.5987205207578896,0.7190966450732821
2,7.1887276699912555,0.755829726478557,0.7022051934880046
2,5.89455853099908,0.8516689854800639,0.7031900301529317
2,5.89455853099908,0.8516689854800639,0.7031900301529317
2,6.739565669613177,0.911478640576239,0.7732573471384449
2,6.833626790358916,1.1724483782449906,0.79074072275214
2,8.172647871821091,1.3069347639186781,0.7861062832241555
2,6.5966104127585385,1.3967102916200762,0.7501649921477442
2,8.30415698571222,1.0180089222032453,0.7022270274489557
2,8.30415698571222,1.0180089222032453,0.7022270274489557
2,6.656469204749933,1.0007026202431035,0.65151564595413
2,6.656469204749933,1.0007026202431035,0.65151564595413
2,4.541852160678897,0.969195399699839,0.7163595478401389
2,5.207422420501276,1.1315384244435585,0.8352508613158058
2,9.136503216777783,1.7160346490759177,0.6320492139530554
2,6.794332458135449,1.2433417339501642,0.7411472267957254
2,5.846112501152588,1.2260122580350274,0.7526933652966007
2,6.363008720362697,1.3946823872234648,0.6198216360572576
2,9.003625664170999,1.2811426423953272,0.7178386761716952
2,6.075435876859916,1.7090432664397128,0.7082444798647345
2,5.460167833861529,1.181020641998276,0.6599466758352271
2,5.916503166370165,0.7169461284946539,0.7341302620284791
2,5.679288126243937,0.9388580311492876,0.6677475200295979
2,5.889924514519694,1.1630932617398502,0.6947668691265159
2,6.427169475005213,2.190743742318756,0.6464266802793981
2,8.156586629224291,1.6397013311641813,0.7003571986115402
2,6.391279122313622,1.1398093909172409,0.7366295769433395
2,4.914331208720534,1.1546493240129734,0.8196142404413769
2,4.914331208720534,1.1546493240129734,0.8196142404413769
2,5.44468451551317,1.4346523387797965,0.7809275154356481
2,4.647902925032179,0.9926196315521356,0.7890245498739359
2,5.790729006441306,1.801175401364771,0.7367073075896997
2,8.403070335664786,2.8323485358360796,0.650993362227387
2,8.403070335664786,2.8323485358360796,0.650993362227387
2,6.60015237046154,0.9832143582623266,0.7454208801211148
2,5.755223878971376,1.1633319973450003,0.6950510418729756
2,7.659040924215172,1.5842698293453183,0.6499507175727135
2,7.16745132704775,1.965592144000085,0.6550474670113351
2,7.643434823741126,0.93061343436253,0.7899551478198664
2,7.983200188947973,2.2981737839920195,0.7654547751401386
2,7.983200188947973,2.2981737839920195,0.7654547751401386
2,8.926352175480266,2.394929449114729,0.6971013413362765
2,8.926352175480266,2.394929449114729,0.6971013413362765
2,8.058669954226588,1.6173361396463177,0.7564097071547917
2,10.011945147806978,1.0959410906568143,0.6818866252125981
2,8.980836450178657,1.7006289435508941,0.7686035848758368
2,7.853213455582619,2.147532859436734,0.8002391094807244
2,7.922037946780058,2.227924143646862,0.7475700037764231
2,6.4557942570315054,0.7921596275854805,0.7286835365879747
2,5.652347611498239,1.1519761503476147,0.6826274679752292
2,5.174082068354027,1.1376036799487583,0.7626101854878949
2,8.591459083367148,2.8422233713314227,0.7040145554937761
2,8.185253208577539,1.8195889586817162,0.7459788716563361
2,8.185253208577539,1.8195889586817162,0.7459788716563361
2,7.275256593905402,1.3008829172157639,0.6849684496400702
2,7.275256593905402,1.3008829172157639,0.6849684496400702
2,7.275256593905402,1.3008829172157639,0.6849684496400702
2,6.552848111302643,1.3052622750062666,0.6651470293547626
2,5.71421040997333,0.9489770691798325,0.7382283016080253
2,6.574953376889324,0.8249418176570001,0.7819910831705797
2,5.5350740836951235,1.5923170867678815,0.6909510505243083
2,6.736076469421591,1.4547100047655044,0.6915743485201871
2,8.84470656403418,1.738515085880718,0.68233005409524
2,9.319466890535555,2.4769387906684193,0.7119608160464446
2,10.067626082599743,2.232826942964784,0.7048296323013697
2,8.705987601501244,2.0743512253878107,0.7493032165421186
2,8.705987601501244,2.0743512253878107,0.7493032165421186
2,5.853926378049747,1.0812816284887876,0.8060034383103652
2,5.853926378049747,1.0812816284887876,0.8060034383103652
2,6.839678744045431,1.150413042953963,0.6768146765627608
2,6.13655177974526,0.744125855854104,0.727695329402491
2,7.3516506972814595,1.1036175671681943,0.6977845297023423
2,8.5106600614222,2.435833116923111,0.6834018775495221
2,7.365383809774138,0.8258312276347638,0.8275121450876346
2,8.361476684342778,1.0149353824792773,0.6467140189397496
2,8.361476684342778,1.0149353824792773,0.6467140189397496
2,9.867232893612197,1.252359045090722,0.6876827801855365
2,8.968749759100263,1.808351641696018,0.7660921093006428
2,7.764083785314315,1.5453167754439388,0.805357002553763
2,6.240325835040818,1.0833633105150369,0.7307113990528217
2,5.803575048383672,0.7770284281795565,0.6816992890675752
2,6.564380982658584,0.9069805433638505,0.673250260318753
2,6.8957706138083354,1.069573241188314,0.6987822681153635
2,6.8957706138083354,1.069573241188314,0.6987822681153635
2,5.821144678597753,1.5456639296260535,0.7644035955942876
2,7.79505976660371,1.727217294109197,0.723625664282843
2,7.79505976660371,1.727217294109197,0.723625664282843
2,8.938789573349407,2.2365756835200354,0.7292508299100877
2,6.815334709843008,1.2059098665362122,0.731869065734143
2,5.683152483861164,0.7329808662719365,0.682780672209415
2,8.003551452488445,1.09980787521552,0.7163146821045675
2,6.292043533998242,0.9928756741801533,0.8005587011916397
2,6.591288628363633,0.9630082808745489,0.7575287656137708
2,6.591288628363633,0.9630082808745489,0.7575287656137708
2,6.327206433001689,1.751336339965541,0.7268388936608027
2,7.65519483486033,1.9905374155818112,0.7587146378935444
2,7.425099165700231,2.005037248564363,0.7118568979027887
2,7.263903377717646,1.8606221786657566,0.762567797717169
2,7.263903377717646,1.8606221786657566,0.762567797717169
2,7.263903377717646,1.8606221786657566,0.762567797717169
2,7.263903377717646,1.8606221786657566,0.762567797717169
2,8.395620613339222,2.254578595848848,0.7371385099701292
2,8.009840990981306,2.495820598031437,0.7282627323649463
2,7.076368902276591,2.156462736444846,0.7165152346063007
2,7.076368902276591,2.156462736444846,0.7165152346063007
2,7.076368902276591,2.156462736444846,0.7165152346063007
2,7.076368902276591,2.156462736444846,0.7165152346063007
2,7.076368902276591,2.156462736444846,0.7165152346063007
2,6.488549368710131,1.6732242305515854,0.6538479064634242
2,6.324878999739381,1.6168593552955548,0.6475543858161128
2,6.3623058457844195,1.2271867543404964,0.7413545778969373
2,7.312640865697388,1.2684584387854225,0.6637949387578893
2,7.312640865697388,1.2684584387854225,0.6637949387578893
2,6.432903724463513,1.961197295944662,0.6519523064153098
2,9.109332263532018,2.1442137894975897,0.7219047077697728
2,7.316981359483858,2.0070966526798824,0.8177265888934653
2,8.471352535772485,1.6762771277244808,0.6913526172792248
2,7.783248698417884,1.1692252728341606,0.7213429932438211
2,6.025670997227398,0.9784539641746383,0.7393052941123689
2,4.976493840860545,0.7869618545575496,0.687165800629288
2,4.976493840860545,0.7869618545575496,0.687165800629288
2,6.948529852641509,0.9019037736765463,0.8562358115182163
2,10.471403293342426,1.5364087945415261,0.7130291569316132
2,8.899028009004848,1.975487386335919,0.6745911402535958
2,8.899028009004848,1.975487386335919,0.6745911402535958
2,7.504123378533519,1.079316899748334,0.6836832029863525
2,7.797919831713178,0.9862547663852868,0.7787880148718749
2,7.914152374234428,1.03616463169653,0.7817482985082951
2,7.070125978095598,1.1332458722104457,0.8007234062266563
2,7.070125978095598,1.1332458722104457,0.8007234062266563
2,4.73391251661325,1.0047690456543368,0.6731659606431057
2,6.608438253992014,1.2637327737485986,0.70184495917391
2,5.687660184058009,1.2175585158961737,0.7312495933516894
2,5.468966392083474,0.9449796085646895,0.7098104001571127
2,5.895735117319088,1.215270705799329,0.7396027901113994
2,7.129739285934821,0.9556767780880102,0.7367432010339855
2,8.345962007485813,2.3725193803040545,0.7635158298480612
2,7.291502813262877,1.2663770544131867,0.6326173175589611
2,6.640895542841442,1.3395492825192408,0.777674096885362
2,7.491889637847834,1.1317102084722142,0.6503310887024684
2,8.240389213529543,2.3311521830970596,0.6308698456882353
2,7.474216922333949,1.8060400489742712,0.6921913069220627
2,7.474216922333949,1.8060400489742712,0.6921913069220627
2,7.474216922333949,1.8060400489742712,0.6921913069220627
2,7.474216922333949,1.8060400489742712,0.6921913069220627
2,7.474216922333949,1.8060400489742712,0.6921913069220627
2,8.05282359820356,1.3846841869275082,0.7186219770903376
2,8.066617568076195,1.8888107003264356,0.7172358328016943
2,6.646374013875558,1.067770408142465,0.7140824308504293
2,6.646374013875558,1.067770408142465,0.7140824308504293
2,7.175427020806149,1.6419836609631324,0.7293052169126438
2,7.175427020806149,1.6419836609631324,0.7293052169126438
2,7.175427020806149,1.6419836609631324,0.7293052169126438
2,7.175427020806149,1.6419836609631324,0.7293052169126438
2,7.175427020806149,1.6419836609631324,0.7293052169126438
2,7.4776489162565065,0.8888828589776419,0.7169169807152134
2,8.318996057279023,1.41123032959494,0.7237038709762471
2,8.318996057279023,1.41123032959494,0.7237038709762471
2,7.421657072160091,1.0952031459046208,0.8143317852761239
2,7.421657072160091,1.0952031459046208,0.8143317852761239
2,8.93877355841556,2.4113484573805994,0.6058910009396297
2,9.081161408676532,3.160976241703647,0.7490034437643074
2,8.948884935680724,1.873376444952427,0.7130088724012797
2,8.948884935680724,1.873376444952427,0.7130088724012797
2,6.916764297399156,1.6375047439307866,0.7610985134258452
2,6.171701657962303,1.1549261108592326,0.7162026633796897
2,7.351734658881598,1.3109993935137845,0.6749045658280106
2,7.351734658881598,1.3109993935137845,0.6749045658280106
2,10.135946808831061,1.2384546249144683,0.6333990252748931
2,9.185479510319647,1.7278730065779877,0.5969346033088581
2,9.185479510319647,1.7278730065779877,0.5969346033088581
2,10.028474939646205,2.2712556453082975,0.6066583416774347
2,9.901536924545201,2.268744653400356,0.6949052152421109
2,7.066840254371603,1.5879523936869506,0.8121770756388743
2,8.625341924006099,2.685000171251616,0.7643124938173308
2,9.010584425251078,1.8452857319605656,0.761041465914721
2,6.001440903383494,0.8459863765874034,0.6946233744618568
2,6.048169610003044,0.9523405842223895,0.773213598965299
2,9.589103934123688,1.7882588796488021,0.731757295227349
2,8.576798379906126,1.4350788052861772,0.6369175296156653
2,8.576798379906126,1.4350788052861772,0.6369175296156653
2,5.9600066195352435,1.161832714388734,0.6880425034129908
2,6.941025648985817,1.2083477654646284,0.7585509799676545
2,6.010848182753664,1.055098637430011,0.7312683250621765
2,6.010848182753664,1.055098637430011,0.7312683250621765
2,7.331050799429362,1.1779539279087157,0.7257048228176527
2,7.875019987831237,1.2561854084022048,0.7007333597127775
2,7.875019987831237,1.2561854084022048,0.7007333597127775
2,6.924089318849656,1.2087441199054783,0.7341283474480131
2,6.924089318849656,1.2087441199054783,0.7341283474480131
2,6.924089318849656,1.2087441199054783,0.7341283474480131
2,6.924089318849656,1.2087441199054783,0.7341283474480131
2,6.993436368512888,1.3177673880617733,0.7038441532355596
2,6.932071087418109,1.5850194572954142,0.722205174112866
2,8.486799575486476,1.9560434138170875,0.682413980891645
2,4.393745226096488,0.7424514630916592,0.7440069246869156
2,4.700259768777061,0.7741197062682974,0.8323759914460432
2,6.835033578703266,0.9929008020206693,0.6920396309410921
2,6.835033578703266,0.9929008020206693,0.6920396309410921
2,6.835033578703266,0.9929008020206693,0.6920396309410921
2,6.835033578703266,0.9929008020206693,0.6920396309410921
2,6.835033578703266,0.9929008020206693,0.6920396309410921
2,7.444897401271702,1.3226015634131265,0.7234761949630361
2,9.145593677584152,2.094400121905071,0.790079905665609
2,8.609295538208514,2.26436911605304,0.7656949555896154
2,7.806008408515701,2.29745406081486,0.7120550585981366
2,7.6257215922412875,1.7818288296916425,0.7041702987261297
2,7.6257215922412875,1.7818288296916425,0.7041702987261297
2,9.203395683196138,1.5381150819306006,0.6680718424669982
2,8.228636302385869,1.3799652672661606,0.6421253334128652
2,6.770225113738938,0.9008208239836234,0.7091029637004482
2,6.770225113738938,0.9008208239836234,0.7091029637004482
2,6.770225113738938,0.9008208239836234,0.7091029637004482
2,6.770225113738938,0.9008208239836234,0.7091029637004482
2,6.985480280476169,1.2666013052262581,0.6726692070023189
2,6.985480280476169,1.2666013052262581,0.6726692070023189
2,6.985480280476169,1.2666013052262581,0.6726692070023189
2,6.985480280476169,1.2666013052262581,0.6726692070023189
2,8.083701568860402,1.0873037375274364,0.8226741117141537
2,8.917240789581982,1.2499820736354867,0.7657669076889694
2,9.603604873364981,2.209883151969681,0.6791948362213243
2,9.603604873364981,2.209883151969681,0.6791948362213243
2,8.65522807575491,1.915236988504544,0.7213031816223898
2,9.582500268298048,1.6825270729588353,0.7378436709016054
2,8.194821537420012,2.7983813269416404,0.6494231634996013
2,8.194821537420012,2.7983813269416404,0.6494231634996013
2,8.194821537420012,2.7983813269416404,0.6494231634996013
2,8.29747848137619,1.8115479809428532,0.6819872091005973
2,8.061161514632783,1.9353866772170452,0.6802593817367232
2,6.640459589917161,1.8162894135137482,0.715855624177803
2,6.0921765939626304,0.9312644908821442,0.8260496831826817
2,7.449588861623275,0.6000179563868686,0.7492492149930592
2,4.527650511535801,0.6599295810014363,0.7147935503750125
2,4.483638383220507,0.6556926139386092,0.6824599412100747
2,6.137737141084232,0.7804266699629419,0.7184150745732176
2,6.838829835882955,1.3835567158855664,0.6412507974287028
2,6.838829835882955,1.3835567158855664,0.6412507974287028
2,6.838829835882955,1.3835567158855664,0.6412507974287028
2,6.513131100852471,1.6026427699931978,0.738043737115877
2,7.547840699886812,1.171264284115091,0.6542095073688388
2,7.666811253110745,1.8647329547205664,0.6538170760159174
2,7.666811253110745,1.8647329547205664,0.6538170760159174
2,7.666811253110745,1.8647329547205664,0.6538170760159174
2,7.666811253110745,1.8647329547205664,0.6538170760159174
2,6.8445188004994595,1.64080347880089,0.7811641468068864
2,7.142743338985636,1.5102481315727374,0.6874834159817078
2,7.142743338985636,1.5102481315727374,0.6874834159817078
2,9.429089549512693,1.8948527690476737,0.6210005249754054
2,7.363561027323597,1.2224291700427288,0.741060157326076
2,7.453402519821534,1.3265556918551593,0.7637867686585108
2,7.271738670771589,1.68290812272672,0.7349788551950203
2,7.271738670771589,1.68290812272672,0.7349788551950203
2,7.271738670771589,1.68290812272672,0.7349788551950203
2,7.1353027637727795,0.9322935848093004,0.7605974801065553
2,6.197744625237774,1.1390866342949406,0.640734591686724
2,6.620721882379255,1.4234706025820227,0.7660847273252404
2,6.620721882379255,1.4234706025820227,0.7660847273252404
2,8.875229102095693,1.3948580410828868,0.6964518710235678
2,7.858333308232081,1.6792992055101728,0.6756811320948561
2,8.873537145012374,1.6527084277320652,0.7532457968903558
2,8.873537145012374,1.6527084277320652,0.7532457968903558
2,6.722515400451136,1.636873957027938,0.7744409265088222
2,6.380875633137778,0.9889992788446687,0.7908045497604514
2,6.4133715947972805,1.3494788606158292,0.7333901331166665
2,6.4133715947972805,1.3494788606158292,0.7333901331166665
2,6.967900448936682,1.553400577125679,0.6972555735264341
2,7.828391711446444,1.535134907053707,0.7220882808758216
2,7.828391711446444,1.535134907053707,0.7220882808758216
2,8.970501730474163,1.680889109805942,0.7018056997511235
2,8.000333385858145,0.9683713046606098,0.6848367585680097
2,7.324774961072302,0.9932894661628302,0.7772607039378431
2,7.165548977600936,0.9055348691646743,0.6736716408950969
2,7.165548977600936,0.9055348691646743,0.6736716408950969
2,6.865888993575517,1.5664051324244452,0.6990713610027134
2,6.865888993575517,1.5664051324244452,0.6990713610027134
2,6.865888993575517,1.5664051324244452,0.6990713610027134
2,6.865888993575517,1.5664051324244452,0.6990713610027134
2,7.120344734156223,1.295168604517556,0.6321615025821753
2,6.178766755836862,1.1499565470991446,0.6658661211274621
2,7.8572207726624566,1.087417623811274,0.6575290820741132
2,5.969978696838332,0.8324356471378682,0.7746831682971198
2,7.065305823171725,1.7224119106229447,0.639072652554786
2,5.842678705213217,0.8106598173731783,0.748314478318955
2,6.524163548414009,0.979296180733727,0.7609398860973893
2,6.067746158695162,0.861099900983195,0.7094425753776001
2,6.067746158695162,0.861099900983195,0.7094425753776001
2,7.93663565004996,1.4822057726003384,0.7319191918657028
2,6.291500749532977,0.9338870811089047,0.6902345523488598
2,5.472794167023716,0.9546223691234805,0.7530564658658845
2,7.6406173191552655,1.4963245747112048,0.6371141459293601
2,6.430832269255067,0.8160388046513937,0.7312351134420851
2,6.430832269255067,0.8160388046513937,0.7312351134420851
2,6.430832269255067,0.8160388046513937,0.7312351134420851
2,6.587145278822807,0.8902558211078693,0.6794721718211958
2,6.994018065413934,0.8964313827645154,0.6877598414704751
2,6.994018065413934,0.8964313827645154,0.6877598414704751
2,6.47172926808981,0.9180122084403806,0.7224902190657817
2,6.339100663607575,1.287659932699893,0.728951901776012
2,6.339100663607575,1.287659932699893,0.728951901776012
2,6.339100663607575,1.287659932699893,0.728951901776012
2,6.339100663607575,1.287659932699893,0.728951901776012
2,6.339100663607575,1.287659932699893,0.728951901776012
2,6.339100663607575,1.287659932699893,0.728951901776012
2,6.339100663607575,1.287659932699893,0.728951901776012
2,6.339100663607575,1.287659932699893,0.728951901776012
2,6.016690615826922,1.4201675531227504,0.6904351138484672
2,6.016690615826922,1.4201675531227504,0.6904351138484672
2,6.205648243586504,0.9158553162855232,0.6931263293237022
2,6.205648243586504,0.9158553162855232,0.6931263293237022
2,6.205648243586504,0.9158553162855232,0.6931263293237022
2,9.133798316869044,1.9666536499530594,0.6400380315883786
2,7.379339956586919,1.0651437179448342,0.7484030041109088
2,5.768076128915804,0.9185884968893905,0.682040494885141
2,6.437749442392638,0.9939614939867034,0.683632640632069
2,7.202583661770395,1.5845390532784143,0.6884210462115986
2,6.473916676353701,1.4655388602541404,0.6609982730459876
2,5.940023356617475,1.7428367709657522,0.6815082487239207
2,6.953319131582284,1.846948784922303,0.7604691116818337
2,7.889630998137527,1.5984261002429139,0.7532653022567297
2,5.734044308169917,1.2501184575059732,0.6455054329199807
2,7.29292460412843,1.2816984465331194,0.6049483017457383
2,6.707344624110626,1.481013207142085,0.5992132321031013
2,7.732187481709114,1.0854930542166232,0.7195380105588937
2,7.732187481709114,1.0854930542166232,0.7195380105588937
2,6.787950202986456,0.9113286882634432,0.6849893095465031
2,6.7402582733808565,0.6415416969400409,0.6741707932224308
2,7.537758256199686,1.2131532934199964,0.6595883581818622
2,7.3461369427112215,1.2428105905170752,0.6895430781486325
2,7.3461369427112215,1.2428105905170752,0.6895430781486325
2,6.127084161341857,1.0803886143588883,0.706100398398799
2,6.127084161341857,1.0803886143588883,0.706100398398799
2,6.127084161341857,1.0803886143588883,0.706100398398799
2,7.894617520096048,1.3944950893298484,0.7097900198851371
2,7.894617520096048,1.3944950893298484,0.7097900198851371
2,7.894617520096048,1.3944950893298484,0.7097900198851371
2,8.345446012012292,1.4721157863755385,0.6740303124808417
2,6.4146077749979735,1.084014270929753,0.6888767918341119
2,6.4146077749979735,1.084014270929753,0.6888767918341119
2,6.911714390018939,1.9108888635710037,0.6927957659436266
2,6.911714390018939,1.9108888635710037,0.6927957659436266
2,8.548629318431423,1.5920496496959347,0.7027823473658337
2,7.038756988146579,0.9325153827754407,0.7124879992603494
2,5.83214367003368,0.8884402254660018,0.6848199501148529
2,6.662668967261985,1.167835947126224,0.7823159892658126
2,6.498682397949838,1.1940246138342459,0.7522739780848577
2,7.900547424503685,1.4161762336756796,0.6821623640749674
2,7.900547424503685,1.4161762336756796,0.6821623640749674
2,7.805184531812237,0.9149849372980234,0.7727751193298483
2,7.690916151842423,2.162681277812321,0.6943392829844126
2,7.690916151842423,2.162681277812321,0.6943392829844126
2,7.690916151842423,2.162681277812321,0.6943392829844126
2,7.690916151842423,2.162681277812321,0.6943392829844126
2,8.293668773061889,2.0634003087496398,0.7234411286079057
2,8.293668773061889,2.0634003087496398,0.7234411286079057
2,8.293668773061889,2.0634003087496398,0.7234411286079057
2,8.293668773061889,2.0634003087496398,0.7234411286079057
2,7.540316927559744,1.0475239874077868,0.67165752194964
2,7.540316927559744,1.0475239874077868,0.67165752194964
2,7.220206375313652,1.8734774980133582,0.6621769248811563
2,7.17920657767792,0.9748449527530058,0.7727313028561942
2,7.716383753574908,1.9757610057384054,0.6682426563809508
2,7.828839685147025,2.4462379430532675,0.7678248627411854
2,8.866343796548204,1.3495925908719673,0.7553565286888932
2,8.26165017665609,1.1020994299344156,0.7449634067140253
2,7.596559650506819,0.8532527532251293,0.6163270638603723
2,5.994897654490088,0.6313495488333467,0.7409787336423145
2,5.994897654490088,0.6313495488333467,0.7409787336423145
2,6.658609044705788,0.725747837980308,0.7275195594639087
2,5.303382314311281,0.6086117635859818,0.7262881991894862
2,5.303382314311281,0.6086117635859818,0.7262881991894862
2,7.773455416366877,0.8302069099730651,0.7292491215925535
2,6.245529788732171,0.6987208289273287,0.7685074040025635
2,7.3236123325771585,0.9132224800809303,0.7032290775508465
2,7.3236123325771585,0.9132224800809303,0.7032290775508465
2,7.194245247387927,1.1998719639540818,0.7299435239491625
2,7.549750264761209,0.8733138788902006,0.7130484493683742
2,5.970448343628652,1.045136344540845,0.6571504235086147
2,7.6207333710336425,1.3649768322990958,0.6730804041504154
2,6.79194334049869,1.1144720467335603,0.6364260831975818
2,6.79194334049869,1.1144720467335603,0.6364260831975818
2,6.207007208027678,0.9708884620308922,0.68670511026712
2,7.142601091523677,0.8021561226974239,0.6498149368990823
2,4.9501778184019,0.5897156159981551,0.7374554601053943
2,7.294110855776981,0.5744760900787783,0.7438831647965712
2,7.294110855776981,0.5744760900787783,0.7438831647965712
2,5.916283856749326,0.5489003835924282,0.6584515469815186
2,6.815206828000561,0.6543733141558499,0.7330892437159665
2,7.549776307337012,0.8200097186493391,0.710329284539234
2,8.562794668806923,1.459200863530877,0.6462052290264308
2,8.562794668806923,1.459200863530877,0.6462052290264308
2,5.743418130354092,1.062834627007517,0.6992855251465845
2,6.884149561787672,1.762885781831463,0.6536734704784789
2,4.677441000712622,0.7686945045349178,0.7527898059868854
2,5.915071703236443,1.260380752484807,0.7525733225275899
2,6.950437339733354,1.2516185927388728,0.7576938908709483
2,8.674763167476524,1.085945940051607,0.6904318352233899
2,8.674763167476524,1.085945940051607,0.6904318352233899
2,8.674763167476524,1.085945940051607,0.6904318352233899
2,5.965695338878634,0.8644247808738977,0.7772468234366204
2,6.448352934261752,0.8244873851011421,0.749582277653226
2,6.585933119138934,0.8083654657630814,0.6651798953413194
2,6.132840504834843,0.8064962718230374,0.6895008165787045
2,6.132840504834843,0.8064962718230374,0.6895008165787045
2,7.866351239266165,1.4261775133225645,0.6414770960796632
2,8.715851097706498,1.7375913049741942,0.6154164506605772
2,8.715851097706498,1.7375913049741942,0.6154164506605772
2,7.746331631967689,1.292292000029067,0.7641858984240544
2,7.746331631967689,1.292292000029067,0.7641858984240544
2,7.746331631967689,1.292292000029067,0.7641858984240544
2,6.026373458856092,1.1200797041107688,0.662492827359546
2,6.026373458856092,1.1200797041107688,0.662492827359546
2,6.063800542656358,1.098655105404133,0.7340792222725436
2,6.063800542656358,1.098655105404133,0.7340792222725436
2,6.063800542656358,1.098655105404133,0.7340792222725436
2,7.1334278586196875,1.3956821477735706,0.6779107647298771
2,6.29318368442045,1.248349380684171,0.7893974687254489
2,7.1628188978354315,1.3173875621539954,0.661536310497607
2,8.008121293496423,1.1362690443353358,0.6877792521896653
2,6.404979038472954,1.203830839612928,0.6837617026261078
2,6.811353441357292,1.3361032337038936,0.6611924579384597
2,6.811353441357292,1.3361032337038936,0.6611924579384597
2,6.793988562125381,0.9430036943212364,0.6769483931889049
2,6.9102625400519475,1.0798913842508306,0.734047884351633
2,6.552831071851381,0.9841398158770827,0.6539475132731971
2,6.552831071851381,0.9841398158770827,0.6539475132731971
2,6.552831071851381,0.9841398158770827,0.6539475132731971
2,5.845773998189532,1.0889180117127937,0.7456916211614993
2,5.845773998189532,1.0889180117127937,0.7456916211614993
2,6.96768534274589,1.6850621877264615,0.7330847499035049
2,6.479149366179216,1.2928001527499482,0.7760068478179686
2,7.997091480338325,1.4473998690159804,0.6831978930882211
2,7.997091480338325,1.4473998690159804,0.6831978930882211
2,8.707129675723738,1.7277101461576072,0.6955740342841368
2,6.701114196507662,1.2855892873829973,0.721010214914777
2,6.701114196507662,1.2855892873829973,0.721010214914777
2,6.701114196507662,1.2855892873829973,0.721010214914777
2,5.341693912529219,1.0167523349678933,0.7215992882471693
2,7.6012676775698385,0.9562214063240854,0.7491793891872137
2,7.424736369119434,0.8167424830905552,0.6437723254898414
2,8.021057330329857,1.2167408274593075,0.6039704995538265
2,8.953175723605579,1.7908540870371958,0.6007308635291829
2,7.253823750309955,1.685653348180719,0.6602976038267676
2,8.05827882144358,1.2691531294572673,0.7082492373340802
2,8.05827882144358,1.2691531294572673,0.7082492373340802
2,7.999083748579967,1.9471510634540836,0.6892958347304952
2,7.999083748579967,1.9471510634540836,0.6892958347304952
2,7.999083748579967,1.9471510634540836,0.6892958347304952
2,8.808110939613929,2.3714742503005466,0.7048042789599388
2,9.48285475717944,1.5643794155155968,0.7177623342206629
2,9.48285475717944,1.5643794155155968,0.7177623342206629
2,8.797963573383548,2.1926610358124208,0.7390275676959738
2,8.797963573383548,2.1926610358124208,0.7390275676959738
2,6.709675891207193,1.563484719070115,0.6710333707083305
2,7.672532935382378,1.9477238548764673,0.6732912623231284
2,5.990442467418014,1.0637828903583708,0.7360212879208587
2,7.423622730515857,1.046666563559014,0.7574280932894973
2,8.079354840519429,2.267230654150751,0.6750083267627291
2,8.079354840519429,2.267230654150751,0.6750083267627291
2,8.079354840519429,2.267230654150751,0.6750083267627291
2,6.685914856965883,1.471227378963622,0.7412141339800052
2,5.3915123725071,1.4003766995281062,0.7028591103791175
2,5.3915123725071,1.4003766995281062,0.7028591103791175
2,6.311019745437831,1.8308711472108474,0.7888106081412426
2,6.2313622097149,1.1060598421907013,0.7909505723152864
2,7.78430169790707,1.4125653589212308,0.65380868711605
2,9.086201811252035,1.5576598255035732,0.6883432547268137
2,6.46587453707219,0.8714744403351544,0.748713029948464
2,6.5927106156704625,1.126055634725195,0.6387050955273118
2,7.853331014157373,1.2891549073583741,0.6342433588672823
2,7.413602676788526,1.5454042297215622,0.6417577924872769
2,6.356894092317778,1.398828657383349,0.6531473719122861
2,6.356894092317778,1.398828657383349,0.6531473719122861
2,6.356894092317778,1.398828657383349,0.6531473719122861
2,6.812778016003116,1.0934915873539557,0.6857365801247606
2,5.80159889888886,1.4459353636992662,0.622806084141883
2,10.751517170668128,1.4232591837073647,0.7394491810938313
2,7.88919922084774,1.4396822952476869,0.6245678969431582
2,6.84173586562014,1.2703915588261911,0.8003305935854604
2,6.404945723436595,1.088923982971815,0.723528343159287
2,6.70464844636617,0.9647144428469263,0.7247868044608731
2,8.239205680940108,1.3597234340884303,0.7654985458657296
2,8.127595350746248,1.6706017575877141,0.6263754305705664
2,6.128043430011998,1.9686096397012816,0.7256174912833718
2,6.128043430011998,1.9686096397012816,0.7256174912833718
2,9.611970899365833,2.576871108604088,0.696183475806369
2,9.611970899365833,2.576871108604088,0.696183475806369
2,9.611970899365833,2.576871108604088,0.696183475806369
2,9.611970899365833,2.576871108604088,0.696183475806369
2,8.369642597064889,2.0756380781142028,0.7296506692168288
2,8.369642597064889,2.0756380781142028,0.7296506692168288
2,8.369642597064889,2.0756380781142028,0.7296506692168288
2,10.092312978984127,1.8003012378628969,0.6437560882653114
2,8.764173451826018,2.0252405938624873,0.6040994248309821
2,9.804462294132097,3.3201824546819463,0.739961877585582
2,9.993010570717551,1.8522560439532056,0.7726369806235133
2,6.912225143590158,1.8690740102377676,0.6810828612058345
2,7.7305150177136355,2.116939852538959,0.7489650184762505
2,9.173535681355856,2.3174823604632317,0.6914632225953309
2,9.378070959838288,2.295984373350924,0.6587685509547573
2,7.262743184649946,1.0219718761405567,0.7466640545903639
2,5.878960196626336,1.0742541966904926,0.7789097279267837
2,6.2568702718374,0.8221995637761544,0.8148642650398322
2,6.2568702718374,0.8221995637761544,0.8148642650398322
2,6.347786195989069,1.5209094630927231,0.7254268206097129
2,6.3709360089314115,1.1582323423544851,0.6986798071803118
2,6.560088435838826,1.1791382140724347,0.6627972502827814
2,6.860284700470671,1.4068769878597926,0.6610721783612005
2,6.860284700470671,1.4068769878597926,0.6610721783612005
2,7.558760925644966,1.4751878866574692,0.6845087785373298
2,7.289884841744968,1.4519013622143613,0.7137564899776468
2,8.900068400017608,1.4733189214665288,0.7015511872042197
2,7.392226876650351,1.314830682103581,0.8082719594001069
2,7.096666717913558,1.3055504865765584,0.748489444274514
2,7.9342288503944,2.102748413497765,0.7211211376275183
2,6.766979101112637,2.0250589463141493,0.6974383074303697
2,5.611311679498222,1.4615578307404329,0.6886991601931911
2,5.611311679498222,1.4615578307404329,0.6886991601931911
2,9.883571662654132,2.672591962151145,0.8458831224744731
2,8.273707874754892,1.6679362981932737,0.8359578059394813
2,9.686851856671472,1.9742962480630506,0.7670949096168638
2,6.785210414893251,1.11865763776078,0.7141754497737022
2,6.785210414893251,1.11865763776078,0.7141754497737022
2,6.785210414893251,1.11865763776078,0.7141754497737022
2,6.5336130179206675,1.5414282748317711,0.7146629231267021
2,6.400128102312528,1.7743959770792734,0.7484625819582191
2,6.997030673918828,1.2171565973024339,0.7737829851688325
2,7.241612808753391,1.4795985884061806,0.7389344918160575
2,6.207367042683909,1.2714885119331676,0.7155855250024348
2,8.479566511169352,1.2746681090647114,0.6504079575924546
2,9.94476693355422,1.8559473631693044,0.7005964636839142
2,9.94476693355422,1.8559473631693044,0.7005964636839142
2,9.244244231415916,1.3129455312441192,0.7197299723677933
2,7.940592281475503,1.3685340796300896,0.6792131200384158
2,6.748093183187324,1.0152278138389539,0.6856170428669685
2,7.110663694108047,1.6375943211820911,0.6797104564397646
2,6.89082216859642,1.0933871343551704,0.6570219547708888
2,6.123691203616377,0.8320448422533588,0.7623876147489893
2,7.205417527949656,0.6488197504259502,0.6972021593430633
2,7.205417527949656,0.6488197504259502,0.6972021593430633
2,6.408766954088741,0.6187901163556069,0.7691990753500897
2,6.408766954088741,0.6187901163556069,0.7691990753500897
2,6.538354531995372,0.530054938872743,0.7452967855589544
2,5.980194681431627,0.5334929737991753,0.6534258825672652
2,7.255898635069097,0.5281216785716429,0.7266030550609275
2,5.756846991982213,0.5457928529341329,0.790938488113777
2,5.987058229156671,0.6124441549910868,0.7596647446543006
2,6.652477169571401,0.6115514361918719,0.7329762677345054
2,5.713152477808068,0.5951008450921043,0.8351802739161082
2,5.293935591794658,0.6382291330267353,0.6927488811204381
2,6.404706892728267,0.5966808076592375,0.6955074808741711
2,6.2892210339906205,0.6752289528160417,0.7194457320143848
2,5.733199271417584,0.776449190834229,0.6690399073112233
2,5.305074609954418,0.8559656773675965,0.7641128387498112
2,8.08245395580915,2.6580017687566224,0.708996314578338
2,6.555306179333055,1.5040542262576886,0.7038670266746342
2,6.565751350479838,1.476205395117472,0.6673843461641682
2,6.565751350479838,1.476205395117472,0.6673843461641682
2,6.371150023300249,1.460442872276957,0.6356849918716616
2,9.46148251439342,2.0415674804053583,0.6870589183076542
2,6.94145566355495,1.2996500410508967,0.7283191255955493
2,6.94145566355495,1.2996500410508967,0.7283191255955493
2,6.94145566355495,1.2996500410508967,0.7283191255955493
2,6.94145566355495,1.2996500410508967,0.7283191255955493
2,6.175987404855714,1.095456065556422,0.6909652273179603
2,8.007500432069648,1.562222198300899,0.6829318956580712
2,6.993896524263567,1.6448676285720427,0.7411790709520893
2,6.993896524263567,1.6448676285720427,0.7411790709520893
2,5.79645951317965,1.6279040366257456,0.6950308464512032
2,6.1845637989946125,1.5825750828251672,0.735250056241915
2,5.021271014429215,0.7507281059720297,0.7064639449183827
2,6.636869341962478,0.8217089745346535,0.8078194562192076
2,7.26538975996107,0.7895174895665293,0.714507741521303
2,6.239624656722971,1.118267107475308,0.7370200068156331
2,6.356819717259198,2.1913314514953557,0.691857890982666
2,5.993578004163808,1.6868828552194417,0.8302234842119982
2,6.50897270447645,0.9753110310546671,0.8315554490648347
2,6.6418144411441675,1.3426234657265605,0.7778627545565712
2,5.584733710077994,0.9215610425242207,0.7012438842138449
2,7.405308188597041,0.817185029910064,0.6935886668907207
2,8.866158411776382,1.0867627075655268,0.6428485283357717
2,7.793480976224678,1.0854630008262682,0.6890790217947853
2,7.678218139528863,1.203639677169741,0.7297721981477148
2,7.213312461996363,1.1738486051515795,0.7607259562097004
2,5.200118559009367,0.8908639861697909,0.7135623382597474
2,5.200118559009367,0.8908639861697909,0.7135623382597474
2,5.913107011767921,0.9298294177548609,0.6791059273702086
2,6.005809327758234,0.6448402638586547,0.7156452855286126
2,6.005809327758234,0.6448402638586547,0.7156452855286126
2,5.367897015400886,0.6183719173991005,0.6882051881454728
2,6.17673497717795,0.715168215041197,0.6843076282308844
2,4.921320208773629,1.3192075127554599,0.7565911709296572
2,6.241447663276028,1.0372245346764477,0.7399747332046445
2,6.241447663276028,1.0372245346764477,0.7399747332046445
2,6.9381978182912905,1.0764288417836352,0.7030256770927066
2,8.613474262340283,1.4931677878833827,0.7323915106288597
2,7.895671419745631,1.3073817038314373,0.6443711582220718
2,8.054540075649268,1.434842982447626,0.6594994423259531
2,8.054540075649268,1.434842982447626,0.6594994423259531
2,8.054540075649268,1.434842982447626,0.6594994423259531
2,9.139742781058768,2.359006537467002,0.694165459051815
2,9.139742781058768,2.359006537467002,0.694165459051815
2,9.139742781058768,2.359006537467002,0.694165459051815
2,8.36853274279762,2.1517847706794804,0.6066228921743723
2,8.36853274279762,2.1517847706794804,0.6066228921743723
2,8.079736865597681,1.619088656758077,0.749853214047102
2,6.98700597503985,2.4993309648108752,0.7079409428041477
2,6.6977740211262935,2.105044382481653,0.7765355693708185
2,5.887252739475959,1.5716780282539147,0.8199507114311634
2,6.344454439343751,1.3221475522723776,0.7373798941815385
2,7.340550010786239,1.5153730121336078,0.7473496022653966
2,9.1507148696795,1.7026107788709541,0.6452273520034365
2,7.177504195821316,1.4581293621886826,0.7514515714458109
2,7.1872563148265725,1.039372022533807,0.665905718022851
2,7.1872563148265725,1.039372022533807,0.665905718022851
2,6.687783226554877,0.7323137919445878,0.7019474062471691
2,6.687783226554877,0.7323137919445878,0.7019474062471691
2,6.221753878439829,0.9613520892736551,0.6328316088336825
2,6.07647525574739,0.7839702317555415,0.7033251902429863
2,5.5249983780732075,1.0011690180810349,0.7063480808682824
2,5.5249983780732075,1.0011690180810349,0.7063480808682824
2,6.3865180065701095,1.254948888070408,0.7159929164436517
2,6.3865180065701095,1.254948888070408,0.7159929164436517
2,6.676614336888928,0.7133494788737811,0.7257820275165322
2,6.676614336888928,0.7133494788737811,0.7257820275165322
2,6.095606172948679,1.2827466514453258,0.7370799077414665
2,6.095606172948679,1.2827466514453258,0.7370799077414665
2,6.564808162771771,1.385611765810587,0.6898138844979939
2,8.149866631251315,1.5724728208101828,0.6978212317017126
2,8.149866631251315,1.5724728208101828,0.6978212317017126
2,8.149866631251315,1.5724728208101828,0.6978212317017126
2,8.149866631251315,1.5724728208101828,0.6978212317017126
2,8.494881387099937,2.5934432664639555,0.6725965550732522
2,7.222922977522512,2.2311079700930025,0.6710716484446395
2,7.222922977522512,2.2311079700930025,0.6710716484446395
2,7.528126869829162,1.6234802751151407,0.741970735861689
2,6.786426073859706,2.3983029919724372,0.710697866672397
2,5.770034516104313,0.9845163489082704,0.7804293034871828
2,5.770034516104313,0.9845163489082704,0.7804293034871828
2,5.770034516104313,0.9845163489082704,0.7804293034871828
2,5.770034516104313,0.9845163489082704,0.7804293034871828
2,7.382124650659306,1.3277956928622245,0.702627775855536
2,7.382124650659306,1.3277956928622245,0.702627775855536
2,7.382124650659306,1.3277956928622245,0.702627775855536
2,7.4167581858248735,1.57800924590405,0.6940000887695686
2,6.731176261703709,2.0707517821143133,0.6399389005975884
2,7.461808800112903,1.7202708587329363,0.7273113620335881
2,7.439167392304207,2.0368976920789224,0.7070915071301173
2,7.439167392304207,2.0368976920789224,0.7070915071301173
2,8.46174027153996,1.0354497990887186,0.7687561112893584
2,7.289637462748531,0.8454508122134254,0.7311149183301549
2,7.404544380356222,1.3113961957481952,0.6842513895797343
2,7.404544380356222,1.3113961957481952,0.6842513895797343
2,8.03858391440071,1.9096041819739442,0.7135656802236877
2,8.607116409051955,1.4497440334818146,0.7257488743012573
2,8.607116409051955,1.4497440334818146,0.7257488743012573
2,9.020831917952115,2.030593168406087,0.7118331834958191
2,5.568463050507596,0.9953663279758258,0.7114633567606827
2,6.390874379911938,0.6766918123953246,0.6537844850479482
2,6.390874379911938,0.6766918123953246,0.6537844850479482
2,6.390874379911938,0.6766918123953246,0.6537844850479482
2,6.213481733239545,0.719133464256392,0.6821062031776294
2,6.562035121636523,0.7525617413714276,0.7881734451935952
2,7.523747535079245,1.4841427876590103,0.791846922711264
2,10.775277928690787,3.1346102972428276,0.6991872382151096
2,10.668698320771362,2.8443086862271723,0.7423904754180728
2,10.668698320771362,2.8443086862271723,0.7423904754180728
2,7.175378761589268,2.1647644449538963,0.6839200536759444
2,5.382217315079,0.8550920295729647,0.6887208073836341
2,5.382217315079,0.8550920295729647,0.6887208073836341
2,5.382217315079,0.8550920295729647,0.6887208073836341
2,6.360519892482145,0.8329108830092319,0.7074102116196848
2,6.360519892482145,0.8329108830092319,0.7074102116196848
2,7.807340028868419,1.1007469420215164,0.7102745639538157
2,7.807340028868419,1.1007469420215164,0.7102745639538157
2,7.807340028868419,1.1007469420215164,0.7102745639538157
2,7.807340028868419,1.1007469420215164,0.7102745639538157
2,7.807340028868419,1.1007469420215164,0.7102745639538157
2,7.755633011765053,1.4012323496378496,0.7201390320469979
2,7.358650501658639,1.730309505203288,0.774939230973946
2,9.549977432633789,1.951265257020664,0.7561036952020936
2,5.826007169878395,1.7118083994153888,0.6573804277267422
2,6.186249087705317,1.4546830783939577,0.7466487915889677
2,4.794749289106182,0.9409314049467884,0.7961540955133444
2,4.901097243643854,1.1266753506726461,0.759918004044359
2,4.901097243643854,1.1266753506726461,0.759918004044359
2,4.901097243643854,1.1266753506726461,0.759918004044359
2,6.854949107037,1.1783678751752777,0.6771635536117228
2,6.393853472415242,1.5188396743917214,0.6870249232883039
2,6.353102487018705,1.1690680403057052,0.7547523012387496
2,6.353102487018705,1.1690680403057052,0.7547523012387496
2,5.155052450343544,0.7600168462579049,0.7171961105771189
2,6.497645907019882,0.9959808941750141,0.70761708858729
2,9.339222387852464,2.0766439265024337,0.7124933018439653
2,9.339222387852464,2.0766439265024337,0.7124933018439653
2,9.339222387852464,2.0766439265024337,0.7124933018439653
2,9.339222387852464,2.0766439265024337,0.7124933018439653
2,8.396474063888487,1.8112221158891697,0.6642225503930125
2,8.396474063888487,1.8112221158891697,0.6642225503930125
2,6.913463331507227,1.1989883950602704,0.7547574343302839
2,7.421970781883205,2.3342739384296816,0.7745312072875382
2,7.421970781883205,2.3342739384296816,0.7745312072875382
2,5.636015440162367,1.5723079949010106,0.7809380661516692
2,5.636015440162367,1.5723079949010106,0.7809380661516692
2,7.418686660948319,2.605737518444059,0.6733607217447924
2,7.418686660948319,2.605737518444059,0.6733607217447924
2,5.7598949190744255,1.742159312539361,0.7402278375057435
2,7.064158544916274,1.0147532927727965,0.805271301786082
2,7.096057557019749,0.9135337196617452,0.655538660180364
2,6.3492656320912,1.1181666235781698,0.7886087480348809
2,6.6004560653118105,1.252094964720711,0.7828704607181372
2,5.426182302078938,0.7131362918307789,0.7644813359181334
2,6.343562856208783,0.9449692586072856,0.7148682491300399
2,7.04477894145699,0.833468752108357,0.7561493484034385
2,5.9566826607059085,0.726369791085842,0.7099912074358825
2,5.9566826607059085,0.726369791085842,0.7099912074358825
2,7.25210533622558,0.7321562140528712,0.6880985096610323
2,5.638165750813325,0.7540323751104537,0.7765872860422888
2,5.4882815050150855,0.5946951736431101,0.7150142018947514
2,5.118195278585891,0.6090580748824361,0.7252458290883007
2,5.894652384180896,0.6424785960034927,0.7340394242280233
2,5.641391371525468,0.6500117699346206,0.7353661483296786
2,5.641391371525468,0.6500117699346206,0.7353661483296786
2,5.9952712215860755,0.5299257727039149,0.6397495778264836
2,6.583336075058456,0.5335533681268112,0.6592480673707483
2,5.725243106070732,0.5223023792899592,0.7254821194692498
2,6.527540451882372,0.5275049764466747,0.7361476718358685
2,7.302141716602642,0.5365802656790505,0.7311813231640986
2,7.606142160511293,0.5184456953468244,0.8147523024598995
2,6.461739734168881,0.5195844288718708,0.8117570576508645
2,5.810845092688627,0.5108956248418842,0.7062528350957984
2,6.315900482962997,0.5268087894256965,0.710843962957107
2,6.315900482962997,0.5268087894256965,0.710843962957107
2,6.315900482962997,0.5268087894256965,0.710843962957107
2,6.315900482962997,0.5268087894256965,0.710843962957107
2,6.315900482962997,0.5268087894256965,0.710843962957107
2,6.315900482962997,0.5268087894256965,0.710843962957107
2,6.315900482962997,0.5268087894256965,0.710843962957107
2,6.315900482962997,0.5268087894256965,0.710843962957107
2,6.315900482962997,0.5268087894256965,0.710843962957107
2,6.186671381883182,0.5232263206504463,0.6806939430177934
2,4.650941701420139,0.5290659929603445,0.8108204207642344
2,5.628407303435472,0.6726277773161171,0.7698265470962075
2,6.462990823301718,0.6021191361985966,0.7262640575577475
2,6.608798718329999,0.6289288087228917,0.7659511944146691
2,6.608798718329999,0.6289288087228917,0.7659511944146691
2,7.049613920146913,1.2930341846657054,0.7407088573857595
2,7.207837650281322,1.4778224367654405,0.6777464600566038
2,6.8988033658930314,1.3084368818273964,0.6935545966100696
2,9.02685762891396,1.6057180391850203,0.7130743005722151
2,6.596153534017065,1.3563724653027633,0.7167450663728796
2,6.596153534017065,1.3563724653027633,0.7167450663728796
2,4.787463572568758,0.6878545150836064,0.7292564573718913
2,7.468126087473881,0.6919515719874088,0.6923542460094312
2,6.248442699833996,0.6190578633245862,0.7456872677073896
2,6.097308738463703,0.5581816820414751,0.6860238971826306
2,6.643793085564047,0.5304395554751483,0.7154539781960751
2,5.7843875037535035,0.5180165619320677,0.7271286339926053
2,5.7843875037535035,0.5180165619320677,0.7271286339926053
2,5.7843875037535035,0.5180165619320677,0.7271286339926053
2,5.7843875037535035,0.5180165619320677,0.7271286339926053
2,5.7843875037535035,0.5180165619320677,0.7271286339926053
2,6.817141053486698,0.5200692136299434,0.6749590812221107
2,6.724134443157207,0.5107922995025301,0.7395576732842074
2,5.176478695704672,0.5278744786638496,0.6665674282836623
2,5.641391287821877,0.5268331743530558,0.7648872643611763
2,4.733757452187101,0.5196477840212618,0.7654931334864993
2,5.722723602698132,0.5609598982464568,0.7205650963014787
2,7.096913740438822,0.6192206030370506,0.810064035545505
2,6.276642312656254,0.6227120354457877,0.728973754380144
2,6.276642312656254,0.6227120354457877,0.728973754380144
2,6.786098381625918,0.810858339647152,0.6688579830788838
2,7.515034992085056,1.0006169797956033,0.6749475311124268
2,10.286528577161299,1.3384645160464208,0.698236889129997
2,8.016138402890006,1.6162190880136182,0.7387547076438202
2,8.542790737307676,2.545268664432527,0.7819802814751756
2,8.379468114004077,1.4712275251698337,0.7534240394346641
2,8.379468114004077,1.4712275251698337,0.7534240394346641
2,8.379468114004077,1.4712275251698337,0.7534240394346641
2,8.379468114004077,1.4712275251698337,0.7534240394346641
2,9.392184222587744,1.8849209602724863,0.7053125777268756
2,6.572971869893245,1.0485889408185631,0.7507514001314928
2,6.572971869893245,1.0485889408185631,0.7507514001314928
2,7.811839522893072,0.6425481222900901,0.7883344950193106
2,6.374635245829381,0.6464619278858814,0.6852881619306975
2,7.0094675919294405,0.7458208471633602,0.6746637799792616
2,6.115013334558055,0.7245971415377495,0.7247100588451205
2,6.5833839038366735,0.8864528938476275,0.6697827512945933
2,6.5833839038366735,0.8864528938476275,0.6697827512945933
2,6.5833839038366735,0.8864528938476275,0.6697827512945933
2,6.5833839038366735,0.8864528938476275,0.6697827512945933
2,6.5833839038366735,0.8864528938476275,0.6697827512945933
2,6.5833839038366735,0.8864528938476275,0.6697827512945933
2,6.5833839038366735,0.8864528938476275,0.6697827512945933
2,6.5833839038366735,0.8864528938476275,0.6697827512945933
2,8.579210765308762,1.8353148747649175,0.7180101421113003
2,6.929812831590366,2.1069749184395627,0.7568884622363523
2,6.929812831590366,2.1069749184395627,0.7568884622363523
2,6.929812831590366,2.1069749184395627,0.7568884622363523
2,6.929812831590366,2.1069749184395627,0.7568884622363523
2,6.929812831590366,2.1069749184395627,0.7568884622363523
2,7.018506225779085,2.1666523701419367,0.7814379635328529
2,7.018506225779085,2.1666523701419367,0.7814379635328529
2,7.018506225779085,2.1666523701419367,0.7814379635328529
2,6.911903794062088,1.2364317849201916,0.7859311177418957
2,6.911903794062088,1.2364317849201916,0.7859311177418957
2,6.468471307584196,1.5119566399435058,0.7386131123806261
2,6.468471307584196,1.5119566399435058,0.7386131123806261
2,9.030932094122795,2.019421544660373,0.7226840110532832
2,9.030932094122795,2.019421544660373,0.7226840110532832
2,9.030932094122795,2.019421544660373,0.7226840110532832
2,7.263343575886636,1.4766530529317983,0.7049598635552051
2,7.704282655187241,1.607699794891256,0.7274018877899555
2,7.704282655187241,1.607699794891256,0.7274018877899555
2,7.704282655187241,1.607699794891256,0.7274018877899555
2,7.704282655187241,1.607699794891256,0.7274018877899555
2,7.704282655187241,1.607699794891256,0.7274018877899555
2,7.704282655187241,1.607699794891256,0.7274018877899555
2,7.689503502144989,1.3906685288854557,0.6682100134319369
2,5.902443816810785,1.120756337465894,0.6913439666145723
2,5.902443816810785,1.120756337465894,0.6913439666145723
2,6.5192173895604615,0.9208579375440731,0.7063850096008424
2,6.723567072476847,1.0220754466887358,0.7146391355159994
2,7.245459979889764,2.1755406610549106,0.7714517293980032
2,5.912414775725122,1.4255481173723448,0.7982636299206137
2,4.498414675773611,1.3707725734651692,0.7385898595714713
2,8.171343695358894,2.6692384179163113,0.7352228325633885
2,8.171343695358894,2.6692384179163113,0.7352228325633885
2,8.564115464512476,2.010981003403657,0.6546340171699478
2,5.93527869729182,1.0750980383377975,0.7382720573543403
2,6.240609129161755,0.7316851783024734,0.6696938168592416
2,7.183503830408372,2.289333321504583,0.7059920000319135
2,7.183503830408372,2.289333321504583,0.7059920000319135
2,9.188259235935892,1.5322639454747538,0.72404497058065
2,9.188259235935892,1.5322639454747538,0.72404497058065
2,9.188259235935892,1.5322639454747538,0.72404497058065
2,6.330102506461337,0.8312898526336523,0.7651569412276865
2,6.927489771589707,1.3466810624332188,0.7465326372168775
2,5.604869679920807,1.5183983546210567,0.7014059801303199
2,6.438784318938013,1.2822975396427903,0.690143913627197
2,5.833305993543284,1.6612080423030595,0.7322179140941738
2,5.833305993543284,1.6612080423030595,0.7322179140941738
2,8.242540246028518,1.4081461939481343,0.7487559470848337
2,9.086495379297475,1.622596040412325,0.7890605917824604
2,7.525115827088243,1.918743966981166,0.6521460376138358
2,8.858957545007428,1.2671020523204626,0.6864099043174474
2,8.858957545007428,1.2671020523204626,0.6864099043174474
2,8.858957545007428,1.2671020523204626,0.6864099043174474
2,8.858957545007428,1.2671020523204626,0.6864099043174474
2,5.3516410749346335,0.673654591081909,0.6452431289080108
2,6.192241830863633,0.6229811829570043,0.734822696125415
2,6.192241830863633,0.6229811829570043,0.734822696125415
2,6.192241830863633,0.6229811829570043,0.734822696125415
2,5.664591173541121,0.6414227025170769,0.7148868133522653
2,8.861954143155168,2.3291377244488523,0.7112585492288751
2,8.861954143155168,2.3291377244488523,0.7112585492288751
2,8.330916008150528,2.092894159281797,0.8056469982686953
2,5.918560424617218,1.5133861841183989,0.7340144162442512
2,7.846576209435667,1.570994807423354,0.7285025793578376
2,10.631873686084994,2.0228675448326756,0.6873681128052126
2,10.631873686084994,2.0228675448326756,0.6873681128052126
2,10.631873686084994,2.0228675448326756,0.6873681128052126
2,8.651070278987497,2.008970546308067,0.7429373046947957
2,8.688121537465193,1.7621678172453605,0.6858094577145087
2,8.688121537465193,1.7621678172453605,0.6858094577145087
2,8.688121537465193,1.7621678172453605,0.6858094577145087
2,6.232956336651268,1.2817153299502588,0.7803135543843389
2,8.154312921936462,1.4812624043336433,0.7533010286103621
2,6.310588589944725,1.3406778776761328,0.7170397031653339
2,6.310588589944725,1.3406778776761328,0.7170397031653339
2,7.484219772547071,1.4158275683733685,0.7113162198947633
2,8.760606669013782,2.618494423111563,0.7557619316114232
2,9.956556114289047,1.5912200808107986,0.690306974337481
2,8.763437510048096,1.5951911761421105,0.6013029977129187
2,9.386649863628264,1.8975364490279993,0.6952759223902031
2,8.104883807942485,1.5799325663450532,0.7959558448227725
2,7.916149439140471,2.6501038840407163,0.7205285193030766
2,7.042141332410705,1.3052286824631025,0.7931911561804824
2,8.157722231398202,1.4176980046138372,0.7339462381787939
2,7.889658346425459,1.8540492109644793,0.6836402663348464
2,7.889658346425459,1.8540492109644793,0.6836402663348464
2,10.04431458929802,2.1291111041211366,0.7098553263172974
2,10.04431458929802,2.1291111041211366,0.7098553263172974
2,7.211728827108989,1.1090549402325611,0.6690830384923514
2,6.935321331260372,1.3351985724298412,0.6460370967537947
2,6.935321331260372,1.3351985724298412,0.6460370967537947
2,5.979404466990807,1.6410877760543467,0.7431336582820691
2,7.406305170833907,1.5930535407108655,0.80785987796328
2,7.756627960953417,1.3797278717320869,0.7480974673365814
2,6.891280600861821,1.1670162072732104,0.6222406773236515
2,7.3053771696680165,0.8582739249892937,0.6574204158119222
2,8.261858576877902,1.7981041836814102,0.691826949690886
2,8.12303574130929,1.6187783580933217,0.6170096439913114
2,8.303568720459934,2.007223644501477,0.6333541449405887
2,8.412910667435018,2.1101312639819616,0.6869270347881988
2,8.412910667435018,2.1101312639819616,0.6869270347881988
2,8.412910667435018,2.1101312639819616,0.6869270347881988
2,8.412910667435018,2.1101312639819616,0.6869270347881988
2,8.412910667435018,2.1101312639819616,0.6869270347881988
2,7.531587907418267,1.6416035898107801,0.6293958410609943
2,7.113383008638889,1.6883356114245147,0.7181775575741044
2,7.113383008638889,1.6883356114245147,0.7181775575741044
2,7.113383008638889,1.6883356114245147,0.7181775575741044
2,8.018416555334584,1.4158531581194755,0.753834625916288
2,8.018416555334584,1.4158531581194755,0.753834625916288
2,8.018416555334584,1.4158531581194755,0.753834625916288
2,7.766627847215956,2.125074082314865,0.6517237073881698
2,7.766627847215956,2.125074082314865,0.6517237073881698
2,7.766627847215956,2.125074082314865,0.6517237073881698
2,6.380178930352889,1.047513965677497,0.654600654835979
2,6.159484716501975,1.0380201525547237,0.6385875087783465
2,8.74660877381696,1.294679546471738,0.5967466622434429
2,6.7304410496610885,1.3449800464282298,0.6592343215253933
2,6.7304410496610885,1.3449800464282298,0.6592343215253933
2,5.381982763990393,0.8696175942026583,0.7079652086000054
2,9.64483143735701,1.6175379118776865,0.7777354755100209
2,8.8007985051111,2.700574622694466,0.6927342891567959
2,8.759658445198662,2.0636766010536984,0.6737156946452295
2,7.234814769609255,1.9699720552639974,0.7113298344458422
2,8.36630436691612,2.624504067790764,0.6981116616996386
2,9.404449252640052,1.715258159342899,0.7123163244269686
2,8.043251969117554,1.7290393601764293,0.7144073050890403
2,8.245623259252845,1.6846173863736766,0.7167456325215512
2,8.423918984768102,1.9341620327054823,0.6703258962431896
2,8.423918984768102,1.9341620327054823,0.6703258962431896
2,8.423918984768102,1.9341620327054823,0.6703258962431896
2,8.729818418354872,3.0681394102682638,0.6955470393467467
2,8.729818418354872,3.0681394102682638,0.6955470393467467
2,8.729818418354872,3.0681394102682638,0.6955470393467467
2,6.9793690661274015,2.292938828135011,0.7574297071925977
2,6.7184024287055,1.7826969325877104,0.7856082687411071
2,6.8298898457340655,0.9737536882726066,0.6835206421757474
2,6.8298898457340655,0.9737536882726066,0.6835206421757474
2,6.8298898457340655,0.9737536882726066,0.6835206421757474
2,6.978439937166678,1.2098473872274842,0.7145711907136405
2,6.986435792848517,1.2712903002936415,0.6887121172575117
2,6.986435792848517,1.2712903002936415,0.6887121172575117
2,8.67943679945334,1.3918746753932372,0.7289790942135732
2,8.67943679945334,1.3918746753932372,0.7289790942135732
2,7.291893067416513,1.2338682401419119,0.7327146105915829
2,6.622791489605532,1.5863901604818311,0.7017226114788871
2,6.870778625343425,1.0487107696419686,0.6933373457143965
2,6.870778625343425,1.0487107696419686,0.6933373457143965
2,6.870778625343425,1.0487107696419686,0.6933373457143965
2,6.870778625343425,1.0487107696419686,0.6933373457143965
2,7.937672825573062,1.4907703031300303,0.8049416069158223
2,6.841109188283225,1.2262307779129138,0.767290415953962
2,6.841109188283225,1.2262307779129138,0.767290415953962
2,5.640675672038598,1.0856565614875666,0.7775998980028264
2,8.18893045991635,2.037484746957864,0.8077912847631143
2,6.343448288865041,0.8947990683076503,0.8003222219521046
2,5.810424478422432,0.8294983838361109,0.760891019462728
2,6.178258632425806,1.191678677724258,0.8380597307527635
2,5.2878926847901395,0.6630513730085305,0.6961282055171291
2,5.400278661975308,0.7109427298514785,0.7084187426665106
2,7.3500538698591145,0.8807943809918284,0.6136433172562994
2,7.040416504482569,0.9058573779744143,0.776732317954404
2,6.366433074859725,0.8867805416022363,0.7720324891479702
2,5.326547534225795,1.2961610039193276,0.7084623996104832
2,5.995722322388274,1.1768850021058677,0.717195451603717
2,7.571788575957798,1.7609146886256464,0.6498741210153804
2,7.097807251503396,1.519512132482032,0.7018871141944544
2,7.097807251503396,1.519512132482032,0.7018871141944544
2,7.097807251503396,1.519512132482032,0.7018871141944544
2,7.097807251503396,1.519512132482032,0.7018871141944544
2,7.097807251503396,1.519512132482032,0.7018871141944544
2,7.097807251503396,1.519512132482032,0.7018871141944544
2,5.697724905990776,0.8818018458766278,0.6905647590217453
2,7.614085619349182,1.6433529658460997,0.6823654973372907
2,9.34247142601936,1.8059180570396154,0.7202414421332306
2,7.200821444353075,1.3915237712696362,0.7311367142371212
2,6.579835989101975,1.9718504902548164,0.683185990011654
2,9.15636801875328,2.8834327061699874,0.666833392660774
2,9.15636801875328,2.8834327061699874,0.666833392660774
2,8.078376808058566,1.0654318405819994,0.7590137539736422
2,6.642060098679929,1.3459353486836139,0.8194432509666517
2,9.028094839019191,1.5489885054576282,0.6741820808069063
2,9.028094839019191,1.5489885054576282,0.6741820808069063
2,9.028094839019191,1.5489885054576282,0.6741820808069063
2,9.028094839019191,1.5489885054576282,0.6741820808069063
2,9.028094839019191,1.5489885054576282,0.6741820808069063
2,7.239508684776241,0.8388717999712337,0.6863458267636992
2,7.100954380907332,0.7964703701984572,0.7111258182266145
2,7.100954380907332,0.7964703701984572,0.7111258182266145
2,7.100954380907332,0.7964703701984572,0.7111258182266145
2,6.92416026500927,1.0222315387628866,0.7378368360151575
2,6.202682552135424,0.7810046894926339,0.7128931379511826
2,7.761893397700146,1.6128533788642667,0.6304499651108261
2,7.554523919223934,1.4559674854683622,0.6525137089175963
2,8.035530503343656,1.881000045233603,0.6153573200481135
2,7.342537688501408,2.2427617807790083,0.6824896397062226
2,7.7360568671078305,1.470885872361468,0.7556710103292079
2,7.7360568671078305,1.470885872361468,0.7556710103292079
2,7.7360568671078305,1.470885872361468,0.7556710103292079
2,7.7360568671078305,1.470885872361468,0.7556710103292079
2,7.7360568671078305,1.470885872361468,0.7556710103292079
2,8.073171031576736,2.045572231430516,0.7276691510288009
2,6.58626478488149,1.3743503467106326,0.7642081031929935
2,6.58626478488149,1.3743503467106326,0.7642081031929935
2,6.214488447109496,1.3264901028251677,0.7861190240345549
2,8.093173493974348,1.3044435867563493,0.7244760036610025
2,7.58660512044929,1.5371582697722954,0.68913487401672
2,6.263073236423197,1.087965400531156,0.7933966001431288
2,6.263073236423197,1.087965400531156,0.7933966001431288
2,7.012107363515016,1.2882592437826355,0.7341090208434412
2,7.553593709613881,1.0975044856318896,0.7740605064408086
2,6.556564729300503,1.2750861297368594,0.7680106521143842
2,7.353450591892932,1.5406240674176488,0.7090147248133427
2,7.353450591892932,1.5406240674176488,0.7090147248133427
2,7.353450591892932,1.5406240674176488,0.7090147248133427
2,7.353450591892932,1.5406240674176488,0.7090147248133427
2,7.414283125926537,1.5338446551696234,0.6618786972295898
2,6.900362786141962,1.1572476664623697,0.7059074050871016
2,8.75391643622245,1.4538710397156964,0.7273319267049233
2,8.592806626626265,1.4546926334046733,0.6535331900466118
2,9.75751107663773,1.3028798001310133,0.6587953562540219
2,9.75751107663773,1.3028798001310133,0.6587953562540219
2,7.625562360363199,1.2814203982092698,0.6830414956594268
2,5.255511504337952,0.8734737538004671,0.665451945219846
2,6.4250455896683505,0.6069396065681663,0.7005134425869921
2,7.610402750123283,0.6862487015886086,0.6287230988896806
2,7.693896569891232,0.7389303303760438,0.801812086585388
2,5.577229453459921,0.6886694818813941,0.7994556647527853
2,5.879288672945806,0.6562394544759371,0.7010170418313614
2,8.357529056410689,0.8259193448950035,0.618166169054781
2,6.683549414546276,0.92342087981591,0.6609795924768815
2,5.600021324543303,0.7955378028084388,0.6906386466066989
2,5.789879557010528,0.7836854705830796,0.7209760135186366
2,7.0429563157092465,1.1392435368241118,0.6512695482968924
2,8.733945933228693,2.3527330765072407,0.6897459953512443
2,7.602029629932286,2.3843667105712862,0.7498589068648458
2,6.7525107447976245,1.0595439846692405,0.6834131138971118
2,7.680331107392451,1.6930409169455776,0.6995756632367228
2,7.680331107392451,1.6930409169455776,0.6995756632367228
2,7.680331107392451,1.6930409169455776,0.6995756632367228
2,7.629063786651565,1.5922557656814074,0.7311537656599484
2,8.244203632764215,2.3459731099588557,0.7353268333078545
2,7.2838088206812195,1.761989668411945,0.707511633574306
2,6.996083511890234,2.4089246049087185,0.7102487083202544
2,5.955257096735579,1.7268811205603205,0.7551837084242616
2,7.809716859161942,1.09462194592734,0.7429671105177345
2,7.898473617301191,1.1987003068921411,0.7410883493213926
2,7.898473617301191,1.1987003068921411,0.7410883493213926
2,5.872963050427853,1.5200777498257707,0.7333943246826273
2,7.572653907131354,1.3805964477455048,0.7362400291831988
2,9.082739883563727,1.4221346022539794,0.7636353362304587
2,8.291738783469897,0.8762560930996647,0.789406795275061
2,5.447657038793108,0.9971768509634604,0.6616504023962307
2,4.987034915948934,0.7542693681463595,0.6708229362977044
2,6.150736995899429,0.7628001230075474,0.7841241213277755
2,5.840947575081706,1.1256385233286297,0.6954094399423082
2,5.840947575081706,1.1256385233286297,0.6954094399423082
2,7.3827189969301195,2.258572781387332,0.645283979083058
2,7.18901835527709,2.331505388191103,0.7282257349106199
2,8.805111569985995,2.0733086606050697,0.6766749217613622
2,8.805111569985995,2.0733086606050697,0.6766749217613622
2,8.805111569985995,2.0733086606050697,0.6766749217613622
2,6.145391067018401,1.6565093876098949,0.6914709203008044
2,6.145391067018401,1.6565093876098949,0.6914709203008044
2,8.841227950400416,1.7543964946890744,0.7019984470733512
2,8.841227950400416,1.7543964946890744,0.7019984470733512
2,9.208834012292092,2.188738196911997,0.6932163767303934
2,9.208834012292092,2.188738196911997,0.6932163767303934
2,8.255932884499934,2.177326966530477,0.6840132242478427
2,9.74234069895071,1.4747274261146028,0.7560484993385072
2,6.000598937533534,1.189983361392783,0.7537110877680647
2,7.606756441185974,1.0216953156442559,0.7364644977698587
2,5.684710741895179,0.901200147952919,0.6414555549587924
2,5.684710741895179,0.901200147952919,0.6414555549587924
2,7.231261829669467,0.8458994497762794,0.7050168437435037
2,7.231261829669467,0.8458994497762794,0.7050168437435037
2,4.636510378419713,0.6780297921611689,0.7402161423668344
2,4.636510378419713,0.6780297921611689,0.7402161423668344
2,5.906543311521347,0.6542543563032897,0.7218983130389254
2,6.75726505484427,1.147967374269785,0.7629088813713503
2,6.75726505484427,1.147967374269785,0.7629088813713503
2,6.874026250253095,1.0126948299943912,0.7048840192035376
2,6.874026250253095,1.0126948299943912,0.7048840192035376
2,7.054273483447042,1.783474618225529,0.6617849331594693
2,7.054273483447042,1.783474618225529,0.6617849331594693
2,7.054273483447042,1.783474618225529,0.6617849331594693
2,7.054273483447042,1.783474618225529,0.6617849331594693
2,8.504343864612618,1.6700854961524632,0.7387514958105758
2,9.991541235624911,2.105014544816759,0.6843940826654055
2,9.991541235624911,2.105014544816759,0.6843940826654055
2,9.991541235624911,2.105014544816759,0.6843940826654055
2,9.991541235624911,2.105014544816759,0.6843940826654055
2,7.981761449187276,1.2551466263858004,0.733103186553671
2,7.981761449187276,1.2551466263858004,0.733103186553671
2,7.981761449187276,1.2551466263858004,0.733103186553671
2,7.981761449187276,1.2551466263858004,0.733103186553671
2,7.981761449187276,1.2551466263858004,0.733103186553671
2,7.981761449187276,1.2551466263858004,0.733103186553671
2,7.981761449187276,1.2551466263858004,0.733103186553671
2,7.981761449187276,1.2551466263858004,0.733103186553671
2,7.981761449187276,1.2551466263858004,0.733103186553671
2,7.271361752077354,1.5134913895582403,0.6843661273311356
2,7.245738957225154,1.6279397595855154,0.7377657331041141
2,7.245738957225154,1.6279397595855154,0.7377657331041141
2,7.245738957225154,1.6279397595855154,0.7377657331041141
2,7.245738957225154,1.6279397595855154,0.7377657331041141
2,7.245738957225154,1.6279397595855154,0.7377657331041141
2,7.245738957225154,1.6279397595855154,0.7377657331041141
2,7.245738957225154,1.6279397595855154,0.7377657331041141
2,7.245738957225154,1.6279397595855154,0.7377657331041141
2,7.245738957225154,1.6279397595855154,0.7377657331041141
2,8.32835028899084,1.9107032185477637,0.6547091892848136
2,6.8845602536219435,0.9585761497774037,0.7113610141461814
2,6.8823377701919535,0.8589684695943562,0.6962781596791228
2,6.736088743991544,1.143391198751578,0.7204675902197074
2,6.736088743991544,1.143391198751578,0.7204675902197074
2,6.736088743991544,1.143391198751578,0.7204675902197074
2,5.410229852767087,1.131891541560443,0.6847144257264159
2,6.070479325163605,1.1512589655393577,0.6496231363423715
2,5.542972180531714,1.035696538982015,0.6795362086097073
2,7.1424672043123625,1.1782547191189028,0.6719482161611532
2,6.025453223941469,0.9097826611255221,0.7816187357874168
2,6.573963594167326,1.3748765105672072,0.7096004316814157
2,6.232698927533112,1.2681480851463791,0.708195434486212
2,6.232698927533112,1.2681480851463791,0.708195434486212
2,6.232698927533112,1.2681480851463791,0.708195434486212
2,6.918749809518257,0.9342342081400598,0.6923675370491764
2,7.545754041813844,1.5080419978971729,0.6512237312615303
2,7.545754041813844,1.5080419978971729,0.6512237312615303
2,7.029374930551857,2.467596536580082,0.7612309492983391
2,6.490285006777056,1.9730185609532243,0.7298188499357458
2,6.669731864233711,1.017855710105454,0.6919358563882576
2,7.445342328841516,1.7883530050074967,0.7085262429102988
2,7.350703013461906,1.293030105990932,0.6897660984418541
2,7.072751091616421,2.129867139714773,0.6796011932660441
2,9.667933234673539,1.5491396556683497,0.6841108058644775
2,8.293625672185595,2.381928335952249,0.6958632523924956
2,8.293625672185595,2.381928335952249,0.6958632523924956
2,7.871837386983199,1.5612890779220705,0.7562438351607472
2,7.6946038530638825,1.2310857766539527,0.6629260666455864
2,6.053923195862277,1.0510517919245692,0.7292467158984001
2,7.174118438806308,1.0523200845932297,0.6478146705710562
2,5.5836677592091295,0.833422415421686,0.7166821045945404
2,5.5836677592091295,0.833422415421686,0.7166821045945404
2,5.5836677592091295,0.833422415421686,0.7166821045945404
2,6.146266870919977,1.0910773269001872,0.777808736361232
2,6.146266870919977,1.0910773269001872,0.777808736361232
2,7.839585388375443,1.4382770918951506,0.7576080643193788
2,6.873273663346264,0.922980327860632,0.738651189871
2,8.364806217773694,1.3960846109914402,0.6657015223017791
2,7.333534337692703,0.9780020296801422,0.7758012556330212
2,6.224868193847565,0.8347147589762023,0.804059066335608
2,8.119893522166699,1.394571232663794,0.6982227240036134
2,9.10113290971197,1.4407210377435695,0.7662363401900674
2,8.365677246438675,1.653681978962124,0.7294028084518641
2,8.637027658977576,1.712401675578669,0.7396087419913036
2,8.637027658977576,1.712401675578669,0.7396087419913036
2,6.637772325778163,1.3235187992719872,0.6923587955095046
2,6.637772325778163,1.3235187992719872,0.6923587955095046
2,8.559811338148652,1.1278650590393895,0.6978382177904351
2,7.879850089782356,1.5207366858950995,0.721880982459889
2,7.879850089782356,1.5207366858950995,0.721880982459889
2,7.49339434008126,1.2392309181620171,0.7470088742305397
2,7.49339434008126,1.2392309181620171,0.7470088742305397
2,7.49339434008126,1.2392309181620171,0.7470088742305397
2,7.49339434008126,1.2392309181620171,0.7470088742305397
2,7.587395002789999,1.2782270532252435,0.7299015359821969
2,7.587395002789999,1.2782270532252435,0.7299015359821969
2,7.587395002789999,1.2782270532252435,0.7299015359821969
2,6.8605332408281186,1.2864979759898527,0.7274431139983993
2,6.8605332408281186,1.2864979759898527,0.7274431139983993
2,6.8605332408281186,1.2864979759898527,0.7274431139983993
2,7.373517438305828,0.8904461936852794,0.7085207385470126
2,5.722982259747745,0.9650604336917931,0.6764411925091862
2,6.910747641305311,1.450372122390055,0.7112140564912003
2,6.910747641305311,1.450372122390055,0.7112140564912003
2,6.910747641305311,1.450372122390055,0.7112140564912003
2,6.155828363564107,1.1382622891590457,0.701106657178728
2,7.546004623260438,1.5021676202876588,0.716070139749048
2,8.74025721456979,1.4370986656373619,0.7147943525421195
2,7.626991961978209,2.0367933456376566,0.7175617721228811
2,7.626991961978209,2.0367933456376566,0.7175617721228811
2,7.626991961978209,2.0367933456376566,0.7175617721228811
2,7.626991961978209,2.0367933456376566,0.7175617721228811
2,6.448166588718379,1.2857278090114,0.7019821967049522
2,5.340888141825449,0.859793395143646,0.7625286015099509
2,7.012511183855195,0.93843509234086,0.7915206452519026
2,9.121067360431304,0.8962515249980127,0.7071968188833927
2,9.791840096674578,1.1573004590951992,0.6824137629957807
2,8.061510565198938,1.0413904196076122,0.6958992673098955
2,8.061510565198938,1.0413904196076122,0.6958992673098955
2,8.061510565198938,1.0413904196076122,0.6958992673098955
2,8.08900819957811,1.0591937774630602,0.6711501019611108
2,8.08900819957811,1.0591937774630602,0.6711501019611108
2,9.62464208527533,1.5213692136566648,0.6874343390662401
2,9.62464208527533,1.5213692136566648,0.6874343390662401
2,9.248056294164472,1.2112373344988665,0.7581775274404958
2,11.308870423352287,2.090993430809913,0.7254701316197306
2,5.840289070320777,0.798920074380379,0.72966941457464
2,6.806463993945445,1.054370419324826,0.5989593201889091
2,6.469975725754427,1.4161092307440293,0.6547354680716598
2,6.469975725754427,1.4161092307440293,0.6547354680716598
2,6.302920844374879,0.7657256373272494,0.753963835497339
2,6.305257384411179,0.718913635846147,0.6628830102548807
2,7.1789854573822725,0.6390709242972794,0.7533794015753452
2,7.017282000953551,0.7831361389049276,0.7138374056441757
2,6.504720280991929,1.1607759126249118,0.7179571464109277
2,5.936256769913466,1.3651258173682845,0.7351291556646294
2,9.577020749380727,1.7377368038710002,0.7221206634066701
2,6.970218319865757,0.907793265173148,0.7253744952440141
2,5.706345025954089,0.7368916913000882,0.7728560039738582
2,4.933956752699096,0.5848849334594262,0.8006811749029827
2,4.848718990369321,0.7686167692843502,0.7177267177167245
2,6.945179939201167,0.7730833770422103,0.6488387751513676
2,7.344268386785479,0.5985550780130265,0.7082150199374755
2,5.200226140864991,0.5575306455855185,0.7599123583243566
2,8.39953728432124,0.7118059418439742,0.7353343648105602
2,9.509752264488776,0.9063493818952643,0.7376824617277666
2,5.968588065427006,0.7055447239930187,0.7459660550084108
2,7.863023255042883,0.8972032830013319,0.6601414316831752
2,7.863023255042883,0.8972032830013319,0.6601414316831752
2,7.430605248175766,1.0358872658928733,0.676680847181791
2,5.902656349102453,0.9411304624891598,0.7428685321424614
2,5.902656349102453,0.9411304624891598,0.7428685321424614
2,6.182056758810494,0.8785344406571887,0.682796895719102
2,4.935443518785813,0.7257106414599102,0.6696662893984356
2,6.1689157766388165,0.6963413352447488,0.7123245723460592
2,5.70457917365805,0.698403158745478,0.8094276619865743
2,5.70457917365805,0.698403158745478,0.8094276619865743
2,5.456170262238461,1.2559746707926034,0.6747922157850178
2,5.348605500764134,1.40889006053165,0.6518214130114663
2,5.348605500764134,1.40889006053165,0.6518214130114663
2,8.159685654949604,1.9391057930534916,0.6824213807622288
2,8.159685654949604,1.9391057930534916,0.6824213807622288
2,8.159685654949604,1.9391057930534916,0.6824213807622288
2,8.159685654949604,1.9391057930534916,0.6824213807622288
2,7.638172294373469,1.4709565430415101,0.7043113442748712
2,7.345514600835061,1.0678705149481271,0.7328244777931234
2,6.814523602096241,1.3052412742966726,0.7396804892057355
2,6.814523602096241,1.3052412742966726,0.7396804892057355
2,6.814523602096241,1.3052412742966726,0.7396804892057355
2,6.772135660460183,1.5124480220362377,0.7563191761395948
2,6.772135660460183,1.5124480220362377,0.7563191761395948
2,6.772135660460183,1.5124480220362377,0.7563191761395948
2,6.062346918539391,0.7371205860178904,0.7223522072098033
2,6.43959888981394,0.9716103951318135,0.6697613391741684
2,6.022112480373094,0.7969818861303697,0.760885172766973
2,5.410359269972339,0.782227880005342,0.7127657105865488
2,6.444527185173424,0.9888107863257876,0.7714580028645417
2,8.29265352957011,1.7032684703047969,0.7970567309159363
2,8.2788475318693,1.1487446333218418,0.6488751575439402
2,9.810426257874848,2.2620978655977666,0.6789388448442767
2,9.810426257874848,2.2620978655977666,0.6789388448442767
2,7.810478962197136,1.9458640395882825,0.7571314621601692
2,7.810478962197136,1.9458640395882825,0.7571314621601692
2,5.768905910380899,0.8294433922591742,0.7119177684502989
2,8.150630720553071,1.3711348385368058,0.6890081942445364
2,6.720643587429957,0.9811764279832528,0.6854297466300978
2,3.8514031360425376,0.6687615379360421,0.7881572281478971
2,4.70509992403272,1.335974683651642,0.7520388844817788
2,5.31905474135155,0.631918012959277,0.8117681285697551
2,6.066329510195459,0.8378382960121934,0.7299948052105781
2,5.588038721197414,1.1753589211939186,0.7740518355169607
2,8.495349310695854,1.0672248997952205,0.6519547031192773
2,7.333623747170042,0.9609713993886917,0.6822999802526081
2,7.333623747170042,0.9609713993886917,0.6822999802526081
2,7.137899008307002,1.1417804035137198,0.6797140807953013
2,6.2550019795111576,1.156892213170437,0.717507735446008
2,6.810519549609288,0.9737018200795794,0.7495542171432777
2,6.810519549609288,0.9737018200795794,0.7495542171432777
2,7.62023678870311,1.7459092769957432,0.7621150888611645
2,8.888530891926763,2.1559884037893666,0.6518358869817317
2,8.888530891926763,2.1559884037893666,0.6518358869817317
2,8.888530891926763,2.1559884037893666,0.6518358869817317
2,6.998326906915356,1.0124909702335285,0.725985644016674
2,6.203402811922687,1.0227761040469354,0.7242380210902222
2,7.495523243410935,1.3441830290345065,0.6865855860669734
2,7.498547779250366,1.6167303259228154,0.7096092199371041
2,7.498547779250366,1.6167303259228154,0.7096092199371041
2,7.498547779250366,1.6167303259228154,0.7096092199371041
2,7.498547779250366,1.6167303259228154,0.7096092199371041
2,7.498547779250366,1.6167303259228154,0.7096092199371041
2,7.498547779250366,1.6167303259228154,0.7096092199371041
2,7.498547779250366,1.6167303259228154,0.7096092199371041
2,7.498547779250366,1.6167303259228154,0.7096092199371041
2,7.498547779250366,1.6167303259228154,0.7096092199371041
2,7.498547779250366,1.6167303259228154,0.7096092199371041
2,7.572979443919515,2.3224121009684193,0.7007851878388107
2,7.805535935341491,1.6249587981785076,0.7338905880088065
2,7.456361780888485,1.2906032171775341,0.7041848669020887
2,7.245990209006859,1.2296300278555026,0.72185553148255
2,7.245990209006859,1.2296300278555026,0.72185553148255
2,7.245990209006859,1.2296300278555026,0.72185553148255
2,6.02261583449858,0.8302395777863723,0.6930070313842441
2,6.275528792528659,1.0084230094386544,0.7175996318190776
2,9.68524585846076,1.89137067684947,0.6742025686821292
2,9.637549217683356,2.4408884585475388,0.7244618876135156
2,9.637549217683356,2.4408884585475388,0.7244618876135156
2,9.637549217683356,2.4408884585475388,0.7244618876135156
2,10.187516159966801,3.1303883693169654,0.6422187495279713
2,8.171499743501691,1.352221477690685,0.7546026200088661
2,8.171499743501691,1.352221477690685,0.7546026200088661
2,6.770643345154651,1.2580616023832207,0.709554947360614
2,7.136202649155442,1.2090600100059437,0.6648810839943072
2,6.69106997335038,1.5781876678849949,0.7052760436888714
2,7.864246386660042,1.782875262390146,0.7340233029258316
2,7.168546543954345,1.363529161217938,0.7419540262748798
2,7.168546543954345,1.363529161217938,0.7419540262748798
2,7.168546543954345,1.363529161217938,0.7419540262748798
2,7.168546543954345,1.363529161217938,0.7419540262748798
2,7.168546543954345,1.363529161217938,0.7419540262748798
2,7.168546543954345,1.363529161217938,0.7419540262748798
2,6.708622935544795,1.3972512736226967,0.6930367337965583
2,6.708622935544795,1.3972512736226967,0.6930367337965583
2,7.344014932536991,1.383258771954869,0.6689106999339154
2,6.558139602330491,1.6290126608298572,0.701838716923986
2,8.155334415769042,2.122541079834299,0.6740791103256445
2,8.155334415769042,2.122541079834299,0.6740791103256445
2,8.155334415769042,2.122541079834299,0.6740791103256445
2,8.155334415769042,2.122541079834299,0.6740791103256445
2,7.3451979817437545,1.7786758648858352,0.7326831008279224
2,6.745262829021095,2.3732626006196007,0.793240305267524
2,8.070816640180748,1.7642362297209315,0.7063382144213478
2,7.802817837436625,1.3274699255209899,0.6939979072258774
2,5.878340719834789,1.1184557359615224,0.6981651393034581
2,5.74365720329045,1.3627885746346928,0.6989305072474606
2,6.029635877392043,1.3334002950660526,0.6933465209901716
2,5.528119730709276,1.0250325511015572,0.691947972386007
2,6.993442554096915,1.0136214017444234,0.7894590653930686
2,5.436830313664837,0.7462813115496113,0.6764089448533505
2,5.250536830234832,1.0414092197734444,0.7701369920260897
2,5.478386792657321,0.5548548025223937,0.8060664515060298
2,7.221535257390992,0.518114484948399,0.7169059436830182
2,5.522849059675944,0.5122821423075663,0.7593983379853038
2,7.404942194334255,0.5576591726461855,0.7120865512912271
2,7.630419651224132,0.53239847948259,0.7148262853559144
2,7.630419651224132,0.53239847948259,0.7148262853559144
2,6.909913853025753,0.5324370116268287,0.7983232622927537
2,8.068948565385647,0.5336065691635297,0.6628828607144163
2,5.332260482803499,0.5362543686710793,0.6176281642591959
2,4.746999992243396,0.5186768547717564,0.6757201510025683
2,5.087953101004451,0.5449577810520672,0.6346569205751965
2,5.087953101004451,0.5449577810520672,0.6346569205751965
2,6.301266491009191,0.5402140267191244,0.6848395993881491
2,5.6674230647131525,0.519807950561942,0.7590141464587206
2,5.3552366722271705,0.5222766923682074,0.6760294486768501
2,7.453423996526607,0.5935264773507262,0.7505911908432434
2,6.687138036681147,0.5362351727480227,0.7874807861566552
2,7.797748785846653,0.5523491187900673,0.7462810237163057
2,7.797748785846653,0.5523491187900673,0.7462810237163057
2,8.104711050999818,0.5906727216966228,0.5980781878536927
2,6.279191793816869,0.5292513540522765,0.6770751063170953
2,5.4191346470801705,0.5294547644415605,0.7471472238005313
2,5.439980468293065,0.512769223193105,0.6270646151794601
2,6.645926376335047,0.5277106921412846,0.6959183876340673
2,6.183966233948557,0.520128343961095,0.7243516217001977
2,5.939779773295498,0.5147265863716509,0.6948867525344057
2,7.6506827506263315,0.5257881808790331,0.6377474072181446
2,5.103149963963077,0.5126758371288823,0.696401742192306
2,4.808693433888537,0.505457662465478,0.7771961105595351
2,5.480659882155185,0.5071710768744404,0.7593169619304021
2,5.480659882155185,0.5071710768744404,0.7593169619304021
2,5.480659882155185,0.5071710768744404,0.7593169619304021
2,5.795631032606425,0.5087703364392154,0.7658102818211504
2,5.755226273174131,0.524261566635882,0.6413735987218234
2,6.15994621912226,0.5326594784162357,0.791549229406713
2,5.890070264679612,0.5661318996708793,0.7131918089913907
2,6.009223007777976,0.5791993758874846,0.7399898121170608
2,6.009223007777976,0.5791993758874846,0.7399898121170608
2,5.522685752565973,0.6029872460314142,0.7090955797130936
2,6.102057895599474,0.8498643350338551,0.8152796854521628
2,6.102057895599474,0.8498643350338551,0.8152796854521628
2,5.722997351124887,0.8885983616553377,0.7449969120532626
2,5.722997351124887,0.8885983616553377,0.7449969120532626
2,6.073412311775097,0.6460888118740838,0.6464681469877616
2,6.073412311775097,0.6460888118740838,0.6464681469877616
2,6.073412311775097,0.6460888118740838,0.6464681469877616
2,5.858671098145448,0.7277443470680365,0.6359683219132322
2,5.858671098145448,0.7277443470680365,0.6359683219132322
2,5.858671098145448,0.7277443470680365,0.6359683219132322
2,6.63128501990849,0.9102623916513373,0.6709464890836917
2,6.803764652059761,1.5180378688341825,0.6609319722791184
2,5.9879608438185254,0.8185862298937019,0.7424520551061504
2,5.9879608438185254,0.8185862298937019,0.7424520551061504
2,5.3302175863716155,0.933170891532106,0.7365264261912047
2,7.407879265066376,1.1242131963014295,0.6963883236247536
2,7.407879265066376,1.1242131963014295,0.6963883236247536
2,6.899143413256567,0.8655504589482106,0.7108901901490869
2,7.188118379358909,1.2469536163900117,0.7132653842471505
2,7.642140485999411,1.8740576928011936,0.7092935950624889
2,7.642140485999411,1.8740576928011936,0.7092935950624889
2,7.642140485999411,1.8740576928011936,0.7092935950624889
2,7.642140485999411,1.8740576928011936,0.7092935950624889
2,7.642140485999411,1.8740576928011936,0.7092935950624889
2,7.642140485999411,1.8740576928011936,0.7092935950624889
2,7.642140485999411,1.8740576928011936,0.7092935950624889
2,7.017029208854491,1.2909334884155919,0.7270008847155088
2,7.017029208854491,1.2909334884155919,0.7270008847155088
2,7.017029208854491,1.2909334884155919,0.7270008847155088
2,7.017029208854491,1.2909334884155919,0.7270008847155088
2,5.794384536557821,1.60526359473732,0.7754416164960732
2,6.044773508492497,1.1009994998471908,0.802455425769238
2,6.212046862556861,0.6920689714070901,0.7568962057221427
2,6.512631631270067,1.1215014122884328,0.6327505438277133
2,6.512631631270067,1.1215014122884328,0.6327505438277133
2,8.69645094055862,2.037589485468196,0.6893648221957911
2,6.720679991961812,1.1619133693396195,0.6611374766234852
2,6.720679991961812,1.1619133693396195,0.6611374766234852
2,5.380743739725054,1.502068915690765,0.7392472604508022
2,4.792050300285876,1.0631564598592123,0.7130380296373278
2,6.44800657061942,1.3605920379195362,0.8481843534975835
2,5.338203593976394,1.3275886853033438,0.6976242180226432
2,6.8621460033733905,0.9931210174557389,0.6673993714953284
2,7.530704417626492,1.9368396433273953,0.6394135901199172
2,8.57751281166367,2.1986936642993395,0.7009464907501816
2,8.57751281166367,2.1986936642993395,0.7009464907501816
2,8.57751281166367,2.1986936642993395,0.7009464907501816
2,8.57751281166367,2.1986936642993395,0.7009464907501816
2,8.57751281166367,2.1986936642993395,0.7009464907501816
2,8.57751281166367,2.1986936642993395,0.7009464907501816
2,8.57751281166367,2.1986936642993395,0.7009464907501816
2,6.93491452919446,1.6261781009647112,0.7257637403883767
2,6.614913521972679,1.7837201238272962,0.707297450317175
2,6.228606547884317,1.2557906729575157,0.7222071061109469
2,6.228606547884317,1.2557906729575157,0.7222071061109469
2,4.978324688695935,0.9676115122255027,0.7829013155922171
2,6.7561873521894,1.1920476160692193,0.7675784051084418
2,5.929617791462855,0.9612149834824606,0.6908274434129413
2,6.8902190337407,1.2085122690767565,0.6606896197398806
2,7.037313330385796,1.5935533940834934,0.6663872230933233
2,7.037313330385796,1.5935533940834934,0.6663872230933233
2,7.037313330385796,1.5935533940834934,0.6663872230933233
2,6.38553559532903,1.5073271463446518,0.7390513087289714
2,6.38553559532903,1.5073271463446518,0.7390513087289714
2,6.38553559532903,1.5073271463446518,0.7390513087289714
2,6.38553559532903,1.5073271463446518,0.7390513087289714
2,6.857163770671111,2.1976950690200203,0.6898378902168606
2,7.531685614279155,1.4230426688165787,0.7086034281686698
2,7.531685614279155,1.4230426688165787,0.7086034281686698
2,7.531685614279155,1.4230426688165787,0.7086034281686698
2,8.10609029319712,1.7188135132673723,0.6316283240568125
2,8.451738532482487,1.8172376494948035,0.7116853139546907
2,7.401205907267366,1.4454125982746773,0.6972702184022119
2,7.462761604078939,1.751876027049114,0.6877833996914294
2,7.462761604078939,1.751876027049114,0.6877833996914294
2,7.462761604078939,1.751876027049114,0.6877833996914294
2,7.462761604078939,1.751876027049114,0.6877833996914294
2,7.462761604078939,1.751876027049114,0.6877833996914294
2,6.754101708648016,1.6479405380587773,0.7323499377905326
2,7.461545880096167,1.8557437067281517,0.6491831904467518
2,6.535348162473763,1.6063708419830858,0.6799455731515714
2,4.700635796704079,0.7800680952304074,0.7274081667196891
2,5.0172501413303126,0.8238326657609043,0.7245737033480977
2,5.0172501413303126,0.8238326657609043,0.7245737033480977
2,5.0172501413303126,0.8238326657609043,0.7245737033480977
2,5.0172501413303126,0.8238326657609043,0.7245737033480977
2,5.0172501413303126,0.8238326657609043,0.7245737033480977
2,6.907218464901473,1.3467275001562253,0.8019737766486914
2,6.667608496088533,1.811368449422337,0.7891905306335921
2,7.765427464203647,1.4091219211811536,0.6952362876331202
2,11.7820668664272,3.300986431960904,0.7189220776454511
2,9.04449396143922,1.90347152778229,0.807027433733853
2,7.671350971839976,1.0741436636937447,0.7689298975339247
2,6.947180742580412,1.4554455524660335,0.813755505922136
2,4.676861307621458,0.8234132477765899,0.7002389524153172
2,6.68947295644594,1.0349390386215394,0.7188713475663592
2,5.586207628228988,1.0995894918325755,0.7442637463592849
2,5.485223105579561,0.9744350280222819,0.7839670402714856
2,6.716270859632487,0.9407317700453419,0.7256637879892298
2,6.716270859632487,0.9407317700453419,0.7256637879892298
2,6.716270859632487,0.9407317700453419,0.7256637879892298
2,6.2651343287845105,1.1926947327700872,0.7174709102240648
2,7.281751491970151,1.6240910379889075,0.7248975748798291
2,6.508134169864789,1.2954043989509383,0.7101439094518761
2,5.573979865548685,0.8364169730520183,0.6985501084530752
2,5.573979865548685,0.8364169730520183,0.6985501084530752
2,6.225336915076138,0.9544407608937899,0.7288060688099063
2,6.539723355660973,1.1978973954032135,0.63949180655
2,8.153907575946084,1.1107715375299008,0.6619858021504136
2,6.135723530987282,1.2631902152998589,0.6682715686474828
2,6.135723530987282,1.2631902152998589,0.6682715686474828
2,8.66187888045981,2.2689054403394966,0.7031916300179106
2,7.573640209754318,1.4640943608384056,0.6874862695580101
2,7.573640209754318,1.4640943608384056,0.6874862695580101
2,9.162876211324368,2.15776712381135,0.7150982140763795
2,8.13468416162205,1.7267701829000448,0.7832614846190422
2,9.268662598008271,2.8501704090912323,0.7105120148688905
2,6.893574829286343,1.9142124814405266,0.6406940687785395
2,6.623967821881702,1.5813494280673805,0.771297533241639
2,6.519774841207985,1.1394634662140835,0.7347295430349331
2,8.082810724651257,1.0437538896819463,0.6927224976319586
2,8.082810724651257,1.0437538896819463,0.6927224976319586
2,5.595851892490622,0.9275141349133821,0.7681585982193162
2,4.943304397494483,1.1515368664837107,0.7486467837171524
2,6.077806456443295,1.1824261946230785,0.7343991914668856
2,6.077806456443295,1.1824261946230785,0.7343991914668856
2,8.419641362371362,1.5442466918234474,0.7031236515865419
2,7.071511602058376,1.5179710838840554,0.6889579955313285
2,8.142446321629683,2.225963445095317,0.6364600166952167
2,6.458549699131989,1.2927910636793483,0.664351681869614
2,6.458549699131989,1.2927910636793483,0.664351681869614
2,7.133700025700837,1.5198773276743962,0.5564136006442819
2,5.075327394849687,0.9021723368755945,0.6615789258199452
2,6.635209555967263,0.9742990538488197,0.6556097849620173
2,7.093876355837897,0.8773337060127773,0.6805024907055963
2,7.093876355837897,0.8773337060127773,0.6805024907055963
2,6.327497484615335,1.1932193890645428,0.6721792321347085
2,6.327497484615335,1.1932193890645428,0.6721792321347085
2,6.327497484615335,1.1932193890645428,0.6721792321347085
2,6.327497484615335,1.1932193890645428,0.6721792321347085
2,6.631333360957064,1.120246729019179,0.7673249488957478
2,5.609826125254362,1.1032607694336047,0.729814652534678
2,5.609826125254362,1.1032607694336047,0.729814652534678
2,6.494178094590446,0.7425837552499936,0.6450272330794463
2,6.494178094590446,0.7425837552499936,0.6450272330794463
2,7.029046379536095,0.8912810996432969,0.6774999319535103
2,7.029046379536095,0.8912810996432969,0.6774999319535103
2,7.043879620334409,0.9936667514246281,0.716694434642362
2,7.024353296513294,0.8136713000996982,0.7466791251752491
2,8.624892982210184,0.9885263801476947,0.6666658878149808
2,7.139419538329502,1.4826387980526068,0.7179107315985281
2,7.139419538329502,1.4826387980526068,0.7179107315985281
2,7.139419538329502,1.4826387980526068,0.7179107315985281
2,8.681338533441021,2.4644610611240303,0.6903723968533195
2,8.681338533441021,2.4644610611240303,0.6903723968533195
2,6.274441175675041,1.5626256847226234,0.762769747415841
2,9.889429977323509,1.8435188855088398,0.686710738243029
2,8.235766677358532,2.086560453250198,0.7659533200336721
2,8.235766677358532,2.086560453250198,0.7659533200336721
2,8.235766677358532,2.086560453250198,0.7659533200336721
2,8.235766677358532,2.086560453250198,0.7659533200336721
2,9.691965632147205,2.4306782535091864,0.6770177847674235
2,8.237054838858187,2.170886271982149,0.6598832576828495
2,8.237054838858187,2.170886271982149,0.6598832576828495
2,8.237054838858187,2.170886271982149,0.6598832576828495
2,9.148033063118232,2.6853494241060005,0.6333524593254518
2,9.148033063118232,2.6853494241060005,0.6333524593254518
2,10.750700222597068,1.6932221225015436,0.7141544825666212
2,6.815738302163812,0.8039780175052424,0.7789039171214402
2,6.738008264938651,0.78587455131078,0.7099991853356621
2,5.286373540244324,1.2940838045940528,0.6880521702130783
2,6.199931597175908,0.980542717230209,0.7185906762448776
2,5.916449714140701,1.0572466288054239,0.668074362962685
2,6.387059187515428,1.1760812610271745,0.7027159826379693
2,6.387059187515428,1.1760812610271745,0.7027159826379693
2,6.387059187515428,1.1760812610271745,0.7027159826379693
2,6.468032536275008,0.7837369141919035,0.7363063388686392
2,5.741415000489819,0.9906605678384961,0.7587547613388222
2,6.324628199515032,1.3842985579120035,0.7271530223721334
2,6.923045220942172,1.3333878891433932,0.6795919125647661
2,8.39668405043918,1.5593286256312164,0.7830537952621406
2,9.464735502916554,1.4927467910073233,0.7653142220729499
2,5.749687310861073,1.7271424363775252,0.6898285275124846
2,7.522113324205913,1.8221106311816821,0.7779256516381778
2,7.71704595450266,1.9571871790883388,0.7233444700133824
2,7.71704595450266,1.9571871790883388,0.7233444700133824
2,7.71704595450266,1.9571871790883388,0.7233444700133824
2,6.9405165209140005,1.7513669013784898,0.6805906612809756
2,6.9228554672752525,1.4131122994486174,0.7676595320149577
2,7.934273929207742,2.225668694324703,0.758669225275769
2,8.777037926945457,2.24575751982415,0.7094004073951067
2,8.777037926945457,2.24575751982415,0.7094004073951067
2,7.706728416368691,1.6501333810054204,0.7478724581826247
2,7.706728416368691,1.6501333810054204,0.7478724581826247
2,6.939598584567527,1.4158228106681217,0.7686741927160586
2,6.852029039679441,1.2942063841565083,0.7206249010066071
2,8.305558130274438,1.6211580232965648,0.7343838547341965
2,8.305558130274438,1.6211580232965648,0.7343838547341965
2,9.464733488641832,2.121121597054295,0.7185137682602236
2,7.414092817453322,1.6059220871924451,0.7732481545815478
2,8.43678694636351,1.0768458424773333,0.730605016413855
2,7.945656380952084,1.3130627575616347,0.7157307328729516
2,7.945656380952084,1.3130627575616347,0.7157307328729516
2,7.945656380952084,1.3130627575616347,0.7157307328729516
2,7.945656380952084,1.3130627575616347,0.7157307328729516
2,8.29166592313867,1.3245240337184956,0.7039509536027021
2,5.331381528253792,0.9188529292781464,0.7062511998153324
2,6.455794669844894,1.0305823608315001,0.7128862120162505
2,6.954366864243675,1.3908106244937777,0.7700085272200304
2,6.311204186804115,0.9007595556165693,0.761920694481643
2,6.007285113434597,0.8163914780369794,0.7361209221324762
2,6.007285113434597,0.8163914780369794,0.7361209221324762
2,8.009557902474727,1.149137349254516,0.6844117716588346
2,8.009557902474727,1.149137349254516,0.6844117716588346
2,8.009557902474727,1.149137349254516,0.6844117716588346
2,7.646032517229578,1.7118695519757767,0.7149409412927676
2,8.814541028350662,1.4281860868455198,0.8105810412950963
2,5.46715549518411,0.8086601621087474,0.8011075039068798
2,7.696226499127511,1.2853618801774598,0.7495359672231479
2,7.5584195211519045,1.3711486681552996,0.7351354012672254
2,5.659410958547076,1.1130513853709014,0.6866720137640494
2,5.659410958547076,1.1130513853709014,0.6866720137640494
2,7.081885964521379,0.8886083957634012,0.6889121456157892
2,6.9177211824007,1.2716914591296833,0.699477649418746
2,8.888941018004504,2.2515430988606635,0.6608654896079944
2,7.9451406008492755,1.9032020872284192,0.7480492462958436
2,7.971166101194956,0.8143296734440851,0.6874372253079791
2,6.455615682413489,0.8277906416544232,0.7073844716970543
2,6.919228134030425,1.01355744163593,0.6753216313684476
2,7.018376919093063,1.0161295755517257,0.7008733824578842
2,8.314961017708038,1.032378848146251,0.6485602098809353
2,8.314961017708038,1.032378848146251,0.6485602098809353
2,9.77729346530097,1.5830615424956271,0.630327213695182
2,7.1667567268645165,1.6883693218191145,0.6224753896385181
2,5.809234081847457,0.9818176625442783,0.669081008892547
2,7.747512532656941,1.7028017571296643,0.675738137667078
2,7.747512532656941,1.7028017571296643,0.675738137667078
2,7.747512532656941,1.7028017571296643,0.675738137667078
2,7.747512532656941,1.7028017571296643,0.675738137667078
2,7.747512532656941,1.7028017571296643,0.675738137667078
2,7.747512532656941,1.7028017571296643,0.675738137667078
2,7.747512532656941,1.7028017571296643,0.675738137667078
2,6.057348450699429,1.2176977434598175,0.7389232355920756
2,6.537914906337645,1.762212647466629,0.7264057221975404
2,9.17955212175458,2.6922939067382123,0.7632125259023642
2,6.970996935426416,2.260843899295598,0.7438350576728103
2,6.2444273418300265,1.6619064000764954,0.7566055666385891
2,6.407284181614106,0.8474053493786106,0.7851435750056542
2,6.379546894976449,0.9061330356861002,0.7641480824999244
2,8.12947781160548,1.4783975224924133,0.7032100056456962
2,6.905209029373816,1.2495579931222167,0.7582169905492987
2,5.442271468432286,1.1048149473950062,0.7651523716613405
2,7.278139528196355,1.748254160510337,0.7358369884076292
2,7.278139528196355,1.748254160510337,0.7358369884076292
2,7.278139528196355,1.748254160510337,0.7358369884076292
2,7.278139528196355,1.748254160510337,0.7358369884076292
2,7.278139528196355,1.748254160510337,0.7358369884076292
2,7.278139528196355,1.748254160510337,0.7358369884076292
2,7.278139528196355,1.748254160510337,0.7358369884076292
2,7.170348882465889,1.1277233904561474,0.6557325736437395
2,7.673374248763446,1.2005440032385988,0.7230471197981393
2,6.6998898297144205,1.1743300266065317,0.6909557959633079
2,6.6998898297144205,1.1743300266065317,0.6909557959633079
2,6.6998898297144205,1.1743300266065317,0.6909557959633079
2,6.6998898297144205,1.1743300266065317,0.6909557959633079
2,6.6998898297144205,1.1743300266065317,0.6909557959633079
2,6.6998898297144205,1.1743300266065317,0.6909557959633079
2,6.6998898297144205,1.1743300266065317,0.6909557959633079
2,6.6998898297144205,1.1743300266065317,0.6909557959633079
2,6.6998898297144205,1.1743300266065317,0.6909557959633079
2,6.6998898297144205,1.1743300266065317,0.6909557959633079
2,6.6998898297144205,1.1743300266065317,0.6909557959633079
2,6.6998898297144205,1.1743300266065317,0.6909557959633079
2,6.1400582863333755,0.869218411980692,0.689895419714108
2,7.352805516384756,0.9860132154258237,0.6708601377866431
2,6.220987920800354,0.7478239816370218,0.7051795360119264
2,6.220987920800354,0.7478239816370218,0.7051795360119264
2,7.351643602769928,0.7714546795768678,0.6660511121398098
2,7.062259636871268,0.875473125148212,0.7771915039058239
2,6.814869812087108,0.8839736699706773,0.6920818069270505
2,6.0173319346198415,0.8746927845046212,0.7574758274197432
2,7.069515337925152,1.2770088754485223,0.7192753922056841
2,7.069515337925152,1.2770088754485223,0.7192753922056841
2,7.069515337925152,1.2770088754485223,0.7192753922056841
2,7.069515337925152,1.2770088754485223,0.7192753922056841
2,7.069515337925152,1.2770088754485223,0.7192753922056841
2,7.069515337925152,1.2770088754485223,0.7192753922056841
2,7.069515337925152,1.2770088754485223,0.7192753922056841
2,7.069515337925152,1.2770088754485223,0.7192753922056841
2,7.069515337925152,1.2770088754485223,0.7192753922056841
2,7.069515337925152,1.2770088754485223,0.7192753922056841
2,7.069515337925152,1.2770088754485223,0.7192753922056841
2,7.069515337925152,1.2770088754485223,0.7192753922056841
2,6.76521020511055,1.0365444613972887,0.7929445611858241
2,6.76521020511055,1.0365444613972887,0.7929445611858241
2,5.549342039173657,0.7502576498641863,0.7912478488639413
2,5.706402674027043,0.7673194391823823,0.7102455692910766
2,7.679975348503681,1.0927668592753246,0.6611756951756612
2,6.922851863012172,0.9576647010492505,0.7331997984143919
2,6.922851863012172,0.9576647010492505,0.7331997984143919
2,6.922851863012172,0.9576647010492505,0.7331997984143919
2,7.954114323281261,1.4575750401620151,0.6251423794122241
2,5.7663165324191255,0.8089893121465267,0.7206368441569537
2,7.602857498297599,2.0585892919134325,0.7172682102259805
2,7.649572917279196,1.771507410773795,0.722301742895942
2,6.790463974290807,0.9281417807096102,0.6668440260122546
2,7.884653133349187,2.3061315156597826,0.7021691339928721
2,8.958901910232033,2.026159802843006,0.7874543958420398
2,8.118439135962497,1.1486909278761102,0.6997222053527028
2,9.337778999091626,2.232728503208771,0.7661406701905997
2,8.726380347748817,2.082080594474606,0.7785515866646726
2,8.726380347748817,2.082080594474606,0.7785515866646726
2,7.967953436505764,0.9664345650865596,0.7637388887261792
2,7.0049428861913885,1.1930922334220568,0.7213286397231338
2,7.798472719135707,1.4087554086382386,0.7288847377407408
2,7.798472719135707,1.4087554086382386,0.7288847377407408
2,7.798472719135707,1.4087554086382386,0.7288847377407408
2,8.356696053827664,1.3852350590888034,0.7278800813946962
2,6.5462915980393745,1.4425432790398809,0.714997730800623
2,6.5462915980393745,1.4425432790398809,0.714997730800623
2,6.5462915980393745,1.4425432790398809,0.714997730800623
2,7.21667188935223,1.5944663893157425,0.6977565091216205
2,7.042860892358416,1.2761225701661831,0.7746537749454677
2,7.304369792592864,1.5494221167641342,0.721523704709138
2,7.304369792592864,1.5494221167641342,0.721523704709138
2,7.304369792592864,1.5494221167641342,0.721523704709138
2,8.295586235613085,1.9963877191645596,0.695640148363126
2,5.655115312673855,1.0541460297980285,0.794605496538991
2,5.109642319931121,0.6631185424954373,0.7212345261909704
2,6.110008286260469,0.6235100018706521,0.7643606849575143
2,5.957272724095348,0.7217561067865265,0.7682533829742992
2,5.002409004875366,0.731820382847182,0.776622030897587
2,5.878706755623032,0.7278788275128557,0.7819894362316914
2,7.358766674616916,1.8169630469713205,0.7470243286175203
2,5.714697260356964,1.172523689815546,0.6934597402195798
2,8.009113237216816,1.148989148520083,0.7241960560169073
2,7.958061558147691,1.1853344731499487,0.7480932546114815
2,5.857580911791657,0.7764740649356849,0.7299616409757178
2,5.857580911791657,0.7764740649356849,0.7299616409757178
2,5.857580911791657,0.7764740649356849,0.7299616409757178
2,5.857580911791657,0.7764740649356849,0.7299616409757178
2,5.857580911791657,0.7764740649356849,0.7299616409757178
2,5.857580911791657,0.7764740649356849,0.7299616409757178
2,6.151521769866111,0.6879667041713232,0.6910135364450299
2,8.324876448875937,1.3948191674427837,0.6958670459329085
2,8.287366304617784,2.0116434573620054,0.6503274329604297
2,8.070997767497207,1.047692546585336,0.7150678711738047
2,8.070997767497207,1.047692546585336,0.7150678711738047
2,8.558822047289059,1.3834501106948025,0.6861927564246302
2,8.558822047289059,1.3834501106948025,0.6861927564246302
2,6.789036282318498,1.2330344437478344,0.6373769991517274
2,6.789036282318498,1.2330344437478344,0.6373769991517274
2,6.7850808954615465,1.6359574776813643,0.6719405692571666
2,6.70255787158116,1.2565986322905827,0.6382992835902518
2,7.586301288353332,1.843904627963003,0.7809695373435959
2,7.276702463462141,1.8940592455433969,0.7115314750185882
2,7.401676064305693,1.5560601113976096,0.7809076123339852
2,7.654024952379385,1.6359866644901575,0.6796490414079036
2,7.654024952379385,1.6359866644901575,0.6796490414079036
2,7.312632190830182,1.9855664690921433,0.683086343692599
2,9.884237783842023,1.4137092287698327,0.6830047401041636
2,9.884237783842023,1.4137092287698327,0.6830047401041636
2,10.940554219622957,1.7967218951102937,0.688781885631439
2,11.352101425676336,2.5272664636015083,0.6573965591203872
2,11.352101425676336,2.5272664636015083,0.6573965591203872
2,11.352101425676336,2.5272664636015083,0.6573965591203872
2,8.796438908483166,2.5077747145592224,0.68133799517079
2,8.796438908483166,2.5077747145592224,0.68133799517079
2,8.89742784592929,2.1422737841672976,0.7286150955505705
2,8.89742784592929,2.1422737841672976,0.7286150955505705
2,6.810833611423917,1.3008234334009614,0.7004236239482318
2,6.810833611423917,1.3008234334009614,0.7004236239482318
2,6.810833611423917,1.3008234334009614,0.7004236239482318
2,6.810833611423917,1.3008234334009614,0.7004236239482318
2,6.810833611423917,1.3008234334009614,0.7004236239482318
2,6.810833611423917,1.3008234334009614,0.7004236239482318
2,8.40874117135099,1.394204011935781,0.6553387942051423
2,7.261285073070367,1.3520921949789986,0.6111845102143358
2,7.209398954441226,2.122467304852637,0.6415905766530385
2,9.06325159885189,2.713426907203558,0.7240525502736402
2,9.335347116074077,2.7108205689668865,0.7308320797549674
2,9.335347116074077,2.7108205689668865,0.7308320797549674
2,5.82230301744601,1.0875789357108756,0.8598339705045369
2,5.82230301744601,1.0875789357108756,0.8598339705045369
2,7.8686363205934,1.776959081889965,0.6996050540951767
2,7.8686363205934,1.776959081889965,0.6996050540951767
2,6.309531731060623,0.9945281966888727,0.6909700826046598
2,6.309531731060623,0.9945281966888727,0.6909700826046598
2,6.309531731060623,0.9945281966888727,0.6909700826046598
2,6.309531731060623,0.9945281966888727,0.6909700826046598
2,6.774915294079471,1.1236084755293039,0.8100708533926323
2,8.177824751153407,1.4342258164472796,0.6645039960865361
2,6.8096579810904245,1.5691868220212377,0.7395930997350111
2,8.956333983176755,2.4071571417256923,0.6874047351402018
2,8.956333983176755,2.4071571417256923,0.6874047351402018
2,8.956333983176755,2.4071571417256923,0.6874047351402018
2,9.194470197714951,1.6997528373826944,0.7215351780319074
2,9.194470197714951,1.6997528373826944,0.7215351780319074
2,9.194470197714951,1.6997528373826944,0.7215351780319074
2,7.246702569713105,1.4803732265479068,0.715447888071263
2,5.851918971308028,1.0682593375835858,0.703213198532005
2,6.049195807984777,0.9867406031445352,0.7148942130943495
2,6.049195807984777,0.9867406031445352,0.7148942130943495
2,6.049195807984777,0.9867406031445352,0.7148942130943495
2,6.049195807984777,0.9867406031445352,0.7148942130943495
2,5.490683150800563,0.9884049135116822,0.7652593262899072
2,6.099957722396919,1.540880253820063,0.7922917906154645
2,6.513082727785866,1.023025876178544,0.822331701908405
2,5.782618405983525,1.0037871093971042,0.685265675492322
2,5.522078918107119,0.9627943165778513,0.7194190613628628
2,5.039575866898109,0.9499227501254035,0.7268999444281485
2,6.189568347520346,1.5185796725708247,0.7029351277115292
2,6.197921748645918,0.891334742844679,0.7174485849099567
2,7.750456090400408,0.6582792479375059,0.7486460998611711
2,7.477935325582206,0.856154133792489,0.6655434176236326
2,9.212060077739068,1.7109724482536308,0.6195051616653451
2,7.047381650477251,1.2437075638663861,0.7087928003475169
2,7.047381650477251,1.2437075638663861,0.7087928003475169
2,8.469148223549322,1.3401482448762194,0.7372665468716878
2,5.926926900449031,1.1484026325664072,0.7040267735186153
2,4.862036102083204,0.906882065465354,0.7268729286705073
2,6.13795707328158,1.1077284885937617,0.6859662143155245
2,5.848962661988512,0.8794779316939083,0.689417000800226
2,6.004518206879004,1.3117737784449326,0.7034327663675427
2,4.953435666592478,1.0447575695796076,0.7481894114274344
2,5.912036513670816,1.1713248307092283,0.8379855333440914
2,6.899354324444747,0.8506651511269104,0.6755894186074292
2,6.899354324444747,0.8506651511269104,0.6755894186074292
2,6.899354324444747,0.8506651511269104,0.6755894186074292
2,5.157971133443256,0.717288114792878,0.7316581469564568
2,7.852270493495847,1.3715011359820464,0.662243442030836
2,7.640889977772673,1.3031387991355619,0.6528924536638334
2,8.718468427883469,1.9219978656290273,0.6800659842514244
2,6.802774874583891,1.5613004059311404,0.7712686048595527
2,8.308250681378798,1.5999676494702364,0.659901686045192
2,7.542793886446634,1.5357144901111452,0.7943664886012178
2,7.58468061810234,1.291531973043171,0.7229323134206954
2,8.077657939429056,1.2947432648135015,0.7291200394317064
2,6.335388811998437,1.0939813152737001,0.690409644383097
2,6.2885931685060665,1.1317051853071929,0.6623995432226171
2,6.72686073388908,1.654033401045417,0.6596593084229981
2,6.812317553086499,1.0133226606784569,0.72428420266383
2,6.812317553086499,1.0133226606784569,0.72428420266383
2,6.812317553086499,1.0133226606784569,0.72428420266383
2,8.31883013526184,1.2477358092288946,0.7488180887545184
2,8.062181954457916,2.529004806776702,0.7387922368071174
2,9.356358083122156,2.2672489914147205,0.7024475938294872
2,7.023881620804633,1.500426835401981,0.700954573344694
2,7.023881620804633,1.500426835401981,0.700954573344694
2,7.023881620804633,1.500426835401981,0.700954573344694
2,7.023881620804633,1.500426835401981,0.700954573344694
2,8.176964499559423,1.9155819006722943,0.7135785721142808
2,9.021084076082198,2.1577882397766484,0.6772388998946194
2,9.021084076082198,2.1577882397766484,0.6772388998946194
2,9.021084076082198,2.1577882397766484,0.6772388998946194
2,9.209399497196664,2.623182643804406,0.6769214588446644
2,9.209399497196664,2.623182643804406,0.6769214588446644
2,7.905795733042454,1.5919025365424428,0.7249426290654898
2,6.109176219932771,0.8819190154307623,0.7232550937922594
2,6.109176219932771,0.8819190154307623,0.7232550937922594
2,6.901931121684127,1.0033643935553131,0.6985615442092784
2,6.545249747636428,0.9737385735328747,0.6579745969039419
2,7.70546951957084,0.9612713145691539,0.7554132160568471
2,5.831211126262322,1.0700950922160777,0.7185050038827153
2,6.682364362668721,1.3851158277679088,0.7120155790297711
2,7.369270558402805,1.194513614472386,0.6270083352798956
2,7.369270558402805,1.194513614472386,0.6270083352798956
2,7.556484523522805,1.2174524145677323,0.7404398319992975
2,6.484376420589178,0.809082460683958,0.7010707722785922
2,5.879898903988028,0.6502906051992211,0.7473150903388605
2,5.529701859390145,0.9671823951353052,0.7109583208268183
2,8.933412813195494,1.2308347624977538,0.7260554345112497
2,8.933412813195494,1.2308347624977538,0.7260554345112497
2,7.691420486452281,1.5657623449990832,0.7774061639472325
2,8.430174360983345,2.492252630816634,0.650472037052661
2,7.257268004584387,1.167579722479458,0.7259327605085555
2,6.678154660887548,1.0159019775354872,0.7121506374745226
2,6.420058575426843,0.820383308296645,0.6490723748831655
2,6.663837985913133,0.9207157347965472,0.6721438173339145
2,4.9707715212778165,0.928960375356591,0.709471513056119
2,6.90840347327156,0.8885657112145497,0.7215130039947545
2,6.717260043269272,0.9421527499584832,0.743192321499414
2,6.082189188506205,1.8446758794100322,0.7200427874315907
2,6.977739294694388,1.659284454844122,0.6319953913956972
2,9.556398612697025,2.0482429855872635,0.687803692636682
2,9.544970791939056,1.575696720430423,0.7796478390651477
2,7.040726080406063,1.4282636896004122,0.6900637139998047
2,6.874987106777253,1.8087388477040232,0.6724629233411715
2,6.874987106777253,1.8087388477040232,0.6724629233411715
2,6.874987106777253,1.8087388477040232,0.6724629233411715
2,7.413128037749984,1.8253112874690007,0.6710802359738365
2,6.786255977692079,1.4517824493400329,0.7023957010800379
2,7.4416969926724015,0.9878560472584037,0.6597403012699086
2,8.008837259634355,1.4604898457669182,0.6855039229256108
2,8.008837259634355,1.4604898457669182,0.6855039229256108
2,8.36113360558655,1.91554469623464,0.6920392045106787
2,8.768405787590428,1.8373530510371836,0.7223943335950095
2,8.768405787590428,1.8373530510371836,0.7223943335950095
2,8.768405787590428,1.8373530510371836,0.7223943335950095
2,7.318272415127091,1.9348172761881348,0.6772121317280241
2,7.318272415127091,1.9348172761881348,0.6772121317280241
2,7.476119613917667,2.07196869242929,0.7016109020528987
2,9.005185863778006,2.350752998509901,0.7048925942040781
2,9.005185863778006,2.350752998509901,0.7048925942040781
2,10.135048080643756,2.7413930396225137,0.6517389456608591
2,6.188782805109899,1.201054715282305,0.6902546281207823
2,8.697230434763796,1.776126595331635,0.6684034970379903
2,7.0927114778030695,1.2183866869673163,0.7861509524231672
2,6.9899064366515145,1.6318998947883767,0.6912884800648728
2,8.786121840816321,2.4516768493981216,0.7367260900794925
2,9.771768318360833,2.035539730967945,0.6691595525780104
2,9.066540005177172,1.6827171027942978,0.7338407816111056
2,7.221855295875905,1.5278867417464799,0.7248572067439867
2,7.304435744065278,2.0532083029295647,0.6817955249595856
2,6.148977881935052,1.507288058424186,0.709238714286629
2,5.711496675597795,0.9742758844676814,0.7351321418432336
2,6.718519565997326,1.1831588905141848,0.7406379199691496
2,7.0209660254150394,1.5866098829132789,0.7674876912745012
2,8.107847763938318,2.3344030494420713,0.6537833163263105
2,8.107847763938318,2.3344030494420713,0.6537833163263105
2,6.916430043978017,1.3243801893063816,0.6786063364324881
2,6.916430043978017,1.3243801893063816,0.6786063364324881
2,6.522117702677968,1.1565101825985458,0.7170497605481544
2,6.522117702677968,1.1565101825985458,0.7170497605481544
2,6.36303458839351,1.3971523910933719,0.7115099815763384
2,7.540520985158389,1.5431197673995973,0.7724005613932028
2,7.8617783052774985,1.551094409775028,0.7700334772340047
2,6.674285023354466,1.224125906381186,0.7673285753647596
2,7.417189400282993,1.8579815416581729,0.675493057663077
2,6.238182349068385,1.6887881429632419,0.767854417624206
2,8.849542012884495,1.1377997756774616,0.7910188639544257
2,8.849542012884495,1.1377997756774616,0.7910188639544257
2,9.288592845607528,2.137183814894013,0.710790917367739
2,7.894167770452594,1.8285197613057722,0.6471939126597714
2,6.093967521686152,1.0910924366103583,0.7431923457964886
2,6.223259541458795,1.470255814428973,0.7556196089917742
2,6.223259541458795,1.470255814428973,0.7556196089917742
2,6.223259541458795,1.470255814428973,0.7556196089917742
2,6.223259541458795,1.470255814428973,0.7556196089917742
2,8.426443575069216,1.9440399928180325,0.6825351392663076
2,8.426443575069216,1.9440399928180325,0.6825351392663076
2,7.312475994187056,2.061243091495215,0.6740548016564352
2,6.538218458445333,1.884941655354423,0.6419903548948216
2,9.607725181815502,1.1900582214460806,0.6877107906462656
2,9.607725181815502,1.1900582214460806,0.6877107906462656
2,9.81418712672239,1.4361095411483924,0.7326829622925353
2,9.81418712672239,1.4361095411483924,0.7326829622925353
2,6.063128497083254,1.149330974111848,0.7830736448801487
2,5.707243543251313,1.019121633181347,0.7554586150018595
2,5.707243543251313,1.019121633181347,0.7554586150018595
2,5.707243543251313,1.019121633181347,0.7554586150018595
2,5.707243543251313,1.019121633181347,0.7554586150018595
2,5.707243543251313,1.019121633181347,0.7554586150018595
2,7.191705343523887,1.6253479391637822,0.6563884939337593
2,5.952665215235023,1.1456075069219813,0.7038598994467089
2,5.952665215235023,1.1456075069219813,0.7038598994467089
2,6.365595346938249,0.9660396246280148,0.6573316875433957
2,6.931715867674092,0.7697208373767035,0.6880025888201317
2,7.939787568447211,2.904393629379622,0.6737265948510442
2,8.024577256307634,1.6671558572570886,0.591382642615798
2,7.721573820057456,0.8059454261062278,0.6998062060399944
2,6.742181795358587,0.9457504880376214,0.6983966289792545
2,6.742181795358587,0.9457504880376214,0.6983966289792545
2,7.707841579631187,1.1792728896633702,0.7038180086213752
2,8.028533243134717,1.4079395262912082,0.6391069243328202
2,8.028533243134717,1.4079395262912082,0.6391069243328202
2,9.412250227395386,1.9247975801602104,0.6813854295824311
2,4.981305530136796,1.3382456219188659,0.7922182235728842
2,5.62834551217472,0.9570673142130524,0.7952695901563394
2,7.655670085436392,0.9454258551332613,0.8216698399283188
2,7.055508107329742,0.8083193854378754,0.670167416429237
2,7.055508107329742,0.8083193854378754,0.670167416429237
2,7.055508107329742,0.8083193854378754,0.670167416429237
2,5.5870245472600555,0.8065571716116617,0.7238385425428808
2,5.493275864715576,1.0768316126156794,0.6713282308797779
2,7.643788895209055,1.1539336573886092,0.7147279681210624
2,9.13469652808494,1.4822686106432998,0.728326438076577
2,9.13469652808494,1.4822686106432998,0.728326438076577
2,7.6464208180008075,1.6854047659493614,0.702165733246554
2,8.58349666536369,2.007195221694889,0.7186805111436411
2,8.711698233928136,1.241536281756563,0.700622877469964
2,8.711698233928136,1.241536281756563,0.700622877469964
2,8.711698233928136,1.241536281756563,0.700622877469964
2,8.287360801837208,1.3460063744901665,0.7217067800850087
2,6.386128823851686,0.8301596043811166,0.7214871830593006
2,6.386128823851686,0.8301596043811166,0.7214871830593006
2,6.386128823851686,0.8301596043811166,0.7214871830593006
2,6.762012712561326,0.7892872843910057,0.7343881719872252
2,6.762012712561326,0.7892872843910057,0.7343881719872252
2,6.9284597690375245,1.9358618139190324,0.7228851572232827
2,6.4731467801210245,1.4032125825251136,0.6327252939793703
2,6.152629731845174,1.7368182865986934,0.7274664696251151
2,8.230075391251859,2.518865425149798,0.7403326688770495
2,8.244200930443895,2.5154892167366243,0.6520718290906755
2,8.96974670383495,1.238495394252505,0.7109324469073519
2,7.483177731168454,1.427877422946991,0.6430694595731596
2,7.483177731168454,1.427877422946991,0.6430694595731596
2,7.483177731168454,1.427877422946991,0.6430694595731596
2,5.984876482668733,1.098149304701417,0.7466921000121686
2,5.984876482668733,1.098149304701417,0.7466921000121686
2,6.124704361263306,1.4202576368516597,0.7624712623954384
2,6.325182164751467,1.779094769208278,0.7525958731624354
2,5.826912032204688,1.0978560032096623,0.7835718893190408
2,6.020428305772611,1.0054932066794335,0.7946206201072498
2,4.997324657311431,0.7426555904601577,0.6811266561911083
2,6.145700014979294,0.7568688142620053,0.7882869196541998
2,7.115233601280946,0.7626625045298341,0.6985557611387307
2,5.224946372364483,0.8266432664756884,0.7395892937463333
2,5.835907505218428,0.8056904482733884,0.7582611089774345
2,8.35530759580919,1.3156636075921067,0.6458870491172387
2,8.98842370805361,1.486907219889611,0.7079301672691416
2,8.98842370805361,1.486907219889611,0.7079301672691416
2,8.98842370805361,1.486907219889611,0.7079301672691416
2,8.98842370805361,1.486907219889611,0.7079301672691416
2,8.07431699894128,1.4866007331295261,0.6429055588301815
2,8.07431699894128,1.4866007331295261,0.6429055588301815
2,6.842060820524031,0.9683803920150382,0.6807158925466686
2,7.172870289114574,0.840414286454461,0.7066331614177828
2,6.079920562610633,1.263028438683802,0.6814416832937542
2,7.699016737660745,0.9972474240606327,0.7378432868923128
2,9.307158366363856,2.8525850043027106,0.7744522897602089
2,6.78568417807725,1.0238248982703813,0.7847909476105347
2,6.78568417807725,1.0238248982703813,0.7847909476105347
2,7.169417868406161,1.004566870232864,0.7865360645938341
2,7.169417868406161,1.004566870232864,0.7865360645938341
2,6.816861571476396,0.7867991548235838,0.7483208925476941
2,7.760518495400709,1.3576113452376752,0.646596191053653
2,7.760518495400709,1.3576113452376752,0.646596191053653
2,8.197195149466388,1.946215083566336,0.6414975060496573
2,8.197195149466388,1.946215083566336,0.6414975060496573
2,8.197195149466388,1.946215083566336,0.6414975060496573
2,6.972419135016446,2.355595507545413,0.6934555230063595
2,6.141470140447236,1.4346198118884264,0.7290423521518887
2,8.450258402077068,1.1735499020072826,0.7086334592285256
2,8.450258402077068,1.1735499020072826,0.7086334592285256
2,6.544684852254503,1.3323968120681844,0.6064220950937076
2,6.544684852254503,1.3323968120681844,0.6064220950937076
2,7.405806207901652,1.931198640520996,0.6485303985493042
2,8.117446246497849,2.2775140999285437,0.7387688836512339
2,10.199225015112985,2.352322784012913,0.7019466376571855
2,9.860723606373167,2.1864064744617426,0.7271998337381145
2,9.860723606373167,2.1864064744617426,0.7271998337381145
2,7.418974072353017,1.525836259468096,0.7453138544062331
2,7.418974072353017,1.525836259468096,0.7453138544062331
2,6.610464095174983,1.2585006260672473,0.6572410893505227
2,6.610464095174983,1.2585006260672473,0.6572410893505227
2,6.610464095174983,1.2585006260672473,0.6572410893505227
2,6.610464095174983,1.2585006260672473,0.6572410893505227
2,6.610464095174983,1.2585006260672473,0.6572410893505227
2,6.610464095174983,1.2585006260672473,0.6572410893505227
2,6.610464095174983,1.2585006260672473,0.6572410893505227
2,5.920972510454744,0.9588199536980028,0.7114038803878271
2,6.4943901858917785,1.041949637929873,0.7253743772129977
2,6.4943901858917785,1.041949637929873,0.7253743772129977
2,6.887093581628351,0.8910597524855582,0.6605762982201628
2,7.631668614379777,1.7021293978475773,0.7350095650498931
2,6.040904473718679,1.642652509969515,0.6159461099077211
2,7.98979068534936,1.3762021973824905,0.7642780136644155
2,8.07141396957266,1.112288433545129,0.6559957872562884
2,9.754252445770218,1.5783332261413152,0.6742146143214772
2,5.980624724802477,1.2076453764368489,0.7630806165881134
2,5.980624724802477,1.2076453764368489,0.7630806165881134
2,7.24775800944084,1.2750086969892243,0.773944848921171
2,7.292013439227246,1.1190848571350807,0.7909908852975798
2,6.7722415883072005,1.0531431343113733,0.7875854727246052
2,5.023138940715458,1.2376003748803566,0.7637322565820003
2,7.77369060320957,0.7933056824509945,0.7208771443151818
2,5.675932180942402,0.7613170669552213,0.7141177579113777
2,5.675932180942402,0.7613170669552213,0.7141177579113777
2,5.675932180942402,0.7613170669552213,0.7141177579113777
2,5.675932180942402,0.7613170669552213,0.7141177579113777
2,5.675932180942402,0.7613170669552213,0.7141177579113777
2,5.675932180942402,0.7613170669552213,0.7141177579113777
2,5.675932180942402,0.7613170669552213,0.7141177579113777
2,5.675932180942402,0.7613170669552213,0.7141177579113777
2,5.675932180942402,0.7613170669552213,0.7141177579113777
2,5.675932180942402,0.7613170669552213,0.7141177579113777
2,7.123048826819361,1.5220761867229604,0.7199508818760997
2,7.4207346382602415,2.273622537077326,0.8074563316370408
2,7.681226079665739,1.4731764006615031,0.7116569036537321
2,7.681226079665739,1.4731764006615031,0.7116569036537321
2,7.681226079665739,1.4731764006615031,0.7116569036537321
2,7.681226079665739,1.4731764006615031,0.7116569036537321
2,7.681226079665739,1.4731764006615031,0.7116569036537321
2,7.3737199264837034,1.5367148311256087,0.684226914528227
2,7.3737199264837034,1.5367148311256087,0.684226914528227
2,7.3737199264837034,1.5367148311256087,0.684226914528227
2,7.750894875809747,0.8760806616754606,0.6600064885298905
2,6.917069319931172,0.6849008132523773,0.7552748524141856
2,6.811076320679551,0.6259784987349672,0.6571199691610841
2,3.902761865559246,0.8725445685149051,0.7426591114648672
2,6.400099926009441,1.2072296100300464,0.6645154436649557
2,6.400099926009441,1.2072296100300464,0.6645154436649557
2,6.400099926009441,1.2072296100300464,0.6645154436649557
2,8.09673842845481,1.0321440670078985,0.6469090214931872
2,8.281175612755485,1.4670073681017133,0.6127701307831687
2,8.281175612755485,1.4670073681017133,0.6127701307831687
2,6.4973466389937755,0.8562402300081233,0.7910112481459265
2,6.1912373851318705,1.4396403779943006,0.8512406371103408
2,6.76689297741832,1.2482316635377644,0.8242986820227188
2,7.302776758760201,0.8414826527794217,0.8647157189591739
2,6.2861477280737,1.1026210107468435,0.9138804944927971
2,6.66380592068577,0.8228115352456539,0.8583482465475712
2,6.743677098934075,0.8045958190050311,0.7339569953330332
2,5.055012358171236,0.9622874977627431,0.7716661936365635
2,10.83382929915535,1.935044770971678,0.7116348419400628
2,8.36243503102226,1.7297478161607085,0.7853277160873257
2,7.108811351181639,1.1794271087586865,0.6920726091660333
2,7.8847484331374025,0.8816569006399256,0.7583509926665128
2,6.099123820195739,1.0635013037055807,0.7589109004667575
2,6.099123820195739,1.0635013037055807,0.7589109004667575
2,6.664533341869295,1.0266782160777495,0.7273255592949539
2,7.713509607585136,1.2027110036738322,0.6862486944955001
2,6.178057195738977,1.1426567680811885,0.7931739435779045
2,6.670254726268098,1.1773477751325303,0.7289541044356405
2,8.737290238387054,2.0663217724852574,0.7197634802685507
2,8.737290238387054,2.0663217724852574,0.7197634802685507
2,8.737290238387054,2.0663217724852574,0.7197634802685507
2,8.737290238387054,2.0663217724852574,0.7197634802685507
2,8.737290238387054,2.0663217724852574,0.7197634802685507
2,8.737290238387054,2.0663217724852574,0.7197634802685507
2,8.737290238387054,2.0663217724852574,0.7197634802685507
2,8.737290238387054,2.0663217724852574,0.7197634802685507
2,8.737290238387054,2.0663217724852574,0.7197634802685507
2,8.737290238387054,2.0663217724852574,0.7197634802685507
2,7.485070765030234,1.5004497652506328,0.6870478567188644
2,7.83600699783659,1.4317486713116887,0.731088564994696
2,7.83600699783659,1.4317486713116887,0.731088564994696
2,6.275580234262406,1.0453455118110198,0.7699074305051231
2,7.852801527023498,1.2437486708683942,0.6657766813861988
2,6.3597364222547075,1.4279571874378383,0.7065623929858994
2,6.3597364222547075,1.4279571874378383,0.7065623929858994
2,6.1425683250930305,1.182590239510513,0.7306230350660419
2,6.1425683250930305,1.182590239510513,0.7306230350660419
2,6.880978078236927,1.622625635017449,0.7197409060549151
2,6.880978078236927,1.622625635017449,0.7197409060549151
2,7.002675510783067,1.6761800197100556,0.7067692262277772
2,6.709812427019372,1.6513798119933796,0.6754294851040727
2,6.178071236499711,1.3866959972216437,0.6924896676801984
2,7.964169298195691,1.1343011883927552,0.7394227039384749
2,5.408873492365979,0.9013147568301784,0.7087611663370454
2,6.687595506392529,0.8375975196128307,0.6977870080075729
2,6.687595506392529,0.8375975196128307,0.6977870080075729
2,6.687595506392529,0.8375975196128307,0.6977870080075729
2,6.687595506392529,0.8375975196128307,0.6977870080075729
2,8.468111025239974,1.059828201493168,0.7583492197141011
2,6.10131610482659,0.8353317352772058,0.6787734715146861
2,6.27729233024377,1.0448914925447563,0.7317415543188849
2,6.27729233024377,1.0448914925447563,0.7317415543188849
2,6.27729233024377,1.0448914925447563,0.7317415543188849
2,6.432685904695905,1.1842747908564717,0.6620478338851878
2,7.689648368342309,2.0282583800141785,0.7613020366328765
2,7.689648368342309,2.0282583800141785,0.7613020366328765
2,10.47605766881337,2.1195170118770763,0.6401121972164969
2,9.799339977153313,2.042049609047808,0.6237789097698412
2,8.742489232207037,1.0276036909050095,0.6711012184142463
2,5.215388163416242,0.7410736771248269,0.7075713314564601
2,5.215388163416242,0.7410736771248269,0.7075713314564601
2,6.348609549850249,0.6560546116594864,0.5676585925371231
2,6.100118602857469,0.5872604696334075,0.6634047094427049
2,5.4406228923066555,0.5784323138834259,0.7498245353169856
2,8.322713078314326,0.8084355224616209,0.7053065225765587
2,7.738693566813296,1.2195634378949247,0.7239169078631089
2,5.94307368683189,1.1318447283437483,0.6550459028612613
2,7.212072588417208,0.8562643044106928,0.7241065010607864
2,5.9182383856553225,0.7933272630208763,0.745723036398528
2,7.8728509274690115,0.8353403769133303,0.7038390454705062
2,6.073824637402032,1.2464163270511475,0.7602348498831891
2,7.7268750779026325,1.3625906652121305,0.6968762141605899
2,7.7268750779026325,1.3625906652121305,0.6968762141605899
2,7.623725572552945,1.0575813770314986,0.7216292182998737
2,8.87390515427874,2.8502482035212267,0.6336146346992944
2,7.827910729047623,2.927182351140645,0.7352929878173861
2,7.726973604136368,1.3840435930451735,0.6370330074591282
2,7.563487433487483,0.8766874069631998,0.7336103553626784
2,7.6353695845922385,1.1274206821241093,0.6875275873532175
2,6.184341193776474,0.8500919470556636,0.7414968804116074
2,6.464757750831919,0.77201664727233,0.790640619863951
2,10.722400748571,1.790129047439539,0.6821256347797132
2,10.327318632557018,2.5413500938429565,0.6725428192804209
2,10.289445483550834,2.1941406860574,0.713660037364928
2,8.168567209043504,1.9697094115896905,0.7070079353985566
2,6.613207161306627,1.5478698834969162,0.7840462500189777
2,6.613207161306627,1.5478698834969162,0.7840462500189777
2,6.613207161306627,1.5478698834969162,0.7840462500189777
2,6.613207161306627,1.5478698834969162,0.7840462500189777
2,6.613207161306627,1.5478698834969162,0.7840462500189777
2,6.613207161306627,1.5478698834969162,0.7840462500189777
2,7.887285760909575,1.573747197266599,0.6668213389660557
2,7.312325263731195,2.3230051232211784,0.6755499630059373
2,8.163927644320722,2.3544907814567937,0.6919945984841592
2,8.163927644320722,2.3544907814567937,0.6919945984841592
2,8.163927644320722,2.3544907814567937,0.6919945984841592
2,7.864880296910215,1.9449286999679747,0.7296420672303577
2,7.864880296910215,1.9449286999679747,0.7296420672303577
2,7.864880296910215,1.9449286999679747,0.7296420672303577
2,8.860124939153398,2.195619899329098,0.7760942627462418
2,8.860124939153398,2.195619899329098,0.7760942627462418
2,5.637296895563738,0.803902692414979,0.783187340160966
2,7.015989031494123,1.1835419803185858,0.701791398152259
2,7.642955866948776,2.061891048128534,0.7231868820244505
2,7.642955866948776,2.061891048128534,0.7231868820244505
2,7.35838510413584,1.7003322778593795,0.761671134019356
2,7.103700808703262,1.7018058723921412,0.7306365305398755
2,7.103700808703262,1.7018058723921412,0.7306365305398755
2,7.813232998196666,1.594212617315674,0.680673571563256
2,6.663259798774322,1.6291629837286428,0.756346901528466
2,7.860507064485107,2.334371880484475,0.75243518688538
2,7.860507064485107,2.334371880484475,0.75243518688538
2,7.860507064485107,2.334371880484475,0.75243518688538
2,7.860507064485107,2.334371880484475,0.75243518688538
2,7.860507064485107,2.334371880484475,0.75243518688538
2,8.360312097534072,1.3846800640177046,0.7225190426708653
2,8.360312097534072,1.3846800640177046,0.7225190426708653
2,8.360312097534072,1.3846800640177046,0.7225190426708653
2,7.292223585015346,1.0689914091431394,0.7077687234370159
2,5.6971530548857325,0.9239416830667031,0.8082188560438592
2,7.284609267237173,0.8729769020707501,0.7448675159872864
2,5.002628861467716,0.7176785915985213,0.702026929179871
2,6.273803881325509,0.6213790840696375,0.6674260806601837
2,6.31726658148562,0.7887109346319281,0.7024538552756924
2,6.31726658148562,0.7887109346319281,0.7024538552756924
2,7.297440778345687,1.1128655249250197,0.6238076158094708
2,5.940726865446902,0.9961064484219633,0.6837182068437063
2,5.940726865446902,0.9961064484219633,0.6837182068437063
2,5.825925758207558,0.9818003118516678,0.682053806289715
2,4.915080628529893,0.7556803221417998,0.7122540464887914
2,6.2303832252416615,0.8296418637682743,0.8003977649817904
2,6.453336589941726,1.4881088311036832,0.7903089660214392
2,6.453336589941726,1.4881088311036832,0.7903089660214392
2,7.372715204787477,2.1240891751217856,0.60513993034545
2,5.409147553687749,1.3176522653085787,0.6282877320815148
2,8.178191016551114,2.799222246727759,0.7955101218867363
2,6.1956013171775925,1.4609568405757194,0.8179329778056166
2,9.493075110720506,2.2547349746804706,0.7453476677099735
2,8.86411609014101,1.4063965883125606,0.7262995924020844
2,8.86411609014101,1.4063965883125606,0.7262995924020844
2,6.6791877384769345,1.0447852247879625,0.7141856887594775
2,6.6791877384769345,1.0447852247879625,0.7141856887594775
2,6.6791877384769345,1.0447852247879625,0.7141856887594775
2,6.603593041857423,1.3357797081911706,0.7339588510787938
2,7.642796548132842,1.5725316443674722,0.7181409638474348
2,7.9149400684521565,1.4887229448162476,0.6463386580974564
2,6.754353848282629,1.6031620199710166,0.6992674353013753
2,6.28641861508293,1.0569558565823436,0.6713209084827501
2,5.4784086457574475,0.8460358233818781,0.646924930311037
2,6.191741067287704,0.8805927330979499,0.6525721781921358
2,6.191741067287704,0.8805927330979499,0.6525721781921358
2,6.091571081388717,0.6576121040907105,0.6734168589180062
2,6.091571081388717,0.6576121040907105,0.6734168589180062
2,6.280947919679028,0.7489449276966103,0.7010903986156722
2,7.841723422604945,1.948738127842889,0.7597653182324178
2,7.344800895024656,2.1471025797268366,0.7506520775207711
2,7.344800895024656,2.1471025797268366,0.7506520775207711
2,6.929623923339464,1.281913080479009,0.7543989845602533
2,8.037250014964602,1.0243309986533706,0.6457903262213085
2,6.751222473851985,0.8159752097322652,0.7241256142651834
2,7.097757468826926,1.0409209923757445,0.746671755820502
2,6.104290063587449,1.1262187732598627,0.7494262248818568
2,6.1713136669061,0.7763128505730957,0.707628611388834
2,6.453189811327576,0.8636000769691026,0.7313485563865434
2,6.453189811327576,0.8636000769691026,0.7313485563865434
2,7.808887556858149,0.8370618557379513,0.7132201236786501
2,7.808887556858149,0.8370618557379513,0.7132201236786501
2,7.50219071432968,1.3162599328199196,0.7922317962988071
2,7.521374832723129,1.3968334738377908,0.7688206821526262
2,7.030378004090324,1.2311670357571245,0.7369626729206709
2,5.887110929391261,1.0091077050795128,0.768958215151772
2,6.81667735390052,0.6535284148117066,0.7946861632525966
2,5.850427117325551,0.5271849888151747,0.7435076078525735
2,6.3416955332279805,0.5186195915066294,0.6711124691387279
2,6.3416955332279805,0.5186195915066294,0.6711124691387279
2,6.61453085569119,0.5112043143280599,0.7793532306040389
2,5.689206458688606,0.5146900116269911,0.7946353759698918
2,8.200250943002043,0.5159107528657716,0.7137634375507181
2,6.939045187051006,0.512017516916058,0.7681572590643544
2,5.628660834936181,0.5104202269089141,0.6305252695196583
2,7.112978845614295,0.5190397481881547,0.728562125776632
2,7.112978845614295,0.5190397481881547,0.728562125776632
2,8.367722133392471,0.5364178330759404,0.6721633078704914
2,7.552894709876686,0.5237029546304837,0.672380856880767
2,5.734867010681983,0.5042220698768448,0.7316924167020585
2,5.821565419989143,0.5033377533724923,0.6705289579445048
2,5.821565419989143,0.5033377533724923,0.6705289579445048
2,5.821565419989143,0.5033377533724923,0.6705289579445048
2,5.37457109588121,0.5061438974746255,0.7467831751435376
2,5.37457109588121,0.5061438974746255,0.7467831751435376
2,4.864994166873732,0.505575379385081,0.7595750570099747
2,4.504527022106288,0.5117689654529263,0.7233985648048504
2,4.614327275401898,0.5258179790179742,0.7586807231460916
2,5.501076861743184,0.5845416725870517,0.7739497229283333
2,6.3574535713803675,0.6910286630504113,0.6796689453067699
2,6.289336773768502,0.9002427966004304,0.6552942520031307
2,7.8779656440186585,1.0778516454023845,0.6220870634439943
2,5.386439085302497,0.9721409076853904,0.7550704613405919
2,5.386439085302497,0.9721409076853904,0.7550704613405919
2,8.049691196690166,2.074285997760585,0.7099668525087808
2,8.049691196690166,2.074285997760585,0.7099668525087808
2,8.049691196690166,2.074285997760585,0.7099668525087808
2,8.049691196690166,2.074285997760585,0.7099668525087808
2,8.049691196690166,2.074285997760585,0.7099668525087808
2,6.131763840378543,1.273502803729274,0.7027357639725073
2,8.156234760944962,2.0845994031204773,0.7673478487105237
2,5.4451926392596075,0.7719467953806702,0.7122068323541051
2,7.026830923647436,0.8714025332832099,0.6293481217799093
2,7.026830923647436,0.8714025332832099,0.6293481217799093
2,7.967302152964706,0.8780344932629975,0.681721322112302
2,7.967302152964706,0.8780344932629975,0.681721322112302
2,5.247776614221112,0.7540154621639559,0.6896713203154138
2,4.784540925746505,0.6978213672515179,0.748545710580164
2,4.784540925746505,0.6978213672515179,0.748545710580164
2,4.784540925746505,0.6978213672515179,0.748545710580164
2,7.446946219314898,1.7312428769611408,0.6932035507807929
2,8.720605344623351,0.9003094142266621,0.7118809929234857
2,9.112544091241004,1.4453683818697747,0.6418971955947441
2,8.170440002014699,1.0641718296253093,0.650202348451195
2,8.170440002014699,1.0641718296253093,0.650202348451195
2,8.170440002014699,1.0641718296253093,0.650202348451195
2,6.843224567784087,1.0607936109475335,0.6941321769513635
2,5.972837278163352,1.4531892675250184,0.7416277233441562
2,5.972837278163352,1.4531892675250184,0.7416277233441562
2,5.972837278163352,1.4531892675250184,0.7416277233441562
2,5.407597285259535,1.1907314303388548,0.7202317611723131
2,7.358230028251675,1.563639300813799,0.7318734558789026
2,7.092031599306246,1.3052449728927493,0.6512160324850991
2,7.092031599306246,1.3052449728927493,0.6512160324850991
2,6.121321487672648,1.259156480260641,0.7533824585283986
2,6.456463876632154,1.1357045455269321,0.7035071548125231
2,6.456463876632154,1.1357045455269321,0.7035071548125231
2,7.272511451483905,0.8469818994284541,0.6683576528588089
2,9.363150014568946,1.8646839298053794,0.680902453647624
2,8.664312634816635,1.537921334950091,0.6491620732349616
2,8.433932496968538,0.8738238568697605,0.7702257976588096
2,7.838636920431089,1.512446532068571,0.7841575738205426
2,7.010466027695822,2.783019096369168,0.7374608095718759
2,7.010466027695822,2.783019096369168,0.7374608095718759
2,5.72989297822512,0.8823318950756919,0.7631188738540224
2,8.298812250947165,0.8907368306714227,0.7267035197039814
2,5.203317703546777,0.738173644371719,0.6534775777217934
2,5.658428489157327,0.8163446764667177,0.7717739816905664
2,6.679167185347443,0.8050151514182526,0.6731355205872593
2,6.679167185347443,0.8050151514182526,0.6731355205872593
2,6.679167185347443,0.8050151514182526,0.6731355205872593
2,7.623497984184906,1.350280299443932,0.7027960717400505
2,8.346268204048934,1.4062599207646738,0.7097254420384742
2,7.280651779933179,1.328599521676547,0.7506618317231739
2,7.413989706108665,0.9905558427970336,0.6321461805659546
2,7.071550120768358,1.0171980848924134,0.6868021719812927
2,7.071550120768358,1.0171980848924134,0.6868021719812927
2,6.845235746782021,1.8381646764504918,0.6749658336040919
2,6.845235746782021,1.8381646764504918,0.6749658336040919
2,7.272327265603392,1.6092585662112633,0.7087063926886633
2,7.272327265603392,1.6092585662112633,0.7087063926886633
2,8.731205208730092,1.699924898006875,0.6696674526399826
2,6.847983397033704,1.4217040386835105,0.704827669387275
2,6.847983397033704,1.4217040386835105,0.704827669387275
2,7.936939842388206,1.4893923062690204,0.6828929604752004
2,7.936939842388206,1.4893923062690204,0.6828929604752004
2,7.936939842388206,1.4893923062690204,0.6828929604752004
2,7.820531807720157,1.0920675166326235,0.7618063790650457
2,7.8278762834954865,1.799850734208108,0.7843912481064084
2,7.8278762834954865,1.799850734208108,0.7843912481064084
2,6.051657424728279,0.9589805439946171,0.8441378101078633
2,6.714173526595265,0.9282061406282321,0.7778814363705082
2,5.759785505049402,1.0107824756996258,0.8172744291840927
2,9.085009238910315,1.2947262777612867,0.7031410624959117
2,9.549640060817575,2.0158442687660907,0.6389006227777224
2,7.495527328995589,1.9721227718464593,0.7555143953528648
2,7.495527328995589,1.9721227718464593,0.7555143953528648
2,8.85711006434233,1.8866633584304686,0.6970374261704213
2,8.85711006434233,1.8866633584304686,0.6970374261704213
2,7.20482093144917,1.7135755972175626,0.740189740057044
2,7.20482093144917,1.7135755972175626,0.740189740057044
2,6.737032718468848,1.6893779399280897,0.6125196265496465
2,8.415690336289861,1.6443731550077334,0.6942416309664357
2,9.300780566412799,2.1328129492333145,0.6975490117700042
2,9.300780566412799,2.1328129492333145,0.6975490117700042
2,9.300780566412799,2.1328129492333145,0.6975490117700042
2,9.300780566412799,2.1328129492333145,0.6975490117700042
2,9.300780566412799,2.1328129492333145,0.6975490117700042
2,5.724237129059598,0.9192569534780466,0.6712164176687503
2,8.440589709257445,1.5040358409302443,0.6665899590492618
2,5.90933790378767,1.1876812567735953,0.7178598630739347
2,5.678925154107951,1.3591572880379708,0.6927996354809449
2,5.678925154107951,1.3591572880379708,0.6927996354809449
2,7.077049412059201,1.542076586801521,0.6621986475837073
2,6.565660487235603,0.7690430152062344,0.7140012788053385
2,6.884050785973206,0.6776164352877152,0.7184669780132907
2,6.884050785973206,0.6776164352877152,0.7184669780132907
2,7.462019390184782,1.1468740381095794,0.6755652838443341
2,7.935956915004552,1.5405215327676132,0.6198688313195394
2,7.935956915004552,1.5405215327676132,0.6198688313195394
2,8.47866269391455,1.525315954628586,0.712409742937576
2,8.023530040032167,2.328986489397312,0.7418473385303114
2,7.507709567054898,1.6307959070751532,0.636696251750452
2,7.507709567054898,1.6307959070751532,0.636696251750452
2,6.762598452687545,1.5880209051458154,0.6562966797477645
2,6.762598452687545,1.5880209051458154,0.6562966797477645
2,7.784135144925433,1.920832900750883,0.7316462731279564
2,8.943658960698734,1.6912051232700673,0.6057137421364519
2,5.219822686348571,1.452831718019885,0.7554824950238677
2,6.397559459871266,1.0366114943950522,0.7738135798465006
2,9.764030329648026,1.9781826546429397,0.7339266687394864
2,9.764030329648026,1.9781826546429397,0.7339266687394864
2,9.764030329648026,1.9781826546429397,0.7339266687394864
2,9.764030329648026,1.9781826546429397,0.7339266687394864
2,7.901395865479003,1.9323601103074117,0.6755677474682882
2,7.746717698019577,2.0764018952135084,0.6721870104615171
2,6.42825520270809,1.1351917005263013,0.6756999278117064
2,6.78581339595481,2.0081453409766254,0.763425477176914
2,8.80547347053573,1.5172667789202852,0.741837319804932
2,7.202259010866745,0.9950743803776021,0.6906495213073283
2,6.9538704443336865,1.390264448879317,0.6585348673444449
2,7.662425852027299,1.491806058684999,0.7155892586320951
2,6.7760734641396905,1.3927923475992647,0.7216030622543297
2,6.7760734641396905,1.3927923475992647,0.7216030622543297
2,7.2795265284559125,1.7741739303252615,0.7410917800771755
2,7.2795265284559125,1.7741739303252615,0.7410917800771755
2,7.360934757804744,1.3875220876401746,0.7213402858394556
2,7.463467020383496,2.0028065860208852,0.7001911317339632
2,7.463467020383496,2.0028065860208852,0.7001911317339632
2,7.550849173864195,0.9370573677316534,0.7523575020691965
2,6.451832894796346,0.9107117220873571,0.6776619429647458
2,5.939226353440273,1.1218612393176253,0.6433693483380969
2,6.735631371797664,1.649112000684051,0.7801969016206421
2,6.9585372496376685,2.5053807145795997,0.7405175567851302
2,6.9585372496376685,2.5053807145795997,0.7405175567851302
2,6.9585372496376685,2.5053807145795997,0.7405175567851302
2,7.106724027490867,1.6030322811166515,0.8042598468996262
2,7.106724027490867,1.6030322811166515,0.8042598468996262
2,6.677826856420976,1.5612415236410047,0.8204656097337443
2,6.408779642106629,0.7512763027031082,0.7193285625544319
2,6.408779642106629,0.7512763027031082,0.7193285625544319
2,6.408779642106629,0.7512763027031082,0.7193285625544319
2,6.929112944409096,0.9596760248584049,0.6909244040168356
2,6.7535450578468526,1.8357812465293246,0.7089073863479182
2,7.5217813754635445,1.5971619623356317,0.7293351237491504
2,7.198267798441384,1.0551971348285787,0.6535004440451323
2,6.164162920602935,1.287714813870088,0.695809959280824
2,6.653624134088584,2.202894025212771,0.7040713378798471
2,7.9576161516047055,1.6100151303629646,0.755788748419894
2,7.9576161516047055,1.6100151303629646,0.755788748419894
2,7.391469334839582,1.0580407138391394,0.6188705933678984
2,7.1240495415699385,1.1203319874489632,0.7662529146545959
2,7.538490146382083,1.2757202582193248,0.6721440497828036
2,7.225683651237007,1.2828091069474659,0.7567187419629443
2,6.4908149896270055,0.8921206374340527,0.6630940226510066
2,5.712750386902821,0.7138927196467719,0.7094995160109309
2,8.134484607868988,0.8412109390215953,0.6990501440807234
2,7.740510786098491,1.1374497417778087,0.6991353060469478
2,7.740510786098491,1.1374497417778087,0.6991353060469478
2,5.632039557446107,0.9548573361877698,0.6774569217728764
2,5.632039557446107,0.9548573361877698,0.6774569217728764
2,6.860986827535707,1.406360922859474,0.6569103596784472
2,6.860986827535707,1.406360922859474,0.6569103596784472
2,7.5699353738446336,1.5247911283687965,0.7207147934745668
2,7.5699353738446336,1.5247911283687965,0.7207147934745668
2,7.5699353738446336,1.5247911283687965,0.7207147934745668
2,7.5699353738446336,1.5247911283687965,0.7207147934745668
2,7.5699353738446336,1.5247911283687965,0.7207147934745668
2,9.50858063895239,1.2781928520862995,0.7047362480194128
2,9.809479465480361,1.7418199934614564,0.6843741459378041
2,9.529749224209935,1.349518574091635,0.7430732533167392
2,6.814221403479426,0.8956804116454241,0.7149479499061298
2,7.4936682359252,0.7552994840546763,0.7152538378127943
2,6.619244939503045,0.9215030384518144,0.7308913670536845
2,6.619244939503045,0.9215030384518144,0.7308913670536845
2,6.666246602843939,0.9144606028010166,0.7141686841338304
2,6.682563722505708,1.3641864406614477,0.744138946313948
2,7.0830969875024055,0.8887861342984231,0.6971441695650434
2,7.0830969875024055,0.8887861342984231,0.6971441695650434
2,7.0830969875024055,0.8887861342984231,0.6971441695650434
2,7.0830969875024055,0.8887861342984231,0.6971441695650434
2,7.0830969875024055,0.8887861342984231,0.6971441695650434
2,7.0830969875024055,0.8887861342984231,0.6971441695650434
2,7.46419477830793,0.7936935844134991,0.6901656138304177
2,7.46419477830793,0.7936935844134991,0.6901656138304177
2,6.964247003259054,0.9678813989515165,0.6745944896409118
2,6.803360253223021,1.2715983025448194,0.7128461921807999
2,6.803360253223021,1.2715983025448194,0.7128461921807999
2,6.542407440855081,1.0682478138909386,0.74024834972687
2,6.542407440855081,1.0682478138909386,0.74024834972687
2,7.261664821547521,1.112115783073274,0.7147492619678306
2,6.7977206995878205,1.2499246048611679,0.7049437377574027
2,6.238644435506492,1.6324315743011315,0.7733425958661875
2,5.952010798131356,1.75454071730338,0.7119752236865077
2,6.260065117704209,1.3721257645106257,0.7659631803353766
2,7.863557046049261,1.2944110379765927,0.7105074409498693
2,8.202729820542078,1.648774628593853,0.7168366194533763
2,7.935199135639209,1.807851662511701,0.6844063621009835
2,7.3203562243333336,1.2363046247098524,0.703976834298969
2,7.058975234836985,2.035659934205449,0.7545042940151875
2,6.463367549126035,1.7350175319803942,0.7228790994096435
2,6.293169515023199,1.2447355759610377,0.7781206428016012
2,6.071981787452745,1.054733460088398,0.7387315565693059
2,7.341473290830499,1.339193250172483,0.6826739704701298
2,7.341473290830499,1.339193250172483,0.6826739704701298
2,7.341473290830499,1.339193250172483,0.6826739704701298
2,6.707387293509776,1.8931385115236354,0.6919534103207764
2,6.775570331089958,1.7675761237289231,0.7393038383459141
2,6.645564282559387,1.439152343760414,0.7929705871902393
2,6.429114529246481,0.926504468934962,0.669173857470135
2,8.95388795034015,1.1824935754759078,0.6337618212339484
2,8.95388795034015,1.1824935754759078,0.6337618212339484
2,6.613611910433668,0.7087589933305052,0.6710073456404364
2,6.764874464823771,0.7111382123543059,0.7450047992760701
2,8.919784548197999,0.9181403123170591,0.8067979783723526
2,9.939262589290644,1.3555055034793408,0.7695389815162771
2,9.446740458469451,1.15343158886151,0.7334680669700301
2,9.9062997348855,2.4741964266220284,0.6923247628811146
2,9.9062997348855,2.4741964266220284,0.6923247628811146
2,9.200203387283524,2.8455857122749126,0.6781187989880791
2,6.139326398368029,1.1775098395371568,0.8138857819416115
2,6.580532122664497,1.1052450300494367,0.8053895422415553
2,6.665355644922591,1.7445058623790826,0.7035131900501788
2,5.681556481848406,1.5043154547046866,0.7120998698070959
2,6.262371855216023,1.1927618527479427,0.773232143888711
2,6.262371855216023,1.1927618527479427,0.773232143888711
2,6.262371855216023,1.1927618527479427,0.773232143888711
2,5.781945003272609,0.7424209649159419,0.6795337816325594
2,6.6745734509960695,0.6849573747123714,0.771648517446956
2,6.6745734509960695,0.6849573747123714,0.771648517446956
2,6.269946903632928,0.8154637259827305,0.8287861028590635
2,5.722554718543044,0.5681536553493775,0.6742974989916165
2,4.83179664971674,0.5421199334697392,0.707675775995722
2,5.725464289726593,0.5548292947374827,0.6873885716636311
2,5.725464289726593,0.5548292947374827,0.6873885716636311
2,5.075062893314976,0.5415030285182963,0.7928616660415357
2,5.952265613636741,0.5537179149785425,0.7166256677413564
2,5.732651770425091,0.5355412882300192,0.6783489329468053
2,7.065640728750745,0.5554958778753903,0.7397413116045588
2,8.08675833702388,0.6197411516215464,0.7366537922554498
2,8.08675833702388,0.6197411516215464,0.7366537922554498
2,7.7040183750062,0.6672985470765189,0.7238984687227114
2,8.24606200342843,1.6197407766502296,0.6458467170648672
2,6.50844244362623,0.7414847963789787,0.7631237301521194
2,5.6328417122777985,0.691299692021865,0.7340625526311265
2,5.6328417122777985,0.691299692021865,0.7340625526311265
2,6.261038969574668,0.6656529178839674,0.7092531895953672
2,6.261038969574668,0.6656529178839674,0.7092531895953672
2,5.5521451274985925,0.6752250560110257,0.6825581722492281
2,6.114946007982853,0.6663832028827233,0.6852827271016675
2,6.0399123628790985,1.0382661727314226,0.754400221602641
2,6.0399123628790985,1.0382661727314226,0.754400221602641
2,4.753620266515263,0.7609043647988192,0.7864704161802902
2,4.514044822427882,0.5865335633322202,0.7620547442367891
2,5.686624194761578,0.549629578906949,0.7400557101086257
2,5.35474279345755,0.5419046727119985,0.7108081432897141
2,5.367546638810198,0.5563910081039838,0.7678479475370107
2,6.057346136467969,0.6692934331947291,0.672785412290602
2,5.382477770869899,0.6337982888818902,0.8016266359851983
2,6.203208084640608,1.540912883837118,0.7283560795393721
2,6.203208084640608,1.540912883837118,0.7283560795393721
2,7.185712251645949,1.5886635090041863,0.6756325294764988
2,9.458158791414675,1.7623044057367845,0.6995488326494902
2,8.147124686930338,1.618531127155109,0.7368599715115955
2,8.147124686930338,1.618531127155109,0.7368599715115955
2,8.147124686930338,1.618531127155109,0.7368599715115955
2,8.147124686930338,1.618531127155109,0.7368599715115955
2,8.147124686930338,1.618531127155109,0.7368599715115955
2,7.868072379520877,1.1132127183786165,0.721634845662856
2,7.868072379520877,1.1132127183786165,0.721634845662856
2,7.868072379520877,1.1132127183786165,0.721634845662856
2,6.9268712130485675,0.9552980953220482,0.7891861715481434
2,6.925218953672407,1.7516485099966346,0.7414543880894153
2,6.925218953672407,1.7516485099966346,0.7414543880894153
2,6.189338949044398,1.1164011442618398,0.6914889741665416
2,5.5707458167946555,1.142382253004957,0.6635574122008088
2,5.519247374713571,0.6430544167525628,0.7122048649029464
2,8.138089878702617,0.6533290771668376,0.7113980093445358
2,8.138089878702617,0.6533290771668376,0.7113980093445358
2,7.581222726976986,0.7497455934784135,0.6723818144138093
2,7.581222726976986,0.7497455934784135,0.6723818144138093
2,7.581222726976986,0.7497455934784135,0.6723818144138093
2,9.53077016681123,1.3698568487700582,0.7134751581665737
2,9.004980027188278,1.4232402476436978,0.7433072507236587
2,9.004980027188278,1.4232402476436978,0.7433072507236587
2,7.256525163891264,1.0017926525808023,0.783858395243441
2,6.477326504627052,1.4135486839729268,0.7897633459215934
2,6.477326504627052,1.4135486839729268,0.7897633459215934
2,8.90769852245014,2.3092755078535836,0.6593997031258528
2,9.187581967222947,1.885022256004539,0.7129174614722823
2,9.187581967222947,1.885022256004539,0.7129174614722823
2,6.433089764987071,1.0658947216840386,0.7016337068692332
2,7.304814011381453,1.2594259270712718,0.7455410965556601
2,8.26294955956953,1.3325606194684787,0.6183356099738497
2,9.791758862722395,1.7115045565180205,0.7131668381024308
2,7.6960989242284645,1.390984755218434,0.7614749148980332
2,6.7152220575058434,0.9139144552068281,0.7375208968570193
2,6.945918641898163,0.9987772020824968,0.7806610373030469
2,6.661622788470074,1.5363233019394595,0.7612510975983986
2,7.140059190482978,1.4231559633464306,0.7330074832827091
2,8.228986899156231,2.2489351522207883,0.6989860809144518
2,8.228986899156231,2.2489351522207883,0.6989860809144518
2,7.8510431643178284,2.3377788270157707,0.730217347375582
2,6.540046040594323,1.263486816729091,0.7236381369478057
2,6.540046040594323,1.263486816729091,0.7236381369478057
2,8.606784659082527,1.612586372293074,0.6806178397805849
2,8.606784659082527,1.612586372293074,0.6806178397805849
2,8.606784659082527,1.612586372293074,0.6806178397805849
2,9.991978756168837,1.119169598858004,0.687830826427338
2,5.400878843965109,0.9609858457388452,0.6864219919230727
2,6.647425110140285,0.7364534479531666,0.7978551087385485
2,5.036145519165683,0.7673285207797786,0.7453475676861869
2,4.842949218022524,0.8405947323363829,0.7082983348013021
2,6.8376193161624155,0.9158730638916204,0.7198716533441898
2,6.36610807965452,1.0330608881449455,0.7081762991443586
2,6.8095829663249585,0.9065989033483414,0.6959157022987942
2,9.526211579393033,1.822137038505096,0.6606175954363159
2,9.526211579393033,1.822137038505096,0.6606175954363159
2,7.7579821772352116,1.8516458954460355,0.7727735466600919
2,7.702481507782165,1.1394971692385836,0.7879697642229453
2,8.074973662779009,1.0675315159829537,0.7126833630675651
2,6.662376317360426,1.2357980338451031,0.7119057306755295
2,7.849929729876079,1.9437929079069678,0.6893850127901326
2,7.849929729876079,1.9437929079069678,0.6893850127901326
2,7.671346411578781,1.00765505378745,0.716116295240472
2,7.289788570600001,1.3926767582370436,0.7025201234608515
2,7.289788570600001,1.3926767582370436,0.7025201234608515
2,6.065453655353141,1.1486288335931327,0.7306029790815833
2,6.365373112146351,1.6595575385235404,0.6803757230559869
2,9.821587267444038,2.010983753468904,0.713468524093929
2,9.821587267444038,2.010983753468904,0.713468524093929
2,9.821587267444038,2.010983753468904,0.713468524093929
2,7.868026155758608,1.248188163756573,0.7498873667380375
2,7.285120510755923,1.003113595137682,0.7444812248832282
2,5.807940108796629,1.0918978078222494,0.6819880979601478
2,5.67806549510936,0.9382134174093253,0.6156731272847934
2,5.67806549510936,0.9382134174093253,0.6156731272847934
2,5.957612435384516,0.6054482328911314,0.6269181934199927
2,6.67366773500035,0.6221614076063822,0.7733173533033306
2,6.67366773500035,0.6221614076063822,0.7733173533033306
2,6.978173502541848,0.8808886766395025,0.6672471167350393
2,6.978173502541848,0.8808886766395025,0.6672471167350393
2,6.978173502541848,0.8808886766395025,0.6672471167350393
2,6.978173502541848,0.8808886766395025,0.6672471167350393
2,6.978173502541848,0.8808886766395025,0.6672471167350393
2,8.372701177602385,2.0430032239894693,0.8064551643406359
2,8.560805542384937,2.0890018958371677,0.7826465096501187
2,8.560805542384937,2.0890018958371677,0.7826465096501187
2,8.560805542384937,2.0890018958371677,0.7826465096501187
2,8.560805542384937,2.0890018958371677,0.7826465096501187
2,8.57739921188286,2.0234237238598167,0.7873993667489159
2,6.683852027250466,1.7446045676964541,0.7443081494226775
2,6.683852027250466,1.7446045676964541,0.7443081494226775
2,6.683852027250466,1.7446045676964541,0.7443081494226775
2,6.683852027250466,1.7446045676964541,0.7443081494226775
2,8.330460795034078,1.6772385789247843,0.7071880520982965
2,9.444124886360578,2.5225707018892263,0.7116978207610611
2,6.197876760075017,1.5004109892770574,0.7648313391290121
2,6.197876760075017,1.5004109892770574,0.7648313391290121
2,6.197876760075017,1.5004109892770574,0.7648313391290121
2,6.22348421753407,1.3516854131278422,0.7398469469007112
2,6.22348421753407,1.3516854131278422,0.7398469469007112
2,6.22348421753407,1.3516854131278422,0.7398469469007112
2,6.22348421753407,1.3516854131278422,0.7398469469007112
2,6.1625361261473675,1.8566368057526141,0.6729187293052453
2,6.162699673746234,1.1694700313989006,0.7787109966359332
2,6.162699673746234,1.1694700313989006,0.7787109966359332
2,6.444197350574142,0.8379132881673969,0.7591961948695121
2,6.444197350574142,0.8379132881673969,0.7591961948695121
2,7.296466526581368,1.1371598663844193,0.7183540349914651
2,7.296466526581368,1.1371598663844193,0.7183540349914651
2,7.167454097248783,1.1178749007520048,0.7471517466699767
2,7.167454097248783,1.1178749007520048,0.7471517466699767
2,7.167454097248783,1.1178749007520048,0.7471517466699767
2,7.167454097248783,1.1178749007520048,0.7471517466699767
2,7.167454097248783,1.1178749007520048,0.7471517466699767
2,7.167454097248783,1.1178749007520048,0.7471517466699767
2,6.988206497590647,1.8330672352418893,0.7063175192933633
2,6.988206497590647,1.8330672352418893,0.7063175192933633
2,6.988206497590647,1.8330672352418893,0.7063175192933633
2,6.988206497590647,1.8330672352418893,0.7063175192933633
2,6.988206497590647,1.8330672352418893,0.7063175192933633
2,7.575959143916481,1.235306343079721,0.6855989088367453
2,7.625535456178735,1.158152958165984,0.7287149346038235
2,7.528293054937503,1.6132382942832937,0.7142645317061574
2,7.867845694445517,1.1745420978292453,0.6834452886315916
2,7.191990315107123,1.2612362222773785,0.7346611196358979
2,7.741883643919878,1.5090543750574732,0.653057780638805
2,7.741883643919878,1.5090543750574732,0.653057780638805
2,7.741883643919878,1.5090543750574732,0.653057780638805
2,7.741883643919878,1.5090543750574732,0.653057780638805
2,8.30168780500711,1.2060946713526892,0.7173017060034808
2,6.046749541915076,0.8791802521873118,0.667694039731581
2,6.012150051188013,1.173726762494507,0.7795886126713041
2,9.425751353453375,2.0919272591664475,0.7461541958488122
2,9.116622451762503,1.5752180786897765,0.6680041698373995
2,6.832631330071165,1.2796713753496465,0.702813167561421
2,6.832631330071165,1.2796713753496465,0.702813167561421
2,6.832631330071165,1.2796713753496465,0.702813167561421
2,6.832631330071165,1.2796713753496465,0.702813167561421
2,6.832631330071165,1.2796713753496465,0.702813167561421
2,8.105772269965584,2.01189799576621,0.7133702481189608
2,8.820086701344284,2.3160367190651456,0.7339713175018922
2,8.820086701344284,2.3160367190651456,0.7339713175018922
2,6.942058842642159,0.7469446885478317,0.6772550441329198
2,6.942058842642159,0.7469446885478317,0.6772550441329198
2,6.644364332167351,0.8903227028173453,0.6504989415152048
2,6.644364332167351,0.8903227028173453,0.6504989415152048
2,8.323374378352606,1.2183402558215084,0.6918083882786159
2,7.02119705157394,1.2859283103429653,0.7638668881429885
2,7.103983037148669,1.6961073029711773,0.7092030580471772
2,7.103983037148669,1.6961073029711773,0.7092030580471772
2,7.6527124386821095,1.4017231850760434,0.7081935804185241
2,7.940757589562861,1.5557565071745971,0.7202054122505508
2,7.040841932485483,0.8873034671049138,0.7280018699838756
2,7.040841932485483,0.8873034671049138,0.7280018699838756
2,7.425391274053233,0.8490983432872992,0.6697055811724856
2,5.557679050779557,0.7989801888975541,0.718957966080396
2,6.413744381839074,1.598747789179306,0.7713716696290904
2,6.413744381839074,1.598747789179306,0.7713716696290904
2,7.608241149206807,1.6725600677972463,0.7402077753988631
2,9.223956332765267,1.8090565022699652,0.7796371170286058
2,7.76466517610154,2.110985540281346,0.7090145277303196
2,5.977563598174555,1.8101371909152821,0.7288251732302611
2,5.977563598174555,1.8101371909152821,0.7288251732302611
2,7.764967319524112,1.71122734883362,0.8025833941775128
2,7.544447996046301,0.9621808316276468,0.7780121936344274
2,8.380901682118518,0.9478905280184934,0.7615840957861588
2,5.5256285529481755,0.8688286331237146,0.6826852067862584
2,5.5256285529481755,0.8688286331237146,0.6826852067862584
2,5.5256285529481755,0.8688286331237146,0.6826852067862584
2,5.715802018646384,0.6551527696938135,0.6678105414854831
2,4.982245136096725,0.7199085430335649,0.7264124583890673
2,5.428592443389952,0.703161999587876,0.7634547360395351
2,5.470234672605463,0.7323250267029984,0.7012106610291713
2,5.8985634781262215,0.7877053566447725,0.6926156083675029
2,6.575876140723297,0.7815904473934396,0.6985862360012942
2,7.143036356292346,1.1672382694142724,0.7796206873921712
2,7.143036356292346,1.1672382694142724,0.7796206873921712
2,7.409495578930805,2.0307352252602273,0.691305722174825
2,7.997299269665108,3.096067157687554,0.6615179194942037
2,6.918015597267827,1.88465797168367,0.8024020949769611
2,6.803097533888702,0.9366302888823872,0.7445734601645364
2,8.721216519429799,1.9833513130116696,0.7214078142287726
2,8.721216519429799,1.9833513130116696,0.7214078142287726
2,8.44617874713547,1.4102380420036065,0.6770262700330736
2,8.44617874713547,1.4102380420036065,0.6770262700330736
2,7.489389477638041,1.1667128007274215,0.6807835564514771
2,9.21862182963471,2.376898766590598,0.6722218280329961
2,9.21862182963471,2.376898766590598,0.6722218280329961
2,8.247513304364421,1.7521333993973744,0.650140013234548
2,7.4938750576717705,1.7724270468252077,0.6556939514721033
2,8.715494552301532,2.231537553986734,0.6673815070102824
2,7.466166155366339,2.0152709423962065,0.761018880280301
2,7.506059478887022,2.436157794543895,0.7073845580001873
2,5.378733734538596,1.0665380349823843,0.7059153081840228
2,7.275124191658626,1.5933816694723562,0.7213259847178147
2,7.908234462734537,2.153813365286192,0.7322818784687682
2,8.637785551685875,1.608626991114937,0.7362807443448816
2,8.065562746898221,1.6815561239976191,0.727845013171341
2,8.065562746898221,1.6815561239976191,0.727845013171341
2,6.7213488475893906,1.2559013161684391,0.7581265824042717
2,7.41500498415154,0.9145423653449921,0.7477162206372596
2,6.878386011345346,0.9411358669699603,0.7319132317440137
2,5.581267515614927,0.8912126705746639,0.7862106703428563
2,5.688188872993948,1.1193005188078122,0.707716086631499
2,7.7166750150656735,1.6795242612347252,0.6610608894046495
2,7.7166750150656735,1.6795242612347252,0.6610608894046495
2,7.7166750150656735,1.6795242612347252,0.6610608894046495
2,7.7166750150656735,1.6795242612347252,0.6610608894046495
2,7.7166750150656735,1.6795242612347252,0.6610608894046495
2,11.096999053432631,2.0026718048264693,0.664991719524237
2,11.48578265224047,1.525440864476831,0.6626834581472445
2,7.9270034074048015,1.5955940593693183,0.6696955730192151
2,8.709624753778073,1.7937379796392094,0.754046464014742
2,8.709624753778073,1.7937379796392094,0.754046464014742
2,8.709624753778073,1.7937379796392094,0.754046464014742
2,8.709624753778073,1.7937379796392094,0.754046464014742
2,8.709624753778073,1.7937379796392094,0.754046464014742
2,8.709624753778073,1.7937379796392094,0.754046464014742
2,6.307408538331789,2.25892077115265,0.6983723119949473
2,6.307408538331789,2.25892077115265,0.6983723119949473
2,7.3899587735532,2.080640752726084,0.5977832011005647
2,7.3899587735532,2.080640752726084,0.5977832011005647
2,9.594991705724958,2.107426250985104,0.7207329847475438
2,9.594991705724958,2.107426250985104,0.7207329847475438
2,9.594991705724958,2.107426250985104,0.7207329847475438
2,9.594991705724958,2.107426250985104,0.7207329847475438
2,9.594991705724958,2.107426250985104,0.7207329847475438
2,8.23133234460958,1.7753748003817378,0.7233915757009654
2,6.360659158530306,1.0623854761770806,0.8133202483150003
2,5.2812265184298886,0.8866255499204092,0.7532010946267189
2,5.921653547553162,1.2619292459841385,0.688514068928936
2,4.837623831042471,0.6783083627053665,0.7302952769455902
2,6.948861496102926,0.8065591007581263,0.7789748901052982
2,5.495924538827659,0.7275403101882336,0.7252628128474775
2,6.336236919526915,1.1702579710915164,0.6430480761618163
2,7.590821309732286,1.541014563553318,0.6691481184744938
2,8.195039817111534,1.7167671260291608,0.6691221164587451
2,8.195039817111534,1.7167671260291608,0.6691221164587451
2,7.456420301012241,1.3820398839879489,0.6315386369397843
2,6.861999578495217,1.3882097114495555,0.6046014625590768
2,6.086755201037884,1.2066734389185094,0.6799071775893059
2,7.848888898036467,1.2756069746751466,0.7457280525397998
2,7.848888898036467,1.2756069746751466,0.7457280525397998
2,7.95789810040966,1.9827504976020123,0.7844666174426523
2,7.95789810040966,1.9827504976020123,0.7844666174426523
2,7.085323974095268,2.0385814227489147,0.7884879101651363
2,6.98477925171795,2.23088892646655,0.7865417401783681
2,5.94009956310836,1.2915639502622245,0.7711351898121573
2,5.463134696444604,1.7494272254980654,0.7063715446240876
2,6.530234079329086,1.240167372951292,0.653278638729475
2,5.565410926127138,1.1244280330991114,0.7864271346364967
2,7.862961575106341,1.3606164807694525,0.6694057692904491
2,8.153341771369739,1.4163999612127482,0.7408624929776657
2,7.692980679880955,1.394769902290748,0.7224538273115105
2,6.441316350434383,0.9143813034205958,0.7303450531364494
2,6.441316350434383,0.9143813034205958,0.7303450531364494
2,6.772547840716792,0.7745959433681295,0.7905018612268842
2,6.389993990605081,0.991190367097265,0.7186386794404237
2,6.716403622281067,1.308430188807352,0.7549477564844066
2,6.687637337727025,1.1225569932962456,0.783634632384948
2,7.221649829352057,1.1045383802556525,0.6676581851089998
2,8.083403135149982,1.198788736287009,0.7126027505494577
2,8.083403135149982,1.198788736287009,0.7126027505494577
2,8.083403135149982,1.198788736287009,0.7126027505494577
2,8.083403135149982,1.198788736287009,0.7126027505494577
2,8.083403135149982,1.198788736287009,0.7126027505494577
2,8.115320229584983,1.2624738248726408,0.7278071667010995
2,6.272298105700328,1.090686871561749,0.7111013502393727
2,6.2257471384253655,1.5780272973050495,0.6392053989049012
2,6.315784601152435,0.8617900565640977,0.6936913608925753
2,7.564119616728425,1.1987828686752615,0.6882091169302815
2,7.4068398470575865,1.002038504035215,0.6797414280415809
2,5.8881721398322755,1.014131040051701,0.7587930556299808
2,7.941297214663432,1.7400963986503584,0.7378034823156131
2,7.941297214663432,1.7400963986503584,0.7378034823156131
2,7.941297214663432,1.7400963986503584,0.7378034823156131
2,7.941297214663432,1.7400963986503584,0.7378034823156131
2,7.941297214663432,1.7400963986503584,0.7378034823156131
2,8.720617307609128,1.7021848572534586,0.6725171570377214
2,6.908555479518057,1.088484370231534,0.698509474364798
2,6.908555479518057,1.088484370231534,0.698509474364798
2,6.908555479518057,1.088484370231534,0.698509474364798
2,7.3131787251054154,1.4995830227192206,0.7429567784004458
2,6.454186223160381,1.1999982951555435,0.7619631063479815
2,8.175656064060536,1.4148007062430912,0.7646693627675267
2,6.70642667041372,1.1920053426393669,0.7170959545094485
2,6.448584315340568,1.1691634997226754,0.62853555365362
2,7.569447349020293,1.579373070544563,0.709445196402435
2,7.569447349020293,1.579373070544563,0.709445196402435
2,7.569447349020293,1.579373070544563,0.709445196402435
2,7.569447349020293,1.579373070544563,0.709445196402435
2,7.569447349020293,1.579373070544563,0.709445196402435
2,7.569447349020293,1.579373070544563,0.709445196402435
2,7.569447349020293,1.579373070544563,0.709445196402435
2,6.299291706012316,2.1105845403288983,0.7311794273855122
2,7.67385807599458,1.3839649508661314,0.6373343384983375
2,7.749483976368835,1.126268608436314,0.7161844847524972
2,7.509731176901164,1.1551769952960478,0.6130703733000409
2,7.4241652719618845,0.9554759104973758,0.6166983698316877
2,6.423453811473287,0.6025532389188305,0.6286443886390044
2,6.425454011367871,0.5835502230809961,0.6510690575704096
2,6.573659746076585,0.6055190825063785,0.6299253654566531
2,8.434163224063767,0.9649190703989678,0.6707974098018502
2,8.489436437900672,1.366386244786149,0.7129563104565378
2,7.17713442191558,1.0517215721171214,0.7138470878319263
2,6.69878147965356,1.2243724060341634,0.7099242765073521
2,6.69878147965356,1.2243724060341634,0.7099242765073521
2,6.601727607514119,1.1023290762940856,0.6631194021021679
2,6.601727607514119,1.1023290762940856,0.6631194021021679
2,6.601727607514119,1.1023290762940856,0.6631194021021679
2,8.358578197201481,1.5234679323848161,0.6900040111171244
2,8.358578197201481,1.5234679323848161,0.6900040111171244
2,7.712471021897738,0.8797231635603263,0.736405005366196
2,7.540991507585751,0.886670888931463,0.7545575592159353
2,7.1882441008636135,0.963625709466376,0.6701571904514629
2,7.1882441008636135,0.963625709466376,0.6701571904514629
2,7.691468534276659,2.176941907830151,0.7208502083372623
2,7.691468534276659,2.176941907830151,0.7208502083372623
2,7.343692179392556,1.7199478981012009,0.7414113552010884
2,5.946334125037432,0.8909717963550614,0.7876693074108667
2,6.0940438876331084,0.8743695129372979,0.7523916534504855
2,6.1368284990951505,0.7003713430446931,0.6762202829577296
2,5.785742501751672,0.7959888872917424,0.682420840572862
2,6.824722906339892,0.7282778974488071,0.6335106142361254
2,6.527785657778473,0.7237106735711153,0.7088557345933906
2,6.172257643231821,0.7601580913596101,0.6353388546799854
2,6.793872023753083,0.7537262894410655,0.7247124853778637
2,6.793872023753083,0.7537262894410655,0.7247124853778637
2,6.352811096094802,0.605088028939542,0.7037389843024026
2,6.598357741545043,0.6909961277309267,0.6138234168542437
2,4.472197341308534,0.5719923470224416,0.6813887419550088
2,4.472197341308534,0.5719923470224416,0.6813887419550088
2,5.750041789512906,0.5809588142231192,0.6925905911501783
2,7.103562508688834,0.6804397060749146,0.7300355049751637
2,7.852453509114858,1.6801034979776597,0.6940522705370044
2,7.852453509114858,1.6801034979776597,0.6940522705370044
2,7.852453509114858,1.6801034979776597,0.6940522705370044
2,7.852453509114858,1.6801034979776597,0.6940522705370044
2,7.702780397926382,1.44937662120194,0.7243523137953913
2,7.702780397926382,1.44937662120194,0.7243523137953913
3,6.556779665316274,0.6945069783379106,0.7181968668861011
3,6.858349248676257,0.841748841928401,0.8082215496149345
3,4.842326391779709,0.5434470768317823,0.6659168408304689
3,5.432575075131749,0.6051104288835694,0.7681463636856727
3,5.610432958842494,1.054647408183906,0.7620820038458052
3,7.887402537218794,0.9678684329790532,0.7609677580090303
3,7.538300840571293,0.9548373068945493,0.7533871967372548
3,7.767811749517864,1.1487629251893519,0.6729045414254803
3,5.536355908899098,0.9261580730743995,0.7546269359357127
3,6.299532168723385,0.924898357800517,0.6795952223230145
3,6.299532168723385,0.924898357800517,0.6795952223230145
3,6.535015855996173,0.8941782244552932,0.70762681740643
3,6.815812037623881,1.4143695127404934,0.7106026316230817
3,6.815812037623881,1.4143695127404934,0.7106026316230817
3,6.591412818687145,1.2539417187612998,0.7071117545490933
3,7.5083200985333525,1.9568654995353776,0.7093344328714337
3,7.069006419752341,1.2267406592791632,0.7306906942957406
3,6.564230904601872,1.4083653096268258,0.7567857852119609
3,6.151176416547665,1.2525847619345063,0.7229001730052319
3,6.151176416547665,1.2525847619345063,0.7229001730052319
3,6.151176416547665,1.2525847619345063,0.7229001730052319
3,6.151176416547665,1.2525847619345063,0.7229001730052319
3,6.151176416547665,1.2525847619345063,0.7229001730052319
3,6.151176416547665,1.2525847619345063,0.7229001730052319
3,6.151176416547665,1.2525847619345063,0.7229001730052319
3,7.392359986979825,1.4259335893227167,0.6992607575361345
3,7.392359986979825,1.4259335893227167,0.6992607575361345
3,7.392359986979825,1.4259335893227167,0.6992607575361345
3,7.392359986979825,1.4259335893227167,0.6992607575361345
3,7.392359986979825,1.4259335893227167,0.6992607575361345
3,7.335928866092437,1.2546761749438344,0.6557053450736403
3,7.193437114990421,1.135720931268176,0.6573400552279325
3,6.366647610972519,0.688004397019888,0.673024015212577
3,5.071375065931701,0.6762430920050769,0.7339763906829626
3,5.425446691531014,0.7124017077640368,0.6879477012177218
3,6.144838829797614,0.6510042070044734,0.687675552296632
3,6.656123104795155,0.6565478207546075,0.658887403075747
3,6.884659478882708,0.9133071001243822,0.7604290635645822
3,10.706054343976284,2.3114634619367815,0.7317682461921158
3,9.472753105895842,2.1698410753697055,0.7613397395623968
3,9.472753105895842,2.1698410753697055,0.7613397395623968
3,8.685118771311842,1.8497613066476049,0.7761799545960746
3,8.685118771311842,1.8497613066476049,0.7761799545960746
3,8.685118771311842,1.8497613066476049,0.7761799545960746
3,5.285235759307092,1.0216748697778764,0.6963766783852248
3,5.731705526791263,1.622867256327273,0.7720864547048117
3,5.731705526791263,1.622867256327273,0.7720864547048117
3,6.245122164813743,1.4194088401615215,0.6898953712476492
3,6.245122164813743,1.4194088401615215,0.6898953712476492
3,6.347723527644156,0.8398178957536606,0.7397089348192984
3,6.079994135126307,1.0310982410919072,0.7567265377211109
3,6.079994135126307,1.0310982410919072,0.7567265377211109
3,6.291789710664441,0.9819444363662384,0.7830357181955725
3,11.223715834546717,1.7111213960850464,0.6977489573504201
3,10.116800482132298,1.3556370202081736,0.712263656608258
3,6.972322523136895,1.030879964857423,0.617463063023755
3,6.972322523136895,1.030879964857423,0.617463063023755
3,6.972322523136895,1.030879964857423,0.617463063023755
3,6.972322523136895,1.030879964857423,0.617463063023755
3,6.31796497128645,0.8765235409194694,0.7009866151106492
3,4.754275797626306,0.9183782069784718,0.7194092511907091
3,6.374914498746228,0.7552088230359209,0.7387914388495219
3,7.5425583978650845,1.0464993346020621,0.7390218027673005
3,7.5425583978650845,1.0464993346020621,0.7390218027673005
3,8.113064501999649,2.169332497646348,0.7008776174004181
3,8.113064501999649,2.169332497646348,0.7008776174004181
3,7.403293118887133,1.2640033589285484,0.7871010795167572
3,9.081467069542459,2.0126580984543097,0.7030675769576875
3,9.081467069542459,2.0126580984543097,0.7030675769576875
3,7.66537712044141,1.476532984196062,0.8028787181640694
3,5.687774474430394,1.4389833653429167,0.6963229076403311
3,7.061721057370466,0.8532265720367034,0.7161352062562315
3,6.163458391356615,1.7813806463627635,0.7289148787271341
3,6.32240632590533,1.6067142714591942,0.7033471528127492
3,5.721336253165617,1.2164367718444908,0.7177780487738523
3,6.630610769771225,1.4592559504444824,0.7395075207304735
3,7.448400268612382,1.4896176610746683,0.6804485831584962
3,7.448400268612382,1.4896176610746683,0.6804485831584962
3,7.767642206965473,1.3958265224665212,0.7135918234379021
3,7.196296109859013,1.2570844690557017,0.7331399187584924
3,7.196296109859013,1.2570844690557017,0.7331399187584924
3,8.693870105563452,2.382934509302648,0.757630347803405
3,9.374463687640146,2.279204478344495,0.7789855518388165
3,9.374463687640146,2.279204478344495,0.7789855518388165
3,7.15324509546684,0.9950254287563741,0.7028399044024344
3,7.600511042827135,2.644777506784239,0.7305579382186087
3,9.40108430122998,2.2141325232409996,0.7195633550227926
3,7.488182874208759,1.8012926834433491,0.7312627623023056
3,7.488182874208759,1.8012926834433491,0.7312627623023056
3,6.2755399002343895,1.0153871999569701,0.7430543322322702
3,6.526395198152688,1.0469135605930764,0.7754071930900972
3,6.835703623874527,1.5716417143987123,0.7823653336954094
3,5.718153108833036,0.8862744218878071,0.7630583699053064
3,8.18410946202609,2.3939494421251313,0.7188460479408257
3,8.484907144674578,2.652033752451835,0.6863168383392392
3,8.484907144674578,2.652033752451835,0.6863168383392392
3,8.305946431895553,2.4022864185588073,0.7176209167781262
3,7.082262903471605,0.6188965132713222,0.7485178341784908
3,5.664669394418751,0.8752439632513167,0.7499288016632469
3,5.4642207334695865,0.7989891312712283,0.7363886807848188
3,7.899566098512008,1.3330832088343842,0.7198517233040311
3,7.820600716354563,2.0522062110107524,0.7459906844663629
3,7.820600716354563,2.0522062110107524,0.7459906844663629
3,6.890638723534757,1.1405672414159973,0.6926105069605797
3,8.832927134948427,1.7913031329192741,0.7322511024909002
3,8.704493266639975,2.077052456091894,0.6496265126643226
3,8.704493266639975,2.077052456091894,0.6496265126643226
3,7.31791862192266,1.7705584659599465,0.6608737310430761
3,7.31791862192266,1.7705584659599465,0.6608737310430761
3,7.1435895761218875,1.4432442902285871,0.6484019596709153
3,7.965901928811558,0.965993558100843,0.7205446968679278
3,6.505063898326843,1.1009472898637025,0.6876125657673535
3,6.505063898326843,1.1009472898637025,0.6876125657673535
3,7.8962579855142225,1.7969572007053962,0.7514420488752085
3,6.372005862823137,1.7842289776663278,0.718927421265845
3,6.372005862823137,1.7842289776663278,0.718927421265845
3,6.372005862823137,1.7842289776663278,0.718927421265845
3,7.830861421975703,1.4991121023674503,0.7450263517962931
3,7.830861421975703,1.4991121023674503,0.7450263517962931
3,9.59299789261021,2.0623105528435097,0.7379557402220912
3,6.936071173028319,2.0089796318693334,0.6956095520433094
3,6.40957979548504,1.3066691893009765,0.7894793266207779
3,6.72108550918537,0.9073070845876403,0.7463658965437043
3,6.747511876481529,0.814611469143897,0.7426056798969222
3,5.992778257174365,0.9200661259248286,0.7540547247780396
3,5.233879227746481,1.2986196402310435,0.786413793083805
3,5.646270636902933,1.2133059205646286,0.7068889354892276
3,5.646270636902933,1.2133059205646286,0.7068889354892276
3,8.026823951382202,1.8218412997517999,0.6721576277261312
3,8.026823951382202,1.8218412997517999,0.6721576277261312
3,8.739296717004324,1.8970787547950942,0.7325751905700085
3,7.4811253978565,2.0286248763264387,0.7391586886786464
3,7.4811253978565,2.0286248763264387,0.7391586886786464
3,7.4811253978565,2.0286248763264387,0.7391586886786464
3,7.4811253978565,2.0286248763264387,0.7391586886786464
3,7.404291293961154,1.5227552786708058,0.7750628934990058
3,6.429357997961128,1.2571613547523284,0.8148101001769458
3,6.981852430972131,1.3529728438275104,0.794112965938567
3,8.539581110706557,0.8500276871350574,0.7404857340543797
3,8.539581110706557,0.8500276871350574,0.7404857340543797
3,8.539581110706557,0.8500276871350574,0.7404857340543797
3,6.698585510582612,1.0100637114201345,0.7438017511505569
3,6.698585510582612,1.0100637114201345,0.7438017511505569
3,5.0722862760536485,0.9929732512103345,0.7221342216762319
3,7.541992598899647,2.4625167357726863,0.7473683458819375
3,7.541992598899647,2.4625167357726863,0.7473683458819375
3,8.3302711667569,1.0907392380171537,0.7467705762131434
3,6.645651883725763,1.44724472634433,0.7725571407386098
3,8.310596457751666,1.5383024490512294,0.7016301197141569
3,8.310596457751666,1.5383024490512294,0.7016301197141569
3,8.310596457751666,1.5383024490512294,0.7016301197141569
3,8.358979084601323,1.6442747641718332,0.7502488493406005
3,6.856368528717881,1.5431439983222333,0.6492138264419252
3,6.856368528717881,1.5431439983222333,0.6492138264419252
3,6.019180660317069,1.0191864573156004,0.7585224068889281
3,5.554524388052145,1.1292402683482106,0.8086285493435826
3,5.609230262698245,0.7692955027293331,0.7311660274807269
3,5.609230262698245,0.7692955027293331,0.7311660274807269
3,6.058746800075828,1.1187888886231052,0.6604532015714196
3,6.7208579998799625,1.365673933940743,0.7191374721062344
3,6.341372288598057,1.4074436738745872,0.6792458193892948
3,6.341372288598057,1.4074436738745872,0.6792458193892948
3,6.341372288598057,1.4074436738745872,0.6792458193892948
3,6.341372288598057,1.4074436738745872,0.6792458193892948
3,6.341372288598057,1.4074436738745872,0.6792458193892948
3,6.150628953960984,1.2774680181664488,0.6366823743047043
3,6.4150586239045495,1.1764965386716875,0.6981353398139029
3,6.4150586239045495,1.1764965386716875,0.6981353398139029
3,6.4150586239045495,1.1764965386716875,0.6981353398139029
3,6.4150586239045495,1.1764965386716875,0.6981353398139029
3,5.6365897626086126,1.2928912883950556,0.6765847192025432
3,7.66299135362853,1.4135700525736516,0.674445113497867
3,7.074359598822585,1.9307937231141665,0.684993663018399
3,7.074359598822585,1.9307937231141665,0.684993663018399
3,7.074359598822585,1.9307937231141665,0.684993663018399
3,6.76216344517752,1.3872030642511626,0.7897712433290615
3,5.841521452275435,1.0514776890331121,0.7262349592589392
3,6.937077908011543,1.6582195154011308,0.6513276044927288
3,9.8526472893715,2.4285242060027477,0.7001341232813273
3,9.8526472893715,2.4285242060027477,0.7001341232813273
3,8.87145774166677,2.4621384129360004,0.6741021218741048
3,8.87145774166677,2.4621384129360004,0.6741021218741048
3,6.4883079834801265,1.2916264036434282,0.7326999156014801
3,9.306165297483167,1.711235252629359,0.7467014639883819
3,7.825447722485012,1.3979984553943248,0.7929131069301394
3,5.715456216077454,0.6627006812651459,0.7653106524738043
3,7.730957173051041,0.7142856971465976,0.7143245081013861
3,7.51184408128102,1.1595979064051911,0.6783684399390948
3,6.285865898202683,1.0381245506026062,0.748329972552966
3,6.536762598141761,0.9109870884427929,0.7056018072625121
3,7.659813625762591,1.640318775216429,0.7682219005710514
3,7.659813625762591,1.640318775216429,0.7682219005710514
3,7.659813625762591,1.640318775216429,0.7682219005710514
3,7.659813625762591,1.640318775216429,0.7682219005710514
3,8.99065584717435,1.6965358927282166,0.6911234303113951
3,6.591901809682107,1.1788868008853637,0.6479619829921303
3,8.24760053513091,1.5989684738986667,0.6380373629975914
3,7.489101454208716,1.505382926937124,0.7196954739850046
3,7.489101454208716,1.505382926937124,0.7196954739850046
3,8.198211961905336,1.5454559902228266,0.6668070901233923
3,6.860972819766259,1.0745664872560956,0.6817146725465754
3,6.898853690336756,0.8701142135966112,0.7189924600926342
3,5.94534683156353,1.0285594610798718,0.7474841409452581
3,5.556139818611019,1.1071111303836307,0.7275585145243832
3,8.148037032892066,2.531830798382503,0.7463244894839802
3,8.148037032892066,2.531830798382503,0.7463244894839802
3,7.519553294939461,2.403431158855993,0.7229807017294757
3,8.90823303029119,1.9772484073669796,0.6756492669618985
3,8.657679367978336,1.8766281873034718,0.7506140783689518
3,8.657679367978336,1.8766281873034718,0.7506140783689518
3,8.266321835395976,1.8090599818277782,0.7371700518492339
3,8.266321835395976,1.8090599818277782,0.7371700518492339
3,9.707599933863902,1.6183434796518053,0.705361587961721
3,7.821776512569389,1.7896841236467762,0.8021899254860608
3,7.821776512569389,1.7896841236467762,0.8021899254860608
3,7.739451210403036,1.7012652645173227,0.7533116342071213
3,9.342276903973168,2.167539107187455,0.721439470150924
3,6.846792425670161,1.131967050757889,0.6969904496935143
3,6.682955286424104,1.564697764195232,0.7033875933781627
3,6.682955286424104,1.564697764195232,0.7033875933781627
3,6.682955286424104,1.564697764195232,0.7033875933781627
3,8.706037943747912,1.4741247553714532,0.711896138191924
3,6.270711418757792,0.9903160879968803,0.7276767695142796
3,6.330025356124407,0.7364211535004281,0.7784664926493438
3,6.330025356124407,0.7364211535004281,0.7784664926493438
3,5.504273002322811,0.8743390089936816,0.8143852262637088
3,5.734237629303061,1.0328076385224447,0.7974162235699863
3,6.816611060283883,1.3157011841539639,0.7386708030016222
3,6.816611060283883,1.3157011841539639,0.7386708030016222
3,6.816611060283883,1.3157011841539639,0.7386708030016222
3,6.816611060283883,1.3157011841539639,0.7386708030016222
3,6.816611060283883,1.3157011841539639,0.7386708030016222
3,8.05715935507163,1.177057440208864,0.7121591119869942
3,8.05715935507163,1.177057440208864,0.7121591119869942
3,6.677670566266532,0.9562620048801938,0.6802734365502061
3,8.057558486619598,1.1729552066546014,0.748512024382034
3,7.510061290830766,1.1744483770210852,0.657600514057379
3,7.026281923135575,0.6272196361031219,0.6820517783223722
3,7.201275622416238,0.7080016375473291,0.6929239186793477
3,7.521995498114354,0.7134723852837075,0.7216868028871318
3,7.521995498114354,0.7134723852837075,0.7216868028871318
3,7.521995498114354,0.7134723852837075,0.7216868028871318
3,5.004798457585501,1.2075202686366915,0.7782279228115204
3,6.643432211191121,0.8626641631953378,0.6709368847976082
3,6.643432211191121,0.8626641631953378,0.6709368847976082
3,6.643432211191121,0.8626641631953378,0.6709368847976082
3,6.643432211191121,0.8626641631953378,0.6709368847976082
3,6.89159208350387,0.9369480091616595,0.7050439338949465
3,6.89159208350387,0.9369480091616595,0.7050439338949465
3,7.745792861285484,1.3113304619876485,0.7134371457910922
3,6.531856583849936,1.207227564570296,0.6917130600720542
3,6.531856583849936,1.207227564570296,0.6917130600720542
3,6.531856583849936,1.207227564570296,0.6917130600720542
3,7.180792656011136,1.0880378707567906,0.7450377262569017
3,7.180792656011136,1.0880378707567906,0.7450377262569017
3,6.896770932314941,0.9183652375875895,0.7501254003237011
3,6.896770932314941,0.9183652375875895,0.7501254003237011
3,7.208443835613522,1.1416173254826547,0.7359137468459549
3,6.716249094580116,1.0903418960545128,0.7187845822654914
3,6.716249094580116,1.0903418960545128,0.7187845822654914
3,6.716249094580116,1.0903418960545128,0.7187845822654914
3,6.716249094580116,1.0903418960545128,0.7187845822654914
3,6.3625748131906406,1.3369379079608854,0.7511046882411732
3,8.259823068851613,1.1965783571481867,0.7477686826983466
3,6.365123550431538,1.041991671718475,0.7005845720960593
3,7.18192159333559,1.9390001996031196,0.769605266185388
3,7.625827696921322,1.8424505224723746,0.7453036999043614
3,7.625827696921322,1.8424505224723746,0.7453036999043614
3,8.266583619282434,1.4465833455693904,0.6801919516538177
3,6.801480046333323,1.6380975693987672,0.6789277408168751
3,6.801480046333323,1.6380975693987672,0.6789277408168751
3,6.807527535025796,1.3767188239428616,0.6927032186084898
3,6.807527535025796,1.3767188239428616,0.6927032186084898
3,7.444781743833809,1.7909586934781996,0.7128769418117896
3,7.801328776255059,1.9945248724958433,0.6829620724886003
3,6.522403551781677,1.772373861805537,0.7083583502518593
3,9.440808794180906,1.8829617083814674,0.7116092397025603
3,9.440808794180906,1.8829617083814674,0.7116092397025603
3,7.655423386638085,2.1981009488791843,0.7984797920768673
3,7.125687975586956,1.9805080202384593,0.7940478225704548
3,7.125687975586956,1.9805080202384593,0.7940478225704548
3,7.125687975586956,1.9805080202384593,0.7940478225704548
3,7.125687975586956,1.9805080202384593,0.7940478225704548
3,6.680566830489303,1.3309371623923665,0.6690803068430302
3,6.680566830489303,1.3309371623923665,0.6690803068430302
3,6.680566830489303,1.3309371623923665,0.6690803068430302
3,6.680566830489303,1.3309371623923665,0.6690803068430302
3,6.290837121473027,1.2181177333178999,0.5960524963458486
3,8.504349055412156,1.3101609957651834,0.683194860488789
3,8.28331737168236,1.198713451138428,0.7166155627096914
3,9.41032781260287,0.8520211478860802,0.7383967008334418
3,6.626530853730317,1.5075245127635395,0.8121687080799307
3,5.192314772737377,0.9111340149558398,0.700482082633435
3,5.192314772737377,0.9111340149558398,0.700482082633435
3,6.744554165457162,1.0079387512978042,0.7534048387882556
3,8.228839398291196,1.474835248337719,0.7354287273052912
3,8.228839398291196,1.474835248337719,0.7354287273052912
3,7.415877639275563,1.592485532830847,0.7803181961210085
3,7.4514877925989795,1.7349959107876927,0.7431930011093545
3,6.329146449614397,1.126953955393225,0.6560399821689
3,7.515573575269981,1.268383141576721,0.6745727680514904
3,5.842904045052444,1.1269213384620898,0.6652288433282584
3,8.774164135704394,2.288943708337844,0.7576638136891051
3,8.774164135704394,2.288943708337844,0.7576638136891051
3,8.162027631555603,0.9431311383876234,0.644958609769114
3,5.789648695739622,0.6372029592633544,0.7160512231316528
3,5.4773476039539,0.7156969317404868,0.7475861955114064
3,6.190815812750344,0.770200722873607,0.7632388559281902
3,6.809142294676107,0.6614233372624507,0.7688869169397348
3,6.338073795750904,0.6834457140188506,0.7244696420608239
3,7.323646597138823,1.6057007145667195,0.7616476273678214
3,7.2916742428212515,2.3484664136590947,0.7911981984738511
3,8.23439396255231,1.5565635493438443,0.652845984456021
3,8.504018107877766,1.8158275805026636,0.6962143626892163
3,8.504018107877766,1.8158275805026636,0.6962143626892163
3,7.214770755012648,1.6094536776034407,0.6712026197300873
3,7.214770755012648,1.6094536776034407,0.6712026197300873
3,7.6220477556894055,1.3682814031766428,0.6893452493312343
3,7.6220477556894055,1.3682814031766428,0.6893452493312343
3,7.6220477556894055,1.3682814031766428,0.6893452493312343
3,8.32714912501461,2.1291270391197514,0.7209358843664119
3,7.865284110257054,1.2815763652697707,0.758510992939863
3,7.865284110257054,1.2815763652697707,0.758510992939863
3,6.918598956676121,0.9219464949788981,0.8194594463207315
3,6.918598956676121,0.9219464949788981,0.8194594463207315
3,6.918598956676121,0.9219464949788981,0.8194594463207315
3,6.203048096295995,1.1172864965474316,0.7929386839738126
3,6.996946737042726,1.1723097576135202,0.7208512398719553
3,8.697469341481618,1.7828590519636311,0.7617551136916499
3,5.389221946077848,1.0378227476211686,0.7287606103040792
3,5.389221946077848,1.0378227476211686,0.7287606103040792
3,5.389221946077848,1.0378227476211686,0.7287606103040792
3,7.21460504194182,1.3814989365220351,0.6811504678270038
3,7.152940148089862,0.9633218383014205,0.7064053352951991
3,7.152940148089862,0.9633218383014205,0.7064053352951991
3,4.936237945913062,0.9276923293260801,0.7484633885273745
3,6.2496968142240705,1.8184583770474194,0.8132158022078811
3,7.729609097710368,1.9077834190514629,0.7930263847009814
3,8.013163499790215,1.3087634687731042,0.6957298717149736
3,8.013163499790215,1.3087634687731042,0.6957298717149736
3,8.211262873201374,1.9430240781463617,0.6314412226721088
3,8.211262873201374,1.9430240781463617,0.6314412226721088
3,8.0253540929368,1.472652098199822,0.6184287122214566
3,8.0253540929368,1.472652098199822,0.6184287122214566
3,7.431969183740848,1.1908604436498418,0.6768360491103114
3,7.431969183740848,1.1908604436498418,0.6768360491103114
3,6.413352457600236,1.2733423952432976,0.6955466830683193
3,7.65644799518283,1.8648334049447188,0.7002907769386746
3,7.65644799518283,1.8648334049447188,0.7002907769386746
3,7.65644799518283,1.8648334049447188,0.7002907769386746
3,7.65644799518283,1.8648334049447188,0.7002907769386746
3,7.65644799518283,1.8648334049447188,0.7002907769386746
3,7.65644799518283,1.8648334049447188,0.7002907769386746
3,7.65644799518283,1.8648334049447188,0.7002907769386746
3,7.65644799518283,1.8648334049447188,0.7002907769386746
3,7.65644799518283,1.8648334049447188,0.7002907769386746
3,7.65644799518283,1.8648334049447188,0.7002907769386746
3,7.65644799518283,1.8648334049447188,0.7002907769386746
3,7.65644799518283,1.8648334049447188,0.7002907769386746
3,7.65644799518283,1.8648334049447188,0.7002907769386746
3,7.65644799518283,1.8648334049447188,0.7002907769386746
3,7.65644799518283,1.8648334049447188,0.7002907769386746
3,8.421162411765795,1.7533051351845261,0.7057899173364307
3,8.421162411765795,1.7533051351845261,0.7057899173364307
3,8.421162411765795,1.7533051351845261,0.7057899173364307
3,8.421162411765795,1.7533051351845261,0.7057899173364307
3,6.896912870322365,1.1761463757685806,0.6890608435242749
3,7.280433254748305,1.3084753235782571,0.64557531264928
3,7.280433254748305,1.3084753235782571,0.64557531264928
3,5.691613684275745,1.0939581055438872,0.6878701132764639
3,5.646126803128759,1.0197844273865022,0.759533678199485
3,5.172454799431603,1.1327706450570556,0.7587733159083889
3,8.136517910270868,0.981058378991013,0.7053461673469517
3,8.17401266230722,1.6576511060496089,0.7120429250242328
3,9.062004779526932,1.70974867065122,0.713404102011606
3,6.662524186792368,0.8911832735247356,0.7811766612718731
3,6.064035282397587,1.1486853022872188,0.7155141683866703
3,6.064035282397587,1.1486853022872188,0.7155141683866703
3,6.588769765562324,0.8431312885232738,0.7471105871560384
3,6.588769765562324,0.8431312885232738,0.7471105871560384
3,7.8913962591645745,0.9685639585308938,0.6917099341698801
3,7.8913962591645745,0.9685639585308938,0.6917099341698801
3,9.3245995304598,1.2233248985799778,0.6909818962430881
3,8.543674665901477,1.9274783417668966,0.7241993932586265
3,8.28104328643536,0.6506971524483934,0.6969133950944632
3,8.28104328643536,0.6506971524483934,0.6969133950944632
3,7.1731403979004185,0.9208652090012583,0.7390881744496571
3,6.7594951491345086,0.7295915067489196,0.7245332504875304
3,6.7594951491345086,0.7295915067489196,0.7245332504875304
3,8.63670481062006,0.9112843072469945,0.7318001031253429
3,8.362047914309924,1.2470747421892954,0.770438435818974
3,8.362047914309924,1.2470747421892954,0.770438435818974
3,7.782448911591609,0.7473538237004882,0.734908064068631
3,7.583013008787758,0.8625452735024511,0.7459522467383651
3,6.4993612619264125,0.7677944784669799,0.6375029154534965
3,8.270779344477814,1.1030015808586806,0.6884891159433579
3,7.0600245522208995,1.2365855492729971,0.6905114984549134
3,7.0600245522208995,1.2365855492729971,0.6905114984549134
3,7.0600245522208995,1.2365855492729971,0.6905114984549134
3,8.726856349354486,1.5663395432650031,0.7373259807114093
3,8.726856349354486,1.5663395432650031,0.7373259807114093
3,7.946382239734409,2.1629962220680934,0.7738126310398536
3,7.162256659960894,1.4064895739443246,0.7228293485745542
3,6.944124874180136,2.0323635305925736,0.7465576085103122
3,7.1850168697241275,1.621037874005883,0.8016926679988704
3,8.755985725957878,1.3885593134833225,0.7490800493041214
3,6.515588383528164,0.6390950651466372,0.7583938155793972
3,6.986993113790041,0.6940418967086278,0.7092772724207205
3,5.712718347444155,0.7224850592111189,0.7465570747307928
3,6.21808773802231,0.7556926631874923,0.6919460262864092
3,7.0628510785815415,1.504990268035159,0.6983607587379395
3,7.0628510785815415,1.504990268035159,0.6983607587379395
3,7.372769393011611,2.1563242881860907,0.7027226117723807
3,8.598599732040276,1.9096729239185597,0.7277726400965784
3,5.078656486533675,0.7658078330257997,0.7279238430710937
3,5.078656486533675,0.7658078330257997,0.7279238430710937
3,6.167227537852273,0.7627303199694162,0.7824649757192902
3,6.167227537852273,0.7627303199694162,0.7824649757192902
3,7.768050882229957,0.8868562377325122,0.749861816303084
3,5.821432913903803,0.711563290861488,0.7823808940549128
3,6.768282912422634,1.0127615655296505,0.6941381981988201
3,5.5029815752142115,0.934187453650378,0.720657630678531
3,8.412949804905288,1.92347114230452,0.7234456068670949
3,8.412949804905288,1.92347114230452,0.7234456068670949
3,8.647140604624564,2.081558995307672,0.799283244120834
3,5.3560991824719455,1.3584623082963079,0.6633042251747264
3,5.3560991824719455,1.3584623082963079,0.6633042251747264
3,6.373876293015762,0.8191734099500647,0.7103601147009639
3,6.731190202910258,0.8733170316229624,0.7316919472693195
3,6.731190202910258,0.8733170316229624,0.7316919472693195
3,6.6170452816639225,1.1690484219628177,0.6840480050374697
3,6.25278382291875,0.8198088406334465,0.7341609606004224
3,7.258765292510386,1.125279153034361,0.823854735474394
3,6.154674261268926,1.385025139062754,0.8155977852169642
3,4.881435097636045,1.0530106834588735,0.7519019016507063
3,4.881435097636045,1.0530106834588735,0.7519019016507063
3,4.881435097636045,1.0530106834588735,0.7519019016507063
3,6.763108282756524,1.032977568488663,0.7363321588045307
3,6.49981419803676,1.9466261037433774,0.6610314694855322
3,8.8644655216327,1.76139067024643,0.759373584752914
3,8.366389890110675,1.7166475670163903,0.7071354811997723
3,8.366389890110675,1.7166475670163903,0.7071354811997723
3,8.366389890110675,1.7166475670163903,0.7071354811997723
3,8.366389890110675,1.7166475670163903,0.7071354811997723
3,8.366389890110675,1.7166475670163903,0.7071354811997723
3,8.366389890110675,1.7166475670163903,0.7071354811997723
3,8.366389890110675,1.7166475670163903,0.7071354811997723
3,8.366389890110675,1.7166475670163903,0.7071354811997723
3,7.524349000923052,1.8779816210519151,0.664017514311773
3,7.524349000923052,1.8779816210519151,0.664017514311773
3,6.9039782286016065,1.6122448089771793,0.6833476720160527
3,8.15014971222303,2.347183744183715,0.6839421429748981
3,8.747502308326844,1.9448824048514635,0.6379001673849006
3,5.995957199272224,1.2006210412850862,0.6540707003805454
3,8.006868802062122,1.1727727878221865,0.7084042020011156
3,7.360915334142732,2.09683672216603,0.6620871572781806
3,6.728927605758672,0.9316209127891548,0.7331330546730408
3,6.064622355817026,0.9259378709773323,0.6774823240931273
3,6.064622355817026,0.9259378709773323,0.6774823240931273
3,6.382375441250039,0.7181813668309449,0.6328477303158007
3,6.749560831755782,0.9080415219345669,0.7096998954281963
3,6.749560831755782,0.9080415219345669,0.7096998954281963
3,6.749560831755782,0.9080415219345669,0.7096998954281963
3,7.25141940506406,1.1384164785436321,0.7691906783371502
3,8.040908487241595,1.9408620685925608,0.7106132164857967
3,8.943840634434647,1.396679751756873,0.7268325818940756
3,8.258196503089705,1.9567457491719964,0.7049239772779852
3,8.258196503089705,1.9567457491719964,0.7049239772779852
3,6.917547865432789,0.9771821283003475,0.5998004214786347
3,6.917547865432789,0.9771821283003475,0.5998004214786347
3,6.917547865432789,0.9771821283003475,0.5998004214786347
3,6.917547865432789,0.9771821283003475,0.5998004214786347
3,7.141920489007567,2.167016179591136,0.7017957042841044
3,7.938965658368541,1.9826929241728233,0.729986982044391
3,6.859752063556278,0.9404591074700822,0.7144240243328304
3,6.859752063556278,0.9404591074700822,0.7144240243328304
3,6.781678231296217,0.7688589238420993,0.7061295682626159
3,6.198411408319014,0.8167585576794119,0.681001169856642
3,7.101348734322946,1.422074163435681,0.7147148347334784
3,8.054138003259364,1.4472496193422946,0.7331348515607132
3,8.054138003259364,1.4472496193422946,0.7331348515607132
3,8.054138003259364,1.4472496193422946,0.7331348515607132
3,8.054138003259364,1.4472496193422946,0.7331348515607132
3,6.903685167399853,1.2685637272773604,0.7149165680020674
3,8.974395721685525,1.3696872252366625,0.7289432662060963
3,5.786205498810794,0.98658768007613,0.6888699107919579
3,5.786205498810794,0.98658768007613,0.6888699107919579
3,5.786205498810794,0.98658768007613,0.6888699107919579
3,6.187030415919485,1.1591066493793312,0.6585935300003087
3,6.998722400572837,1.4990395746139673,0.639292368066894
3,7.988516575731764,1.758808454934062,0.7424949160551394
3,8.570400071598652,1.147715498957651,0.7538678181298842
3,7.309373878749531,0.8692397256072188,0.6901347962397987
3,6.5186144571574065,0.7648148348849451,0.74107473232739
3,6.5186144571574065,0.7648148348849451,0.74107473232739
3,5.710831854495813,0.6186724382993409,0.7563898270110809
3,5.710831854495813,0.6186724382993409,0.7563898270110809
3,5.495442632768271,1.067252940880402,0.7683550412493247
3,6.576826275118884,1.0522457324384407,0.7438442815528634
3,4.707763694452496,0.9745852762794606,0.6791238605258559
3,5.151046745085012,1.0871837066543053,0.6778638534012144
3,6.109244605533541,0.9644912336181022,0.6606206588649587
3,6.109244605533541,0.9644912336181022,0.6606206588649587
3,6.733695574975396,0.7024563670309013,0.7679482634068794
3,6.733695574975396,0.7024563670309013,0.7679482634068794
3,7.07619835304917,0.9076484871285612,0.6922796116365344
3,7.993179810973504,1.7012490921841548,0.6341938370428999
3,7.747530295078162,2.9800814254677377,0.71921084270236
3,8.834245342813592,1.4954258565730942,0.7318885523484127
3,8.665417034139042,1.2697164127766651,0.7503019236937942
3,8.665417034139042,1.2697164127766651,0.7503019236937942
3,8.665417034139042,1.2697164127766651,0.7503019236937942
3,7.524077210899595,2.454868222364869,0.6660476539998478
3,7.524077210899595,2.454868222364869,0.6660476539998478
3,7.233967583906249,1.2154248699982562,0.697048188892971
3,6.449709714347903,1.237149578872874,0.7490155864312239
3,6.449709714347903,1.237149578872874,0.7490155864312239
3,6.449709714347903,1.237149578872874,0.7490155864312239
3,6.449709714347903,1.237149578872874,0.7490155864312239
3,8.470629688456143,1.3752340375840506,0.7294829145825886
3,8.470629688456143,1.3752340375840506,0.7294829145825886
3,8.470629688456143,1.3752340375840506,0.7294829145825886
3,7.227563827149627,1.3839633682109609,0.717156333261172
3,8.750361375447968,1.6789091107976646,0.7169918277661097
3,8.36485288691761,1.9219639265027444,0.812482161349485
3,9.357878713308905,1.6592692878964252,0.7356109246031017
3,8.386391903414872,1.1256934755721155,0.696792642296316
3,8.185032484478324,1.1601250654822277,0.7684983082783232
3,7.422717540244837,1.9838388330189927,0.63784114754767
3,6.810849702203697,1.0726707113237914,0.6603886519527512
3,6.810849702203697,1.0726707113237914,0.6603886519527512
3,7.3596969825308145,2.297538057304151,0.7325411698725106
3,7.3596969825308145,2.297538057304151,0.7325411698725106
3,8.06138723177909,2.4792931951301194,0.6643949426575977
3,9.994575926944211,2.401816114754002,0.7053502550644112
3,7.260844249427443,1.5009427703286757,0.7341141954214166
3,6.1937899945079,1.1758155599686162,0.7454232921066591
3,6.892349158318495,1.6025314538187811,0.737002449460865
3,6.892349158318495,1.6025314538187811,0.737002449460865
3,6.892349158318495,1.6025314538187811,0.737002449460865
3,6.800575816937121,1.2542704394223296,0.6998370271646479
3,7.342959265027866,0.7909931088009972,0.7108661996817747
3,7.342959265027866,0.7909931088009972,0.7108661996817747
3,8.702727083170572,2.293611857129597,0.6663607743987758
3,8.590441581990916,1.7749989541016669,0.7246378928469467
3,8.590441581990916,1.7749989541016669,0.7246378928469467
3,8.590441581990916,1.7749989541016669,0.7246378928469467
3,7.259834882990853,0.8101452773381899,0.7628550367692921
3,7.948217684610042,1.0697136101872053,0.7723119324753023
3,7.948217684610042,1.0697136101872053,0.7723119324753023
3,4.916542522258995,0.7283579431739906,0.8334607104688111
3,4.9854103602374895,0.6818396058023714,0.7939943398319643
3,6.552479928329772,0.6870091778424183,0.7569049851286698
3,5.5910054425930955,0.6736340914443799,0.7304730277046088
3,6.74566630343856,1.0464684369977237,0.6433485845268221
3,5.685486468554231,1.5439021057470792,0.7148809615212645
3,5.685486468554231,1.5439021057470792,0.7148809615212645
3,6.3718023221860305,1.3955550227864648,0.7049667969415048
3,6.3718023221860305,1.3955550227864648,0.7049667969415048
3,7.216578276014602,1.6204758252675928,0.6742684154014745
3,6.056721894705988,1.7704764760615996,0.6887828972938116
3,6.067549837502221,1.7236004297879488,0.6586007208720838
3,6.067549837502221,1.7236004297879488,0.6586007208720838
3,6.067549837502221,1.7236004297879488,0.6586007208720838
3,7.482151271342636,1.6081440375610199,0.6450224649658862
3,7.482151271342636,1.6081440375610199,0.6450224649658862
3,7.482151271342636,1.6081440375610199,0.6450224649658862
3,9.450328214377363,1.2695190799660088,0.6556784453400327
3,7.188006684431584,0.9822563356137319,0.6296494819908033
3,7.7206324211678945,1.9617985983683495,0.6562416886141013
3,7.7206324211678945,1.9617985983683495,0.6562416886141013
3,9.022640507273797,1.9675425650239293,0.6765290989740024
3,6.344875070220453,1.4246249076153863,0.7354215482698642
3,6.882425137454972,1.2328151473209445,0.6999274023979576
3,8.23766625226731,1.5942075510297324,0.6443073158740483
3,6.964072776157432,1.7847006212419718,0.7344135583212985
3,7.222073244576533,1.9463676072371956,0.6768170648940612
3,6.485895491951931,1.520429474613609,0.7149141955265859
3,8.396069287262781,2.5785690747985344,0.6766820091123121
3,7.086973502028593,1.9747234006728347,0.6813114968552532
3,6.095011251304444,1.395203200970694,0.6470247059149721
3,6.024839880602557,1.8024027942054974,0.7003973282497545
3,6.717933514305167,2.1660639819422745,0.6664320247042111
3,9.025010738225493,2.3746510236881115,0.6876551748609315
3,6.4265034337643625,2.1229198100715623,0.6788316952106239
3,8.012123784968654,2.2471266668860244,0.7106568953745388
3,6.4099485848479185,1.4079550571460002,0.7489415044935616
3,6.71980445553196,1.4571968576657173,0.713009977753623
3,6.71980445553196,1.4571968576657173,0.713009977753623
3,6.71980445553196,1.4571968576657173,0.713009977753623
3,8.787313411053557,2.456742040619492,0.7274666174381782
3,6.398086361597264,1.755067402658804,0.7261418303759258
3,6.398086361597264,1.755067402658804,0.7261418303759258
3,6.06913058445554,0.7991911588069216,0.7224333902643487
3,5.98110919792753,0.8026655230167992,0.7684658018934651
3,7.748838781698474,1.880289787484308,0.773575403788801
3,6.540185568817875,1.4963751799711158,0.6684268455067411
3,5.953884163314269,1.2726753811858886,0.6665180256658828
3,5.953884163314269,1.2726753811858886,0.6665180256658828
3,5.953884163314269,1.2726753811858886,0.6665180256658828
3,5.953884163314269,1.2726753811858886,0.6665180256658828
3,6.571813081885038,1.370748037547182,0.6370866373415083
3,4.4408695666783355,0.9426879056909363,0.6930626357705932
3,4.4408695666783355,0.9426879056909363,0.6930626357705932
3,5.150151269310829,1.1156220700708501,0.7350928736662719
3,6.704254630317195,1.2799317449599683,0.6711228879191017
3,7.304254434362665,1.6935589455298174,0.7336316127327895
3,7.304254434362665,1.6935589455298174,0.7336316127327895
3,6.894745851054276,0.8343789250700724,0.7064129864227081
3,6.894745851054276,0.8343789250700724,0.7064129864227081
3,6.362043065235362,0.8831288116087361,0.7369266389849294
3,7.318059795657797,2.1847662463568573,0.6324290957804662
3,6.159873876765013,1.7354567734728117,0.6372962678016983
3,6.864993714453548,1.66444460971615,0.7411741114817522
3,6.864993714453548,1.66444460971615,0.7411741114817522
3,6.864993714453548,1.66444460971615,0.7411741114817522
3,6.864993714453548,1.66444460971615,0.7411741114817522
3,6.864993714453548,1.66444460971615,0.7411741114817522
3,6.891493363077465,1.6711250734861298,0.7719394225656231
3,6.891493363077465,1.6711250734861298,0.7719394225656231
3,6.891493363077465,1.6711250734861298,0.7719394225656231
3,5.487030703138736,1.2338774937282846,0.8224651691385292
3,6.880731445127144,1.5226517173244074,0.8431757698796403
3,6.880731445127144,1.5226517173244074,0.8431757698796403
3,6.880731445127144,1.5226517173244074,0.8431757698796403
3,10.154769452778396,2.5470669506621753,0.6706531653930804
3,7.250392933912856,1.2033678623306048,0.7031273489103383
3,6.734279863947349,2.1145502265442495,0.6914943134438576
3,7.4907858959626346,1.2341292785580724,0.613571000608876
3,6.517900921960423,1.221869322920452,0.676490164711965
3,6.481108708248369,2.087897555990111,0.6695843938647537
3,6.481108708248369,2.087897555990111,0.6695843938647537
3,5.703136751357282,1.2979898466217823,0.6831814082082012
3,7.793479992799831,1.044773136246019,0.6740631613459097
3,6.2165531099405245,1.0242578019885404,0.7453164599112109
3,7.1436352037255455,1.5712123759402299,0.7630634135619593
3,7.1436352037255455,1.5712123759402299,0.7630634135619593
3,7.386825285523314,2.2554786140087146,0.7548198256171473
3,5.924237581171884,1.1464214028825945,0.7207889795823874
3,6.867624641896518,1.6337022177225913,0.7202568723945066
3,7.2438190460835825,2.3523265548360826,0.6701303814571977
3,7.2438190460835825,2.3523265548360826,0.6701303814571977
3,8.467896150658431,2.1277978541713196,0.7189775811220529
3,8.467896150658431,2.1277978541713196,0.7189775811220529
3,7.746727795983998,1.2911496983713824,0.7342361469055225
3,8.354894203527543,1.4769536145965945,0.7053722008252455
3,6.9157619096159255,1.0400509928376922,0.6799818624702626
3,6.5169407328091795,1.1725326305175945,0.6819107005353299
3,6.5169407328091795,1.1725326305175945,0.6819107005353299
3,6.450198402793779,1.4344924420182403,0.696599405554531
3,6.450198402793779,1.4344924420182403,0.696599405554531
3,6.450198402793779,1.4344924420182403,0.696599405554531
3,5.407242734304541,1.1828938188861848,0.7569982285775658
3,7.18191578494782,0.8238061555635008,0.7115402596504212
3,5.6372187033387275,0.7987713796706277,0.6794428979559085
3,6.53938451306636,0.9081835820054578,0.6767701255903823
3,6.029188296678003,1.0142610580639992,0.6878200822325148
3,6.029188296678003,1.0142610580639992,0.6878200822325148
3,6.23835132010932,1.2772762368597537,0.6899660567478354
3,10.27593979469776,2.3450596992920145,0.7534136212673644
3,9.359794014221803,2.921902655307072,0.6947190617920402
3,6.787633994001537,1.2715454402867918,0.7155292852556191
3,6.311301679552938,0.7653435082420537,0.638379011595968
3,5.407137310151101,0.8767799833258457,0.6836429526473512
3,7.472011073631996,1.7791277039134485,0.7852030267171141
3,8.397905832330427,1.925092694370488,0.7580363042771975
3,7.759443980080308,1.0040827495055238,0.7319567469956368
3,7.590450743423984,1.3496082991229694,0.7739910214383573
3,7.223703462088463,1.2525986356221508,0.7427994900676739
3,7.223703462088463,1.2525986356221508,0.7427994900676739
3,6.400136113935951,1.041780968036799,0.7773125913433193
3,6.129259609565037,1.63520589363186,0.750364180096757
3,6.948044103161606,1.8282701921612992,0.7806203478301493
3,7.58327310790072,1.9032290630561952,0.7182573063716104
3,5.878105979255581,1.5714511015740604,0.7222761500682797
3,5.878105979255581,1.5714511015740604,0.7222761500682797
3,7.051202579789969,1.3202518226106639,0.6558450722670202
3,7.051202579789969,1.3202518226106639,0.6558450722670202
3,7.051202579789969,1.3202518226106639,0.6558450722670202
3,7.077580321505327,1.909437093890052,0.6430364357583336
3,7.077580321505327,1.909437093890052,0.6430364357583336
3,7.077580321505327,1.909437093890052,0.6430364357583336
3,7.077580321505327,1.909437093890052,0.6430364357583336
3,7.077580321505327,1.909437093890052,0.6430364357583336
3,7.192585821619817,1.5714273228674487,0.693664186004464
3,7.192585821619817,1.5714273228674487,0.693664186004464
3,6.60241125598422,1.0168870640786125,0.7225994971115985
3,7.904372805744604,1.9178018704443123,0.6853860978778963
3,7.009375816191442,1.0588971391165565,0.73012027090174
3,7.661715024819,0.9272337618602875,0.6612474970737744
3,8.31335810845692,1.153716839344508,0.7722583828269786
3,8.181031078140109,1.9127138464440958,0.743185625683163
3,8.848706476323848,1.4400393146378476,0.7299561071377016
3,7.387067490874151,1.8556228201961826,0.7626198658437344
3,7.387067490874151,1.8556228201961826,0.7626198658437344
3,6.746566444741481,1.1945065854793038,0.7970518112605349
3,8.374717782230285,1.7485224261534036,0.7405709012629652
3,8.374717782230285,1.7485224261534036,0.7405709012629652
3,11.196476168456838,2.5643488395957763,0.7761073186176212
3,9.67305010030138,1.4118524118456293,0.7694039261709997
3,9.425460378749857,2.7433175721110636,0.7305261381313409
3,9.425460378749857,2.7433175721110636,0.7305261381313409
3,7.911118416419451,1.4944082669277807,0.6998967665127565
3,8.838843561259054,1.1919478071398444,0.7426192485566141
3,8.136406441143809,1.711197136292991,0.690767223563151
3,8.136406441143809,1.711197136292991,0.690767223563151
3,7.3133510649175255,1.299566474422804,0.6879155211358835
3,7.3133510649175255,1.299566474422804,0.6879155211358835
3,5.943820175954598,1.2053446191503525,0.696974736544049
3,6.56137187852211,0.8812706697186319,0.6645135659513602
3,6.203911063589248,0.7504785408786028,0.6670194886752765
3,7.611835858905579,0.627186435664942,0.7916464067899848
3,7.0803308481133165,1.8330035612492548,0.8435224517493628
3,7.052927117173606,1.4945460553970262,0.8037551332151676
3,5.986758944997476,1.4885244287110797,0.8116078567889348
3,6.170340309403632,0.5496832275964372,0.7355578504019402
3,6.246670431484826,0.5615456452830364,0.7050936468338885
3,6.599200596344684,0.6697247741405989,0.7748335943662712
3,6.642137108518204,0.6366561687101923,0.7420456143163832
3,6.3742422165383426,0.7093220438572949,0.6864698011538023
3,5.939519637291807,1.3241816084527662,0.6703553422894492
3,5.837390416939033,1.0806754067308946,0.6127891078059757
3,8.51682634582374,1.499961400307389,0.747085438906545
3,8.243680280787983,1.4778452324628748,0.7607893837283356
3,7.524071444173958,1.6660311260590073,0.7570683286896732
3,7.524071444173958,1.6660311260590073,0.7570683286896732
3,9.603025708918128,1.7658198285309044,0.6951838158372345
3,9.603025708918128,1.7658198285309044,0.6951838158372345
3,9.603025708918128,1.7658198285309044,0.6951838158372345
3,7.183667853479263,1.5289742703846934,0.6559982832729938
3,7.183667853479263,1.5289742703846934,0.6559982832729938
3,7.183667853479263,1.5289742703846934,0.6559982832729938
3,7.996777654090464,1.392557799822039,0.7308621942274145
3,7.996777654090464,1.392557799822039,0.7308621942274145
3,7.996777654090464,1.392557799822039,0.7308621942274145
3,8.93871975705858,1.2934839150610136,0.7138815923514681
3,8.93871975705858,1.2934839150610136,0.7138815923514681
3,7.404020424205544,0.8552185282247657,0.7606174849949109
3,6.844765354709319,0.8959358872343384,0.7803567595174505
3,6.933171979207302,0.7543379504441634,0.7698196689440095
3,6.933171979207302,0.7543379504441634,0.7698196689440095
3,5.8232141009217235,0.6510082177011558,0.712772272605535
3,6.32749830749227,0.7295345457573907,0.7645577135029934
3,6.905208411228607,0.6518192673140379,0.6773582688842099
3,5.5901606037392035,0.5180106153273449,0.6220665860889023
3,4.991840547463748,0.5176340897415982,0.6632533590357306
3,6.825421431893107,0.5142069908995788,0.7374559537137635
3,7.0829048339760075,0.5075789366189375,0.6692164841182443
3,5.1831523951536616,0.5147263957025309,0.722409288759186
3,5.1831523951536616,0.5147263957025309,0.722409288759186
3,5.490969524801015,0.536286165160492,0.709657539690754
3,6.09204518658609,0.5612748840983516,0.7181083403760531
3,6.09204518658609,0.5612748840983516,0.7181083403760531
3,7.007513575760552,0.6428850212735073,0.7218373620096266
3,6.044900254400886,0.5472314715323167,0.7424512137671837
3,6.044900254400886,0.5472314715323167,0.7424512137671837
3,5.963308001021231,0.5435247580552469,0.7127290804495562
3,5.022423362603761,0.5135195013496537,0.7683881108862929
3,5.380647813573717,0.5184004099485899,0.7045006522038094
3,5.527600629800208,0.5488378990222498,0.6677107794371868
3,5.088993729444733,0.5317716967289053,0.6746694043580511
3,5.088993729444733,0.5317716967289053,0.6746694043580511
3,7.348094572215781,0.6092549659291939,0.6492133931248046
3,7.132779296445747,0.7763259868227856,0.7467724303266685
3,5.82144073391438,0.7493496649248857,0.6710906197201458
3,6.236274310719912,1.1883071068114444,0.732209610787732
3,8.053185230832728,2.1138503405845097,0.7196670142471623
3,8.053185230832728,2.1138503405845097,0.7196670142471623
3,7.890864537204842,1.2421685332114714,0.7759527616703494
3,7.890864537204842,1.2421685332114714,0.7759527616703494
3,7.40666802446092,1.6884720311235488,0.7608572267380119
3,7.40666802446092,1.6884720311235488,0.7608572267380119
3,5.61244442737276,1.0218567876086393,0.7480307617980149
3,5.325642777622773,0.8175573069981481,0.7258265908907121
3,5.607595523540607,0.7437118612446304,0.6769415090757682
3,5.487760477445204,0.9355019091487498,0.6999920671124553
3,5.487760477445204,0.9355019091487498,0.6999920671124553
3,5.487760477445204,0.9355019091487498,0.6999920671124553
3,5.487760477445204,0.9355019091487498,0.6999920671124553
3,5.487760477445204,0.9355019091487498,0.6999920671124553
3,5.597186215678277,0.7938496407226799,0.8078024398212138
3,6.0720096525772265,0.6187714761399472,0.7744372254418564
3,6.0760387004107965,0.7843638938182291,0.6436606324902248
3,7.838323752227015,1.4994877797593182,0.7107339005494151
3,7.605665219539267,1.6291414625695977,0.6593185597622121
3,7.605665219539267,1.6291414625695977,0.6593185597622121
3,7.605665219539267,1.6291414625695977,0.6593185597622121
3,7.605665219539267,1.6291414625695977,0.6593185597622121
3,7.605665219539267,1.6291414625695977,0.6593185597622121
3,7.605665219539267,1.6291414625695977,0.6593185597622121
3,7.605665219539267,1.6291414625695977,0.6593185597622121
3,6.843066150817667,1.2029141257774518,0.6282659393129594
3,7.822492812523117,0.963779761971397,0.6526801517627142
3,5.110755829216777,0.8056033723800851,0.7512944652157034
3,5.125025970618654,0.5924910696892756,0.7144786591850016
3,4.192119929039205,0.552310409440347,0.7437430585192233
3,6.868161922607062,0.5388857083973021,0.6440242596697486
3,7.098607460552326,0.5215096230422172,0.7609831313916672
3,7.264500131420964,0.6343784738223526,0.8161891645505509
3,5.1355354709841,0.5873082438841766,0.7742982547140534
3,5.600221773665246,0.9187308668409226,0.7986320426524517
3,5.302704199391138,0.8929057206438553,0.7339182046734077
3,8.780027274637053,2.0383081552690276,0.6606066553377687
3,7.8901663415965935,1.1369108352905686,0.7528474475917244
3,10.716503428430462,2.452116215201877,0.7470906889221942
3,5.177426769766158,1.3579288405774514,0.7297955710904619
3,6.5026679166433174,1.284038907951481,0.7987166359541372
3,6.87156721916225,1.3545408036854112,0.7862827913217463
3,7.893728109813457,2.159420991058564,0.7119415342221638
3,6.435917321942074,1.342941086278549,0.6667398543383429
3,6.435917321942074,1.342941086278549,0.6667398543383429
3,6.435917321942074,1.342941086278549,0.6667398543383429
3,8.10578782889086,2.0344885878538577,0.7698994505506663
3,8.552688914660962,1.2506209312406202,0.7257292726558944
3,6.7196517931359905,1.0961305303013154,0.6892968197833707
3,5.68662204862481,0.6876248948342595,0.7135375044131078
3,5.4814957511311935,0.7874606107617107,0.7152901882755497
3,6.9986503659378805,1.0989171998850482,0.690472628430135
3,7.264285763474499,0.8602019465571982,0.7080708647846481
3,6.541674514032739,0.9802384576090106,0.7703205828564608
3,6.1042646919479395,0.9314674882983878,0.6251230030870184
3,9.001807622991928,2.0380560078663903,0.6214799520146259
3,8.397556110675023,1.9722010747124947,0.6091290834653598
3,8.397556110675023,1.9722010747124947,0.6091290834653598
3,7.373020065655272,1.5082962257411867,0.6711218060643271
3,8.67642951430064,1.5293609794875576,0.7254761958711308
3,8.67642951430064,1.5293609794875576,0.7254761958711308
3,8.037124715899125,1.6755947658735373,0.7484570984167052
3,9.583456586181645,2.199817681968507,0.7551554949989242
3,9.583456586181645,2.199817681968507,0.7551554949989242
3,7.556881154254448,1.7532680085222445,0.7143191337960986
3,7.556881154254448,1.7532680085222445,0.7143191337960986
3,7.556881154254448,1.7532680085222445,0.7143191337960986
3,7.556881154254448,1.7532680085222445,0.7143191337960986
3,7.085871149230327,1.2143568409847743,0.6782200361050552
3,6.387447743255133,1.278411479611027,0.644162309077945
3,6.387447743255133,1.278411479611027,0.644162309077945
3,6.196942515019315,1.857765898976062,0.7306309602548475
3,7.860341787148506,1.9609492185129758,0.6770070935194695
3,7.860341787148506,1.9609492185129758,0.6770070935194695
3,7.574634451508976,1.423804027282315,0.7355061991922335
3,5.570381303056035,0.9037760573919591,0.7725422277951677
3,7.136752674428791,0.8946280627675746,0.6631500856567214
3,7.173181452353474,1.0731821216482516,0.6599076662824478
3,5.87064583256156,0.5894972138354015,0.7468810213949257
3,5.87064583256156,0.5894972138354015,0.7468810213949257
3,5.541570193061385,0.6111885965269158,0.7199308513670689
3,6.914385009494202,0.595947873467116,0.7548719787408776
3,6.035430247960281,0.6970843864204506,0.6705511673196901
3,5.9217453115495,0.6956711073296259,0.7450567945384284
3,5.7825546768115474,0.9571759667003321,0.7353845948724638
3,6.0537136979603465,0.9874578953625175,0.8230110113192849
3,7.314826460583397,1.8005760244134514,0.8341184932462791
3,8.55109847063224,2.4853018228201527,0.818610223630642
3,8.55109847063224,2.4853018228201527,0.818610223630642
3,8.55109847063224,2.4853018228201527,0.818610223630642
3,9.03446613398228,1.2446529846647816,0.7528145981171892
3,7.922643419422673,0.9822042574557693,0.7873042086414722
3,7.287290440894033,1.0745816859205424,0.70056445578614
3,5.826844617803411,0.8357666964101629,0.7262606729680008
3,7.1165327092788155,1.4296443527680398,0.801248978859517
3,7.508569142941881,1.7876627387743758,0.7554190358562375
3,7.078059504764053,0.9548573543088354,0.6847707647695752
3,8.178458832758551,1.3119556332069124,0.7309841265136112
3,8.178458832758551,1.3119556332069124,0.7309841265136112
3,7.153486883427901,1.2236878620799634,0.7786345115191409
3,5.725018012319038,0.9845875759156149,0.7622069080605091
3,6.793532606313695,0.8633166066200247,0.6928956726777346
3,6.793532606313695,0.8633166066200247,0.6928956726777346
3,7.288079381400747,1.6300381657272063,0.694579090421954
3,7.955841843226831,1.3769973437216265,0.7040041939962361
3,6.5486470017497345,1.2741648574484534,0.7320530034808667
3,7.170721498703289,1.023724841634891,0.7150383598289004
3,8.697360083771372,2.1026779165582035,0.6734728749664167
3,8.772136301810573,2.6552852403281215,0.6915713076932839
3,8.348632045470799,2.366724997355254,0.7161901353878256
3,8.105684847431755,2.314383386850613,0.6927643674534913
3,8.105684847431755,2.314383386850613,0.6927643674534913
3,7.703063461210496,1.5445746053210674,0.6973045937333796
3,7.703063461210496,1.5445746053210674,0.6973045937333796
3,8.621948625808281,2.2457029087355873,0.6595422111209965
3,6.477910749729249,1.552295607283984,0.7418591233648318
3,5.528979950425296,1.4360940097457742,0.7387280430529188
3,6.93812970128218,1.149885868163076,0.6570209016362444
3,6.93812970128218,1.149885868163076,0.6570209016362444
3,9.0080390959238,1.9025016478610937,0.6354936468755272
3,6.737338687495607,1.4223752874154492,0.6155891044002388
3,8.622867064429169,2.426996248874708,0.6695940293891955
3,8.622867064429169,2.426996248874708,0.6695940293891955
3,8.622867064429169,2.426996248874708,0.6695940293891955
3,8.622867064429169,2.426996248874708,0.6695940293891955
3,8.398833524436025,2.000366062983327,0.7209510471581683
3,8.50181742309427,2.9026864280910982,0.6443454777406757
3,6.592373472167764,1.1702306764375967,0.6333330423882733
3,6.0058381246734,0.9059522934256976,0.6845933308112235
3,6.0058381246734,0.9059522934256976,0.6845933308112235
3,6.0058381246734,0.9059522934256976,0.6845933308112235
3,5.422399153124408,1.142925764693186,0.7901666441065547
3,6.87834058790266,1.7361616164425508,0.7409198160550823
3,8.031311598942033,1.2311699834247913,0.6578779696560308
3,7.726438897246332,1.300953911107238,0.7633214265584198
3,6.455358732682439,0.9645100680828562,0.7281426756292201
3,6.4712153154995695,1.0600331476859937,0.7221830157982887
3,6.345655381195674,1.1984017305263948,0.6523504894408004
3,6.345655381195674,1.1984017305263948,0.6523504894408004
3,8.09728332769265,1.832303713024549,0.7259222072988131
3,7.783210685882526,1.419274239986364,0.6947886886346623
3,7.783210685882526,1.419274239986364,0.6947886886346623
3,7.783210685882526,1.419274239986364,0.6947886886346623
3,7.783210685882526,1.419274239986364,0.6947886886346623
3,8.666370609687764,1.5488243486908528,0.6981516480212094
3,8.666370609687764,1.5488243486908528,0.6981516480212094
3,8.666370609687764,1.5488243486908528,0.6981516480212094
3,8.53797239506762,1.5373726626052784,0.6798032416081686
3,12.267560030146202,2.820022926185192,0.6376335860588622
3,12.81221214180203,2.812894836905674,0.7340998291158348
3,6.443425117105908,1.1809713442915637,0.8254519398750907
3,5.3408075206543195,0.7552519159532689,0.7235656821480314
3,8.231182176936088,1.4744604673279593,0.7355700831637602
3,8.231182176936088,1.4744604673279593,0.7355700831637602
3,6.093556112597807,0.9291003890848709,0.7557503847146244
3,6.699753230129047,0.8992707206219973,0.7502202425467521
3,6.7447381120564485,0.71445605715427,0.7044681831796679
3,6.7447381120564485,0.71445605715427,0.7044681831796679
3,5.408352157590976,0.619079667572098,0.7580573416910558
3,5.075424270980941,0.6014378583108286,0.7380007174658967
3,5.075424270980941,0.6014378583108286,0.7380007174658967
3,6.780232665715007,0.9644757224486623,0.6871075875773881
3,7.35676255132699,1.1621072374542833,0.6681212629415461
3,6.030822228024872,1.0152318853859976,0.7072287113063515
3,9.489292257529007,2.2588616228348766,0.7128707178125706
3,9.489292257529007,2.2588616228348766,0.7128707178125706
3,9.489292257529007,2.2588616228348766,0.7128707178125706
3,7.085725633761874,2.086060462268918,0.7843104932094128
3,5.255385879811249,1.3566763146916958,0.6962978248478108
3,5.255385879811249,1.3566763146916958,0.6962978248478108
3,5.255385879811249,1.3566763146916958,0.6962978248478108
3,5.510238268684192,1.5282048583296142,0.77469849977118
3,7.619500105612899,0.9891550790386852,0.7534736184530427
3,7.619500105612899,0.9891550790386852,0.7534736184530427
3,7.333314280076018,1.2313893271670873,0.7570887779379909
3,7.137092084916537,1.6223511523677765,0.7378871027048665
3,7.137092084916537,1.6223511523677765,0.7378871027048665
3,6.41185144138237,1.7663501132226485,0.6728986329331379
3,8.893307923486741,1.7490766471541712,0.6527999898579427
3,8.32734167664806,1.2875579434753655,0.7302932586503234
3,7.008284488571676,2.20658722505707,0.7590699401661543
3,7.8013038130516446,1.973751304899517,0.7359389476712156
3,8.224133884451831,1.5183698695720158,0.6992230119218666
3,8.224133884451831,1.5183698695720158,0.6992230119218666
3,8.224133884451831,1.5183698695720158,0.6992230119218666
3,7.530263756785085,1.274251817004214,0.6480120303918009
3,7.530263756785085,1.274251817004214,0.6480120303918009
3,7.530263756785085,1.274251817004214,0.6480120303918009
3,7.4018363797485724,0.9506695651789839,0.671213219805189
3,6.838833473967222,1.5871849464780587,0.6390050551856435
3,6.412682874881237,0.9336057939671321,0.7281126584011485
3,6.8253455705996195,2.0869116686187645,0.7272973966534961
3,8.684868996056814,2.1926598995962125,0.7222442498417904
3,8.684868996056814,2.1926598995962125,0.7222442498417904
3,8.27125923826771,1.6201937702047877,0.7083314220493595
3,7.400645909882504,1.1522530757383018,0.7860093328190348
3,6.0263201885073014,0.956969089962119,0.6700277463616943
3,6.0263201885073014,0.956969089962119,0.6700277463616943
3,8.5350770054427,2.4974994276549665,0.7528201845328133
3,8.616727464743338,1.9009983005423927,0.6571188263993227
3,9.403419114826617,2.2930895075949547,0.7113364867045244
3,9.403419114826617,2.2930895075949547,0.7113364867045244
3,8.441589827419197,2.7229909075534007,0.7230979786675171
3,6.9353584822795336,1.300753874039825,0.7422640910589987
3,6.9353584822795336,1.300753874039825,0.7422640910589987
3,6.121009624547266,1.0816054585408827,0.7034218608218104
3,7.020755137019726,1.047647741538589,0.7247425893110356
3,7.215189871443522,0.9411711016891452,0.7205093786394107
3,4.85258366592722,1.0604055341882406,0.6902750695300354
3,6.142760298251852,1.800522084923391,0.7035365870398097
3,6.488474222609321,2.1262909439189057,0.6621308288973895
3,6.956022729135656,0.680686510740943,0.6439217300047875
3,4.957637010136812,0.6433600662181653,0.6712146360269333
3,5.459057525224967,0.6828309202856364,0.6934434088156145
3,6.284371656676979,0.7748843843058199,0.7245251197453068
3,8.824133939756097,2.024388594150259,0.7769339330348599
3,8.824133939756097,2.024388594150259,0.7769339330348599
3,8.824133939756097,2.024388594150259,0.7769339330348599
3,8.538855694162727,1.9577713063827746,0.7860962867242371
3,6.598720084476898,1.3553129238344965,0.6728229671138486
3,6.598720084476898,1.3553129238344965,0.6728229671138486
3,7.432970497281063,1.105640451982331,0.6922751522892822
3,7.081650824284295,1.1494482328590072,0.7430929330115315
3,7.081650824284295,1.1494482328590072,0.7430929330115315
3,6.9308602991221475,1.3009833383646896,0.6750496467803438
3,7.8870809317021005,1.5697199913886184,0.6512933464717713
3,7.8870809317021005,1.5697199913886184,0.6512933464717713
3,5.699974307239064,1.4794509265745837,0.6461296990069849
3,8.231115866633555,1.8945662344142906,0.735912283909314
3,8.231115866633555,1.8945662344142906,0.735912283909314
3,8.231115866633555,1.8945662344142906,0.735912283909314
3,6.288210858771989,1.7816595910661968,0.6461294526475782
3,5.380371505926824,0.9281624607837167,0.7634057067539639
3,5.380371505926824,0.9281624607837167,0.7634057067539639
3,6.100317748359129,1.0703856903508695,0.7240716722980314
3,7.9302708871875085,0.9653999714588952,0.6229776792927587
3,7.165834581934921,1.4129399447688442,0.7067289955381806
3,7.165834581934921,1.4129399447688442,0.7067289955381806
3,8.304154303014565,1.0546809531303882,0.7643616969094014
3,5.467204434983116,0.6439280849207184,0.7785071214299892
3,5.588451023526352,1.6264274409083308,0.7174222778628985
3,5.731129288240435,1.4509866190407283,0.6623464535409161
3,6.938758320902712,2.0379258121134742,0.6765816505764848
3,8.951652148314126,2.6736849748615046,0.677671683539058
3,8.951652148314126,2.6736849748615046,0.677671683539058
3,8.951652148314126,2.6736849748615046,0.677671683539058
3,8.951652148314126,2.6736849748615046,0.677671683539058
3,7.214061774059656,2.20229775958125,0.716194376511224
3,5.892299740665117,1.2878341242031464,0.7185358270335968
3,5.267557067367115,0.7666311203853284,0.6959681118527242
3,5.97435702546951,0.9413036173109359,0.6919831563375851
3,6.880705717604144,1.1917730873136398,0.7339743942890826
3,7.543909445745496,0.6907507879095597,0.7286584468224414
3,5.475275868172346,0.7491425840910594,0.6788791946038135
3,5.964484756582126,0.7217773974834206,0.6697954567112324
3,6.595218528155176,1.0654284566934402,0.7382327410246887
3,6.595218528155176,1.0654284566934402,0.7382327410246887
3,6.874039804099432,2.018021795680432,0.7487868846633936
3,9.097958227042355,1.58746810730233,0.7497104745813257
3,8.06634341656996,2.010194808245682,0.8138285829687439
3,8.06634341656996,2.010194808245682,0.8138285829687439
3,8.06634341656996,2.010194808245682,0.8138285829687439
3,6.524928002154697,0.876468441944296,0.757488383343058
3,7.016010616534555,0.8189331329607294,0.7045522851614343
3,6.251637653035086,0.9518983698818753,0.6702209967307464
3,5.894791026196581,1.0554832220941952,0.7612119699762181
3,5.894791026196581,1.0554832220941952,0.7612119699762181
3,8.568379623729093,1.0976538655521313,0.7165796601560357
3,7.645966965639936,1.6269401049435923,0.7034837312196438
3,6.16470417546368,0.9568987259839368,0.7660287519303843
3,6.165596450210038,0.9460338397353526,0.6809465871846787
3,7.090461949266356,1.8179750856898715,0.6714627431701525
3,7.090461949266356,1.8179750856898715,0.6714627431701525
3,8.315098378708749,2.302916606710954,0.7213721231324465
3,8.536173875332363,1.5441095158976728,0.6967818005562844
3,8.536173875332363,1.5441095158976728,0.6967818005562844
3,8.55274365689031,2.511850764863013,0.6734431006863771
3,8.55274365689031,2.511850764863013,0.6734431006863771
3,7.467494161867985,1.933895260524348,0.6997528543667144
3,7.467494161867985,1.933895260524348,0.6997528543667144
3,6.680970309918733,1.290202824983365,0.6767584222811975
3,6.652614738219893,1.4932268907245239,0.73747517699441
3,8.46701413602286,1.453603696394933,0.6564298361131417
3,8.46701413602286,1.453603696394933,0.6564298361131417
3,8.46701413602286,1.453603696394933,0.6564298361131417
3,6.116203574678902,1.1904991148798167,0.6807432659866293
3,6.246890984168857,1.1532942023650292,0.6536443852954948
3,7.056627955035562,1.170100726870432,0.6651523245039359
3,7.885441932773681,1.2081882133693775,0.7524528971055411
3,8.324559625864246,1.8566093134035424,0.7337297090669227
3,6.939071618687654,1.4483963315446684,0.7032741256536652
3,7.2201917077808,1.52903394059314,0.7482018100466467
3,7.247131598590498,1.3337924905913825,0.7229816066349812
3,8.145664376553409,1.6407920147819686,0.6657922085107815
3,8.145664376553409,1.6407920147819686,0.6657922085107815
3,8.145664376553409,1.6407920147819686,0.6657922085107815
3,7.852224123970418,2.2421003635607546,0.6728554639162483
3,7.265643197852797,1.9132366233184241,0.6533616391745323
3,7.1438728955632085,1.5650741763052225,0.7052081180878381
3,7.58088855390547,1.3251367417669506,0.6845080752576678
3,6.068300459647566,1.2337583291263665,0.758891970246638
3,5.17637595966618,0.5943408487415924,0.7074683351193263
3,5.17637595966618,0.5943408487415924,0.7074683351193263
3,5.359695911508163,0.8774171960354795,0.6592064667363958
3,7.743050913070367,0.7607364507707761,0.6703260135028908
3,7.743050913070367,0.7607364507707761,0.6703260135028908
3,5.565012480954094,0.8403797899518746,0.7811078746206037
3,5.748813048255991,0.8204597308351522,0.6424209761932471
3,5.635908944878591,0.8249859810937533,0.6653624999222175
3,5.635908944878591,0.8249859810937533,0.6653624999222175
3,7.301906887406768,0.9945435060825163,0.6755723636174742
3,7.581923618752257,1.14514910873999,0.6718548553009211
3,6.460985268199622,1.3013485792276884,0.7133833852079408
3,7.121220139531549,1.5712570024243249,0.7373632149543659
3,7.121220139531549,1.5712570024243249,0.7373632149543659
3,7.121220139531549,1.5712570024243249,0.7373632149543659
3,6.3261178953906985,1.051968858928448,0.6616672829724726
3,6.3261178953906985,1.051968858928448,0.6616672829724726
3,7.474333109244568,1.4046029874538872,0.6342169466571953
3,7.663768701548436,1.5407182263729424,0.7251463932582112
3,8.390614173068792,1.652342548725927,0.7115991622671777
3,7.0318746914596835,1.8122510096515265,0.7084187676505971
3,7.0318746914596835,1.8122510096515265,0.7084187676505971
3,7.0318746914596835,1.8122510096515265,0.7084187676505971
3,7.561779264635072,2.3060420882500186,0.6535573672959867
3,7.803405345978046,1.4197810245732654,0.6793562678538335
3,7.546085584956824,1.2373800402902848,0.7120738237887265
3,7.546085584956824,1.2373800402902848,0.7120738237887265
3,7.546085584956824,1.2373800402902848,0.7120738237887265
3,6.900686304526438,1.4872339148286307,0.6703111843769926
3,6.900686304526438,1.4872339148286307,0.6703111843769926
3,7.565246220841662,2.1766816298956426,0.7382548206261311
3,7.903155015454174,1.7042266093311904,0.6722728019368381
3,7.903155015454174,1.7042266093311904,0.6722728019368381
3,7.903155015454174,1.7042266093311904,0.6722728019368381
3,7.903155015454174,1.7042266093311904,0.6722728019368381
3,10.487178229591752,2.2569612693518,0.7211214486453196
3,10.487178229591752,2.2569612693518,0.7211214486453196
3,6.619571726219656,1.9653540634196884,0.6603127989468867
3,6.619571726219656,1.9653540634196884,0.6603127989468867
3,6.617069998385362,1.608787678623044,0.7279497600561559
3,6.617069998385362,1.608787678623044,0.7279497600561559
3,6.6019758874023164,1.4689637117190069,0.6515177979876092
3,8.103568466859407,2.4860953532095253,0.6873551834517198
3,7.233790135216147,1.3687571022036722,0.6410044228106595
3,6.820477683252645,0.7242977686117038,0.7447846913266258
3,6.326309922053239,0.7201634128120002,0.7748579887270606
3,6.326309922053239,0.7201634128120002,0.7748579887270606
3,7.002176300024833,0.7888983497830302,0.7284580637158284
3,5.706693573641933,0.6515438627671533,0.7359259458795644
3,5.5563063473573955,0.782775582400949,0.7426972243188946
3,6.042108755897823,1.270073179235029,0.7188124411715031
3,5.2332586244636135,1.1938948566118643,0.7719972560529558
3,5.2332586244636135,1.1938948566118643,0.7719972560529558
3,5.581526277542652,1.5440784522808757,0.7942672527919103
3,7.755332287434891,1.1111730111755098,0.8341932310719086
3,7.5685003940874935,1.0896879412144527,0.7920189079296056
3,6.955498035819704,2.018897929176059,0.6883385203461404
3,5.567419184610071,1.383019653345218,0.7192055947754834
3,9.24316195504212,1.596885522253491,0.6524823642825487
3,8.610371968910567,1.7730448196842419,0.7322317100323834
3,7.887085564344072,1.9483064550673737,0.7154724208810496
3,6.704241108890915,1.2659273425542976,0.6671357195925935
3,7.72181316218678,1.8367295211827892,0.6684512219227502
3,7.539536659236671,2.142793353869352,0.7592977624999656
3,6.412305353189418,1.3746495901442515,0.7720838627137513
3,6.102152393222919,0.7586389628541299,0.6941788999592705
3,8.180479081660643,0.7717882379425565,0.6750987156139532
3,8.180479081660643,0.7717882379425565,0.6750987156139532
3,6.284779975337179,0.7808595058612672,0.7053432154556787
3,7.229030343201732,1.141294079839784,0.728895607965137
3,7.79056265673584,1.3068696266487088,0.7893098231529757
3,6.827486298853046,1.4456598264944542,0.7572551336367902
3,6.965655797517635,1.3831407428042186,0.6999632537683225
3,7.626374356369472,1.8771071037174194,0.7284762825491535
3,6.824764575512576,2.0792445633524164,0.703794026170791
3,6.824764575512576,2.0792445633524164,0.703794026170791
3,6.786535957802709,2.2877690788569565,0.7476652742379243
3,7.277308034798511,1.37406840058211,0.7579532482781755
3,7.277308034798511,1.37406840058211,0.7579532482781755
3,6.580389382058668,1.6989444877093414,0.7059230090105705
3,7.455886966936069,2.159917367595876,0.7308367010250209
3,7.830975776836538,1.5706513254134595,0.7073275177309449
3,7.830975776836538,1.5706513254134595,0.7073275177309449
3,6.224875286996049,1.322556082194245,0.709932072978171
3,6.224875286996049,1.322556082194245,0.709932072978171
3,6.224875286996049,1.322556082194245,0.709932072978171
3,8.135545820757288,1.5755858127939295,0.6838502050387525
3,8.135545820757288,1.5755858127939295,0.6838502050387525
3,8.135545820757288,1.5755858127939295,0.6838502050387525
3,8.135545820757288,1.5755858127939295,0.6838502050387525
3,8.135545820757288,1.5755858127939295,0.6838502050387525
3,8.135545820757288,1.5755858127939295,0.6838502050387525
3,8.135545820757288,1.5755858127939295,0.6838502050387525
3,8.135545820757288,1.5755858127939295,0.6838502050387525
3,7.801341416695589,1.7579099645681515,0.7537479561065308
3,7.801341416695589,1.7579099645681515,0.7537479561065308
3,5.756404835036281,1.0328068432487054,0.7126301433319168
3,6.960155041728927,0.8709294224823061,0.66085618588168
3,5.313758185115286,0.9716827289117125,0.7116335436917541
3,5.621051942141295,0.5653262327082672,0.8057639577318421
3,5.621051942141295,0.5653262327082672,0.8057639577318421
3,5.621051942141295,0.5653262327082672,0.8057639577318421
3,6.404610607657087,0.696923753134936,0.743586882784733
3,7.7298951415769634,0.9113931563822273,0.7138560543718929
3,7.004949158893612,1.2172242624951455,0.7542385095093689
3,6.376078486897775,1.149411439964966,0.7728422781169835
3,6.373666408987091,0.9556656178486538,0.7102910138762584
3,6.373666408987091,0.9556656178486538,0.7102910138762584
3,6.022119382522665,0.9660276821085447,0.6501892741729982
3,7.167219476096051,1.0503608639893527,0.6323479319445614
3,7.167219476096051,1.0503608639893527,0.6323479319445614
3,6.506769422014169,0.9490679324731711,0.676885802432356
3,6.86338145155241,1.472625946133788,0.6925062538122683
3,6.569999952936343,1.1593658159923312,0.6925184892464361
3,7.1098457900508345,0.9109427442664346,0.6983364258562746
3,7.65149222215425,1.6215406229509646,0.6339538905165595
3,6.644878120670834,1.817733581883143,0.7708980662779675
3,5.59950514679957,0.8764181251141241,0.6997682661749355
3,5.59950514679957,0.8764181251141241,0.6997682661749355
3,6.04130885420873,0.9131759908829684,0.7473802299200647
3,6.608577916274478,1.8772334157116664,0.7275403862749681
3,6.878184592519289,1.5951922126447584,0.7910900696421247
3,10.057937512870248,1.9952063264792164,0.6856826507205781
3,6.834704310168904,1.1522414718903233,0.776080969190518
3,6.7337965749767275,0.93507420159921,0.7154850760041892
3,6.766329070656926,1.2156297107962493,0.794071515531481
3,8.410111003725145,1.528076639092862,0.7514703986435096
3,7.188364699357722,2.0386362562774885,0.7365502273014622
3,6.869907219708928,0.8998581747328158,0.7439515884073797
3,7.532988051037155,1.7793731677618478,0.6635972222549338
3,7.716924620261891,1.0784483227233177,0.7087987907680395
3,7.136545964520624,0.6707379942812525,0.6838186456998391
3,9.01698179658503,1.3375819511814386,0.6962346317743152
3,5.556442212849835,0.5431134738835104,0.7707064449126492
3,5.556442212849835,0.5431134738835104,0.7707064449126492
3,5.556442212849835,0.5431134738835104,0.7707064449126492
3,5.556442212849835,0.5431134738835104,0.7707064449126492
3,5.556442212849835,0.5431134738835104,0.7707064449126492
3,5.556442212849835,0.5431134738835104,0.7707064449126492
3,4.578707091655324,0.5452978597565922,0.7928331257003512
3,5.900824681082739,0.6105383725064337,0.8069223646647533
3,5.450514160518627,0.5603557227827497,0.6861135588792407
3,5.030023562951425,0.5162233952205658,0.718329697170023
3,5.235387576532491,0.5332892607021475,0.7814717023010435
3,5.6810536748877265,0.5606821372452918,0.6936529618275177
3,6.478543409106542,0.5207215798225642,0.6777179752883803
3,6.478543409106542,0.5207215798225642,0.6777179752883803
3,6.388208584060992,0.5303890127156196,0.6208656814700733
3,5.542240940124789,0.5255689368772519,0.6629124132816495
3,6.451020301672184,0.5124940416106946,0.7213540056275402
3,6.594365925709084,0.5126786091656172,0.5951708709609459
3,5.089724694352837,0.5477928591981421,0.6931804659125688
3,4.870677618982427,0.532753570804919,0.6357268053907776
3,5.5580288481460745,0.5609648519565578,0.8074331898403961
3,6.7601606355083455,0.5582939151437375,0.7036787906079054
3,6.7601606355083455,0.5582939151437375,0.7036787906079054
3,6.7601606355083455,0.5582939151437375,0.7036787906079054
3,5.1085422176005775,0.5406315171271229,0.7130470911670591
3,6.588831520027389,0.5238662772016502,0.6817970062188038
3,6.588831520027389,0.5238662772016502,0.6817970062188038
3,6.588831520027389,0.5238662772016502,0.6817970062188038
3,6.282213300591886,0.5407586535181682,0.7922069915355473
3,4.567964730057118,0.5333623573892936,0.6693061134587033
3,6.362201941097442,0.5340719653346094,0.6958179337579754
3,5.770606687843602,0.5456109735248569,0.7014785814697828
3,5.749913145294768,0.5432459998991511,0.7069148640869841
3,5.713822541976331,0.5884035609412004,0.7580368102200912
3,5.38367986589922,0.6369258344656465,0.6931615619013675
3,7.399370470981943,1.6984747242942306,0.6933716354077707
3,7.399370470981943,1.6984747242942306,0.6933716354077707
3,7.399370470981943,1.6984747242942306,0.6933716354077707
3,7.399370470981943,1.6984747242942306,0.6933716354077707
3,7.733181313435954,1.2133953244437166,0.6473802493025713
3,5.857035228721264,0.7915413980528616,0.7717922564429743
3,6.284364847010022,0.8674205124323342,0.7528877678813712
3,7.059239964699193,0.8439406929617657,0.6798878022425607
3,6.958915284551751,0.7346775717514504,0.6226550365922275
3,7.749003916046505,0.685321925688139,0.6951637834818606
3,6.798813366521126,0.6444467489995467,0.74668592115158
3,7.076637071212887,0.7923566487628545,0.6051078191578557
3,7.076637071212887,0.7923566487628545,0.6051078191578557
3,7.726069643416858,1.1515916113734574,0.7266522894179885
3,6.468677522487049,1.0319517630692023,0.7352537598196184
3,5.544829185402197,0.7674084553383936,0.7301514124163634
3,6.848045336988483,0.8300565622844307,0.7576344059305509
3,6.007508159848115,0.6673445163359633,0.767466633865992
3,6.007508159848115,0.6673445163359633,0.767466633865992
3,5.691444813077327,0.6460900188609378,0.7032600935405083
3,5.691444813077327,0.6460900188609378,0.7032600935405083
3,5.633252510394408,0.8118638903808331,0.7358262506535651
3,6.246508439551596,1.0176492328857536,0.6054934970485507
3,6.866476625956005,1.0915695559983374,0.6167369649619497
3,7.81584260747009,1.4425111618897972,0.711184494198126
3,9.295918467918353,1.772672471924535,0.7597346751330958
3,8.348596067804031,2.965249461658147,0.731496859810141
3,6.815463945442255,1.6485155442347517,0.7189166286290819
3,8.407999616202497,1.3630102231138368,0.6812127875327036
3,6.9004395021647245,1.1028533121167303,0.7550056965713817
3,6.146127060702955,1.5995753294938297,0.7102338887462261
3,5.110508507690125,0.9674691342298806,0.7126512180890178
3,6.2306324683308665,0.8723297939825702,0.7269084389576171
3,7.116743507637288,0.7394953539411353,0.6653258527265068
3,8.139807947240396,0.78717627896851,0.7137152320177947
3,8.3285007148692,1.6561010637613822,0.7360324486590417
3,5.9839885415998815,0.9731258169989263,0.7429343549941549
3,6.105988751498559,1.48628764166035,0.7495473142800813
3,8.029371904438985,2.8523579061352455,0.6907846960949379
3,7.537963255217917,2.5361047884505807,0.7549086052311523
3,6.425723179233342,2.335652962730973,0.7261601709581929
3,6.86237205722381,1.5612120144786439,0.6595550413791111
3,6.86237205722381,1.5612120144786439,0.6595550413791111
3,6.7221533036660075,1.2483512083009738,0.6416413253543433
3,8.124251075322821,2.4469333149421852,0.6968970273859735
3,8.124251075322821,2.4469333149421852,0.6968970273859735
3,8.124251075322821,2.4469333149421852,0.6968970273859735
3,8.124251075322821,2.4469333149421852,0.6968970273859735
3,6.697230908381151,1.5130564227671797,0.6809980423196544
3,6.61714396445536,0.775992352851428,0.6991914139773795
3,6.61714396445536,0.775992352851428,0.6991914139773795
3,7.731215463531376,0.6630466098548984,0.7347181407956387
3,7.1242750063362195,1.0010054296139987,0.7935401546279891
3,6.201058853732299,0.6530671787127106,0.7702679853712666
3,7.245056506812656,0.5687896339906956,0.741287592446745
3,5.704037509800844,0.5332989873004723,0.7118307366470418
3,5.840835895871381,0.5403433078002179,0.6809716778805374
3,6.471486030847402,0.6563310461035827,0.772515925722022
3,9.853152163078535,1.3415631369754544,0.6817877558956061
3,9.853152163078535,1.3415631369754544,0.6817877558956061
3,8.579675375323955,1.4038048108001613,0.7349705601672143
3,7.216463111632343,0.7158696912623139,0.7110997024925894
3,6.216024428674767,0.6025577567469134,0.7071590150130793
3,6.216024428674767,0.6025577567469134,0.7071590150130793
3,6.627440918444042,0.9797941484607342,0.7874791269752864
3,6.46893598368413,0.9021869407142298,0.7642408885021381
3,7.104481510574302,1.3265363954118978,0.8064822176263406
3,5.421066946981559,0.7865702598965361,0.769114467387993
3,7.1761230977380235,1.0667348458796473,0.7657827210915591
3,9.210606450712751,1.1818385824123294,0.7444956687292132
3,6.668446994465634,1.4276603599225914,0.6072906060907578
3,7.69774641979949,1.5936799092778555,0.6658882602957781
3,7.69774641979949,1.5936799092778555,0.6658882602957781
3,7.526467795538377,1.3939309275879945,0.6855859830008718
3,6.7972638580901865,1.507416122355317,0.71893876692505
3,4.7103065619018185,0.9598321185034658,0.7802260769862543
3,5.298773066380868,0.970260899622424,0.6951367787957319
3,9.145648959044998,3.3441104491563878,0.7017700554330619
3,9.34639320517201,1.4675457430815657,0.7003157511778841
3,8.569640808272304,1.8689618314092402,0.7731215050700845
3,9.323608628158619,2.6465619217512053,0.7200189343564365
3,9.749448507022137,3.0570075522079763,0.7416249752624735
3,9.749448507022137,3.0570075522079763,0.7416249752624735
3,8.344383623561221,2.6956964803834245,0.7197187341478135
3,8.772507919405035,2.79534016367088,0.7809934964429722
3,6.705881172809793,1.535254399718456,0.721242430383985
3,7.9889680580247955,0.7785089769952074,0.7240917541565106
3,6.168136037239904,1.1459287808841074,0.6613687344970788
3,6.570427261910149,1.001065592935769,0.6825755061023192
3,6.570427261910149,1.001065592935769,0.6825755061023192
3,7.265031366477628,1.909743552001063,0.7064857435321281
3,7.265031366477628,1.909743552001063,0.7064857435321281
3,8.513091053698576,1.9383120116844015,0.7000743091968802
3,6.17157202184395,1.3504687083360238,0.7478308981957156
3,6.544307170367371,1.220811018686101,0.7021921216204572
3,7.13778107596747,1.231599007404943,0.6853604215876327
3,6.2615589928916275,0.7418267667182319,0.7673738528076749
3,7.858894676714781,0.696398856773463,0.6903739583766133
3,6.973405526113183,0.753900139387365,0.6537048703384755
3,7.415057699091777,0.8988033325020668,0.7493888351231935
3,6.653993198085732,1.2253797734375218,0.7070651515857086
3,6.653993198085732,1.2253797734375218,0.7070651515857086
3,6.653993198085732,1.2253797734375218,0.7070651515857086
3,6.155899189303624,1.468066442351477,0.7185781530957979
3,6.9204504943516785,1.5266222963631666,0.7185132210134386
3,6.9204504943516785,1.5266222963631666,0.7185132210134386
3,6.9204504943516785,1.5266222963631666,0.7185132210134386
3,6.9204504943516785,1.5266222963631666,0.7185132210134386
3,6.9204504943516785,1.5266222963631666,0.7185132210134386
3,6.467253335249409,1.266540799300394,0.7278801463945325
3,6.467253335249409,1.266540799300394,0.7278801463945325
3,6.736630721883961,1.9175569212617616,0.6702315402110877
3,7.58584586004086,1.9851307391278687,0.713215330535057
3,8.267764347765851,1.4191856398468996,0.7586526323382584
3,7.591997269582256,0.7496381361698378,0.7191503657122582
3,7.876298185115081,1.487075202405094,0.6684305082688418
3,7.194648131368286,1.305618258687956,0.7736165785857918
3,7.194648131368286,1.305618258687956,0.7736165785857918
3,9.285935829887125,1.8066471763494936,0.7413390073378209
3,7.487928085488166,1.444078847346924,0.6519910778956399
3,7.154498589095955,2.064715195740437,0.7156724067197303
3,6.096982531856723,1.409706200988814,0.7705011380818618
3,6.325929353091712,1.302156920781254,0.7752128834209656
3,6.325929353091712,1.302156920781254,0.7752128834209656
3,9.726600278451567,1.7851932685864722,0.7682323336897703
3,7.564811722680033,0.7889007649291475,0.7369144008989389
3,7.564811722680033,0.7889007649291475,0.7369144008989389
3,6.407107555523056,0.882735220663764,0.6586613153115378
3,7.407250715449664,1.1895163078198596,0.7290521953555399
3,7.407250715449664,1.1895163078198596,0.7290521953555399
3,6.846159096241073,1.5325241101507205,0.7157928579169259
3,7.797020098204599,3.07927846070903,0.6566285233298865
3,7.797020098204599,3.07927846070903,0.6566285233298865
3,7.489343444262643,1.9146413573911794,0.6658985928832163
3,8.091285132628602,1.8510540786309877,0.7398970121554967
3,9.628137531531936,1.8260684343066809,0.6874600419178373
3,6.916170529918508,0.9316906106126417,0.7321471890336291
3,7.876030635702098,1.5278347234672742,0.6836047457035949
3,7.876030635702098,1.5278347234672742,0.6836047457035949
3,5.8850377323984,0.9881970551469672,0.6722816534966765
3,7.083731325473061,1.2832233465005767,0.6855296148154533
3,7.083731325473061,1.2832233465005767,0.6855296148154533
3,7.14584306921205,1.1877181601434197,0.734171475689491
3,6.855157167780348,0.6812570507269335,0.7689085642819323
3,5.624203206603286,1.3455661842512412,0.8172893623253241
3,7.708805594143582,0.6865184468071737,0.7126298204664268
3,6.131301444776705,0.6484566642210294,0.65146634847402
3,6.131301444776705,0.6484566642210294,0.65146634847402
3,6.4975630250133305,0.8989991329965008,0.6796228940251099
3,5.153527304046049,0.7856068817408254,0.6844391932920534
3,6.667379493930318,0.8332396755913437,0.6828963371259947
3,4.660425031024349,1.254469802630728,0.7023668669880523
3,8.30454180688259,1.18600330312467,0.6705474327375026
3,7.1914940956073075,1.6240671124411035,0.7119997431030896
3,7.1914940956073075,1.6240671124411035,0.7119997431030896
3,7.505966743655921,1.0791942740304408,0.6989210701363715
3,8.298924775540154,1.4036780053733242,0.6692477651366163
3,7.767338823057759,1.2279050453023126,0.6549524351813854
3,6.978624889414114,1.2025775527678637,0.7026471109126163
3,6.534956240180117,2.010048318645568,0.7195502175831887
3,6.8839064939009535,1.4057217350491635,0.7710366062072782
3,7.576189325173878,1.2104820056466048,0.6245201230382096
3,8.558580809825209,2.066699322201293,0.7339347874634933
3,8.558580809825209,2.066699322201293,0.7339347874634933
3,8.558580809825209,2.066699322201293,0.7339347874634933
3,8.741954851239946,1.989375974712186,0.6932044240468418
3,8.956373857340822,1.870700717617342,0.7139777838396142
3,8.956373857340822,1.870700717617342,0.7139777838396142
3,8.956373857340822,1.870700717617342,0.7139777838396142
3,7.273241604314275,1.0612168210685815,0.6562445648598914
3,7.174054997250212,1.3476985602047105,0.7386800457516961
3,6.507282587802407,1.4280915635465092,0.7528672417148055
3,7.333427263010988,1.0038122722799547,0.682684040225884
3,5.776506045555316,1.091452876699326,0.6980605777918316
3,8.434311868590662,1.9462150422038806,0.7066416824929957
3,8.24044806252192,1.392585052789308,0.7398772314656563
3,4.974543204362666,0.6960111572723197,0.6885259842660905
3,5.70180332198207,0.6505275682194349,0.7735183148919639
3,7.991241597022187,1.3726845501662344,0.7932796827243486
3,4.656680724129304,1.2334004635920794,0.7836542082485278
3,6.075528089803828,1.6189230207544354,0.7483177164174983
3,7.814954031286947,1.328964662659196,0.7104459409704172
3,7.814954031286947,1.328964662659196,0.7104459409704172
3,7.1814042382350385,1.189345971779994,0.6254691846322796
3,7.1814042382350385,1.189345971779994,0.6254691846322796
3,7.1814042382350385,1.189345971779994,0.6254691846322796
3,7.300694608776894,1.1892667942847297,0.6476771917937982
3,7.1781515232133835,0.8766520151004659,0.7412250818861199
3,7.805432370927798,1.0798035061615792,0.7244348328084302
3,8.259611844311006,1.5264141065836807,0.7509696522539034
3,7.740067639059946,1.3618835953851471,0.7174838661722377
3,7.18398018614228,1.306338268803322,0.6744185964686508
3,7.18398018614228,1.306338268803322,0.6744185964686508
3,7.414446101941518,1.3228746398865485,0.7069316793924317
3,7.414446101941518,1.3228746398865485,0.7069316793924317
3,7.414446101941518,1.3228746398865485,0.7069316793924317
3,8.040268203284976,1.3649544128899642,0.7237713297722705
3,6.856002136022175,0.78332598062045,0.7088520501308281
3,8.312408801246118,1.1341106032418629,0.6553076494200535
3,7.184441615925103,1.2062404744369828,0.6847698998344134
3,7.184441615925103,1.2062404744369828,0.6847698998344134
3,7.648927884833209,1.7242659909067766,0.6875266381318207
3,7.93401785816034,1.2390276348988043,0.6756328887198716
3,8.517567565531639,1.4839727286619095,0.708658196315348
3,8.517567565531639,1.4839727286619095,0.708658196315348
3,8.517567565531639,1.4839727286619095,0.708658196315348
3,7.378255045144548,1.4809189229160271,0.6911916441827912
3,6.391610206941365,1.212112751202364,0.6757491498968526
3,6.391610206941365,1.212112751202364,0.6757491498968526
3,6.391610206941365,1.212112751202364,0.6757491498968526
3,6.391610206941365,1.212112751202364,0.6757491498968526
3,4.751599943946701,0.8964069184624419,0.7446884461927573
3,5.935404540610496,0.8925499965450528,0.7209350704093913
3,5.223952779952726,0.8588473631755027,0.7013629832094154
3,5.301595810517307,0.7701754283084751,0.7257256906009231
3,5.301595810517307,0.7701754283084751,0.7257256906009231
3,5.6468014172998515,1.011126712987972,0.6668763838301274
3,6.825779364011726,0.6272948216903875,0.6567112826866021
3,6.513301451597623,0.8821531829584217,0.7007609881765611
3,6.046818824056437,1.0809187663765436,0.7040523488812088
3,6.046818824056437,1.0809187663765436,0.7040523488812088
3,9.136664883532074,1.812889873849492,0.6890245458887672
3,6.387135862841103,1.1001597757969301,0.7146599714215168
3,6.387135862841103,1.1001597757969301,0.7146599714215168
3,6.723676877158538,0.9365643517802986,0.7249029154363968
3,6.723676877158538,0.9365643517802986,0.7249029154363968
3,6.6539216021583325,1.1249090621529456,0.6752281949452011
3,6.6539216021583325,1.1249090621529456,0.6752281949452011
3,6.6539216021583325,1.1249090621529456,0.6752281949452011
3,5.9712936505921395,0.9065433851037308,0.7461149209151623
3,7.13064873507352,1.2419575420025977,0.7875953205079226
3,4.949205856247795,1.6448748461331049,0.7421906373562275
3,5.867688196368664,1.6637252191317529,0.6641677944125003
3,7.34307784403692,1.6440812702202785,0.7447795268006518
3,7.34307784403692,1.6440812702202785,0.7447795268006518
3,7.34307784403692,1.6440812702202785,0.7447795268006518
3,8.165892268049323,2.223219061557332,0.7226976636272553
3,7.594449678469247,1.6849696657515227,0.7149428711090338
3,7.096817014513317,1.5953103459752382,0.7178254940963736
3,7.096817014513317,1.5953103459752382,0.7178254940963736
3,6.875245634396705,1.1596134921010233,0.746008112324728
3,6.859529869454544,0.7873520827227514,0.7202203199037862
3,7.00607564263088,1.057714731904476,0.660859621159222
3,7.729771078131652,1.819711952777216,0.6693658031461188
3,7.1081884404169005,1.0764517305819106,0.6683887677730432
3,7.12493059339966,1.6094011149179572,0.6851754612097005
3,6.104594831682872,0.8656882760656133,0.6896808385153244
3,6.86577934029168,0.6416601363917396,0.7274092624912067
3,6.86577934029168,0.6416601363917396,0.7274092624912067
3,5.134999270032606,0.7232320130572683,0.7212344470178936
3,7.199299924639673,1.0771955991231188,0.7164610076440374
3,7.590519819595181,2.494925597635074,0.721341531421712
3,7.1732754917114265,1.391264649914571,0.6352314642174824
3,8.659584854170527,1.7860123746097494,0.6476925074329304
3,8.810443048552703,1.383749660741538,0.6820312128256842
3,6.138836813799147,1.319675033677852,0.6463170354168853
3,6.669359486396124,1.0449244190602611,0.6866686839713544
3,6.624828576245388,0.8269501775822106,0.6767406603139859
3,7.352936405941414,2.275508016496606,0.7372326940945072
3,7.352936405941414,2.275508016496606,0.7372326940945072
3,7.70032473645321,1.85044202099206,0.6849997835698296
3,7.70032473645321,1.85044202099206,0.6849997835698296
3,5.600784153638226,1.1755998241446048,0.7038721304515713
3,5.600784153638226,1.1755998241446048,0.7038721304515713
3,5.600784153638226,1.1755998241446048,0.7038721304515713
3,7.215558680468228,1.209813641495466,0.6600222620900539
3,7.215558680468228,1.209813641495466,0.6600222620900539
3,9.629413799308221,2.709215862943608,0.7039986784909458
3,9.099696901959971,2.2983684971013063,0.6803933797222388
3,7.909033009265086,1.0334250872869122,0.6804300178618535
3,7.561010175648757,1.5026603911446448,0.6735406363266729
3,6.383385124669576,1.1060218496544043,0.7804286205513613
3,6.383385124669576,1.1060218496544043,0.7804286205513613
3,6.383385124669576,1.1060218496544043,0.7804286205513613
3,6.088684841324963,1.3012169816283756,0.7254189291417555
3,6.569047924160063,0.799159007249828,0.6808314973534056
3,7.5467206479258975,1.4410737224267665,0.6498651196671235
3,5.303973122473623,1.335800488891615,0.6926250623661864
3,5.303973122473623,1.335800488891615,0.6926250623661864
3,5.6758526125283595,1.4253368028487972,0.7677645585086471
3,6.171995098501453,0.8651031445193711,0.6594543225768293
3,7.389966578418627,2.19074567294777,0.7204161334402338
3,7.003127252449134,1.3123099752213978,0.657521423602896
3,7.003127252449134,1.3123099752213978,0.657521423602896
3,7.003127252449134,1.3123099752213978,0.657521423602896
3,7.363809177032132,1.7770199791735628,0.6509883656375357
3,7.616708717240087,2.041389631707303,0.7395616477245031
3,6.776759086989317,1.5187319681618539,0.7735936975433813
3,7.518027245717636,2.0663251963944878,0.7405670701412488
3,7.518027245717636,2.0663251963944878,0.7405670701412488
3,7.253159865545386,1.794707132233854,0.7199284732076583
3,7.253159865545386,1.794707132233854,0.7199284732076583
3,7.253159865545386,1.794707132233854,0.7199284732076583
3,7.253159865545386,1.794707132233854,0.7199284732076583
3,7.253159865545386,1.794707132233854,0.7199284732076583
3,7.253159865545386,1.794707132233854,0.7199284732076583
3,9.87896837714541,1.9849586151818055,0.6955492541484412
3,9.87896837714541,1.9849586151818055,0.6955492541484412
3,6.282171416361627,1.9543591668745657,0.7011196342845325
3,6.874325768498172,1.7389488855686321,0.6924904341851176
3,6.874325768498172,1.7389488855686321,0.6924904341851176
3,10.0041750149096,2.1158513798241634,0.7764402062708247
3,7.024702367427279,1.2696593916439638,0.6904999440262353
3,7.024702367427279,1.2696593916439638,0.6904999440262353
3,7.024702367427279,1.2696593916439638,0.6904999440262353
3,7.024702367427279,1.2696593916439638,0.6904999440262353
3,7.024702367427279,1.2696593916439638,0.6904999440262353
3,7.024702367427279,1.2696593916439638,0.6904999440262353
3,7.024702367427279,1.2696593916439638,0.6904999440262353
3,6.808646463229027,1.616212008635329,0.7258352816049717
3,7.219914789287093,1.2626446942482052,0.7488446278884234
3,7.219914789287093,1.2626446942482052,0.7488446278884234
3,7.219914789287093,1.2626446942482052,0.7488446278884234
3,6.765449477473361,2.3448793031643476,0.7544952488968811
3,7.9289665126150215,1.8092945589138307,0.7505686210182038
3,7.492758234258485,1.810094371563348,0.7171202951216462
3,7.485686704255015,1.0809782452973742,0.7317599170580718
3,7.485686704255015,1.0809782452973742,0.7317599170580718
3,6.017190462219211,1.0818067093538075,0.6737809344676032
3,8.64821769399879,1.5118574481054212,0.6126205650272059
3,7.298016291238093,1.0052629359749607,0.6599672861873498
3,7.298016291238093,1.0052629359749607,0.6599672861873498
3,6.730503049419432,1.5229719354361666,0.6597544893845925
3,6.458940553300958,1.5262085985476055,0.7749397366689511
3,8.104570032632303,1.4703924569726208,0.6612343539405177
3,7.638254364754335,1.2627709939611087,0.7179128384913812
3,7.638254364754335,1.2627709939611087,0.7179128384913812
3,7.896151535210264,1.5443847542459934,0.7536379537042447
3,7.896151535210264,1.5443847542459934,0.7536379537042447
3,7.896151535210264,1.5443847542459934,0.7536379537042447
3,7.896151535210264,1.5443847542459934,0.7536379537042447
3,7.896151535210264,1.5443847542459934,0.7536379537042447
3,6.8702270237536425,1.777377501724833,0.7592904398282386
3,10.367393583932039,2.531142782656052,0.7808019596780185
3,6.20943423487066,1.5390201928277911,0.6770446490032437
3,6.20943423487066,1.5390201928277911,0.6770446490032437
3,6.20943423487066,1.5390201928277911,0.6770446490032437
3,6.20943423487066,1.5390201928277911,0.6770446490032437
3,6.20943423487066,1.5390201928277911,0.6770446490032437
3,6.569427533789827,1.6182614292661344,0.75268575379578
3,8.766204388306551,1.7531965321695957,0.7457776094858143
3,8.766204388306551,1.7531965321695957,0.7457776094858143
3,9.238018444463396,1.9606626463068972,0.7600280198005624
3,8.029473120856709,1.1475433747669816,0.7692052731441524
3,6.273931977252584,1.6935285491720697,0.7201999124229481
3,8.066187443261125,1.773596393005802,0.7494764842950203
3,8.066187443261125,1.773596393005802,0.7494764842950203
3,7.383112991658069,1.5684690042111853,0.7215094355493609
3,7.383112991658069,1.5684690042111853,0.7215094355493609
3,7.383112991658069,1.5684690042111853,0.7215094355493609
3,7.383112991658069,1.5684690042111853,0.7215094355493609
3,7.466545545827255,2.113367346415899,0.7481154178983411
3,7.466545545827255,2.113367346415899,0.7481154178983411
3,7.466545545827255,2.113367346415899,0.7481154178983411
3,7.666332527306934,1.6136387202652536,0.6777249481054025
3,7.067673303636107,1.2949029726224375,0.649440807302142
3,6.365525556758544,1.3782616736440478,0.6236793143970745
3,7.379651207347969,0.9491205566734429,0.666251879899713
3,7.004316003177856,0.8253107796683665,0.6731010292773105
3,5.136734675314396,0.7491648490276329,0.6999151110067412
3,5.136734675314396,0.7491648490276329,0.6999151110067412
3,5.558680510409092,0.6904266649013768,0.7358202190979561
3,8.121651858178007,1.0725976915851305,0.7549340875394184
3,5.6694167299339435,0.9968813940610333,0.6688216194769232
3,7.708717119145911,1.655482817880521,0.679362983826025
3,7.708717119145911,1.655482817880521,0.679362983826025
3,7.708717119145911,1.655482817880521,0.679362983826025
3,6.615566325193252,1.341149752767958,0.7386129229408427
3,9.639652851098333,1.7322815296958163,0.7442910325515073
3,9.639652851098333,1.7322815296958163,0.7442910325515073
3,9.639652851098333,1.7322815296958163,0.7442910325515073
3,7.352308083469609,1.2462315229784053,0.7841414455433531
3,7.479255473545209,1.6791544917413028,0.7372689961969701
3,9.37523183260283,1.8173860992666893,0.6490166595842289
3,9.042707314168881,1.3754964512255687,0.7158348015478809
3,5.530118992697452,0.7739377514597652,0.735992449667814
3,5.929090493171612,0.6750855867886962,0.7753808325755657
3,5.929090493171612,0.6750855867886962,0.7753808325755657
3,6.17838690485769,1.0006966223738656,0.698399557067266
3,8.355411024950534,1.1609680243980578,0.6913321071882752
3,7.542094207120967,1.3858091529098084,0.7135977351716466
3,7.944008695707916,1.617917978297435,0.6614326869185757
3,7.944008695707916,1.617917978297435,0.6614326869185757
3,7.944008695707916,1.617917978297435,0.6614326869185757
3,7.944008695707916,1.617917978297435,0.6614326869185757
3,7.944008695707916,1.617917978297435,0.6614326869185757
3,7.944008695707916,1.617917978297435,0.6614326869185757
3,6.373547574136813,1.5097649070605126,0.744286580361891
3,6.373547574136813,1.5097649070605126,0.744286580361891
3,7.26729024500896,1.6566707607151019,0.7184723665622269
3,7.26729024500896,1.6566707607151019,0.7184723665622269
3,6.617018743360089,1.2683302584202907,0.7336578032690922
3,6.617018743360089,1.2683302584202907,0.7336578032690922
3,6.334497384988475,1.127603719575648,0.7243737857054164
3,8.122482845920889,1.657063176041971,0.6506547484824281
3,7.932534877107871,1.9995740629561416,0.7411064222629345
3,8.584433546956866,1.0719214204593115,0.695992830765279
3,6.741319569838745,1.1321564239154904,0.8133720011365264
3,6.145210260110183,0.8424960328018671,0.6959604267928133
3,7.379643260253404,1.98672421478741,0.7627603385338476
3,7.185837890619726,1.164760482658897,0.7119409339141144
3,5.624429247518275,0.7192250137588133,0.6973426486684854
3,6.222521434350326,1.0632975057402123,0.7127158718672766
3,7.208522782159855,1.5315712613958232,0.7581913233026595
3,7.208522782159855,1.5315712613958232,0.7581913233026595
3,7.208522782159855,1.5315712613958232,0.7581913233026595
3,7.783416842267314,0.8871274860193421,0.716648754857142
3,7.783416842267314,0.8871274860193421,0.716648754857142
3,7.6041335211905325,1.0860893733968435,0.6559140781060326
3,7.326614380203947,1.3565783093225265,0.7228980090067917
3,8.262541004685662,1.2772798945616124,0.7150702973697779
3,8.262541004685662,1.2772798945616124,0.7150702973697779
3,5.570482739321382,0.7092447942533597,0.7042242706617999
3,7.0505118593567,0.8279659874081368,0.7768742090796392
3,7.3840260579374775,2.0108290924392245,0.66834176183921
3,8.119840136246804,2.1522463628045596,0.7202535748570187
3,8.119840136246804,2.1522463628045596,0.7202535748570187
3,9.283897034459955,1.3973907980357407,0.7581516821826122
3,6.594116100015149,0.9308939872667317,0.6992656885176494
3,6.594116100015149,0.9308939872667317,0.6992656885176494
3,5.321219217989758,1.4230520287601054,0.705862539324739
3,5.321219217989758,1.4230520287601054,0.705862539324739
3,7.556852684059214,1.0078192923753821,0.7274113778279255
3,7.738051073544598,1.328267915024251,0.7457119868608423
3,7.123104887145318,1.3967367941610047,0.6528801035770578
3,7.123104887145318,1.3967367941610047,0.6528801035770578
3,8.015086546405524,1.6906283988272817,0.714791904159117
3,8.127652081949389,1.1985303696422114,0.7167363181440567
3,9.469535054016081,2.245895805491159,0.7427458143898027
3,6.499507281336236,1.7097642021490924,0.7644682280094798
3,7.162994026029157,0.8171684674307845,0.6913656981143831
3,8.35955389768861,0.9941182878905828,0.6179103190634242
3,7.411645380221352,0.6960579646402161,0.7153522956058939
3,5.203008842659385,0.7113830147478419,0.7085510298730191
3,6.015708526737777,0.6391320710882018,0.6924180044875684
3,7.41741517317114,1.4869611125947562,0.6880396281088911
3,7.452350854367549,1.289153025696241,0.650472446037063
3,8.056145122409909,1.6045495363436257,0.6678461693975937
3,7.422760336621614,1.8599996993013237,0.7520585133258365
3,7.090984296366507,1.2889135772661322,0.7190671422512651
3,8.08637641677637,1.7891402897706965,0.7162419091908016
3,8.08637641677637,1.7891402897706965,0.7162419091908016
3,8.08637641677637,1.7891402897706965,0.7162419091908016
3,6.636080086229173,1.1562155976695228,0.6391227929806291
3,8.647800681788748,2.129159539863622,0.635990534083786
3,7.694922965552757,0.8801685672532475,0.6381780849066263
3,6.642309276046238,0.715864025634906,0.692122601373297
3,6.642309276046238,0.715864025634906,0.692122601373297
3,6.242773145316508,0.7302162469521347,0.7070863939015203
3,6.761790919754447,1.8850584038473022,0.7946072818172373
3,7.134432959558978,1.8438563299130986,0.7395859985618243
3,7.134432959558978,1.8438563299130986,0.7395859985618243
3,7.080431972334378,1.5859295674908436,0.7027471081050498
3,7.080431972334378,1.5859295674908436,0.7027471081050498
3,6.151405323837613,1.120513806640946,0.6876170073984388
3,6.921277473620005,1.5858357566550463,0.7335191516217584
3,9.642346510358296,3.178715378637953,0.7236287821063432
3,7.406424020707181,1.1098572503773587,0.7035600671139781
3,7.406424020707181,1.1098572503773587,0.7035600671139781
3,6.402946310604513,1.2306021112737964,0.7284403812957376
3,6.402946310604513,1.2306021112737964,0.7284403812957376
3,7.126385012402194,1.071063080943719,0.6472629950578901
3,5.581559804004912,1.2819564764695506,0.6328484355224345
3,5.581559804004912,1.2819564764695506,0.6328484355224345
3,4.979017029112031,0.7023777335384662,0.6639067845462371
3,5.54658562594358,0.5925634701638149,0.6174285381511541
3,5.866782106140672,0.5896946251809869,0.6487640338360282
3,6.503942351190257,0.9154675348443952,0.6822360166233169
3,6.503942351190257,0.9154675348443952,0.6822360166233169
3,6.632348418411989,0.9835507024747425,0.719328368934212
3,6.632348418411989,0.9835507024747425,0.719328368934212
3,6.047405689454505,1.2769447089353192,0.6622594261535191
3,6.047405689454505,1.2769447089353192,0.6622594261535191
3,6.150315073370693,1.71776843648069,0.6791370145189505
3,6.589027634271752,1.4124592518150973,0.746753393101284
3,7.424909182238065,1.0112001831745707,0.6894453607750143
3,7.097919950550207,0.9799808702719147,0.702703207895471
3,8.340985836419192,2.07260300554469,0.6896754293652999
3,7.712741568864323,1.5081617832812677,0.7852958082715178
3,7.781600617352278,2.3812763511509,0.7452382058893707
3,7.722502313140399,2.2712110181267975,0.7164759026984877
3,9.467228622899286,1.7723901283951808,0.776720834536781
3,9.783708590654069,2.2126431022004356,0.7136434529128913
3,9.783708590654069,2.2126431022004356,0.7136434529128913
3,9.783708590654069,2.2126431022004356,0.7136434529128913
3,8.436839300999303,1.054505371127354,0.7357232096621373
3,6.706930221057024,1.3329122950896122,0.7374146333275026
3,6.706930221057024,1.3329122950896122,0.7374146333275026
3,6.706930221057024,1.3329122950896122,0.7374146333275026
3,5.869607637454767,0.9642725075738244,0.6407181822839416
3,7.14186326302066,0.7159152830740892,0.7306729410541213
3,5.999367006738518,1.027117987840775,0.678487186368636
3,8.306656200337247,1.683326985154132,0.8143180917423337
3,8.306656200337247,1.683326985154132,0.8143180917423337
3,8.306656200337247,1.683326985154132,0.8143180917423337
3,5.516003817723528,1.1633917787539412,0.7061852204113805
3,5.969777252015569,1.4404420721749571,0.7231277622729423
3,10.066405698321223,2.100648244859592,0.6748625398681738
3,8.213047707876989,2.3662768354031396,0.6264574760483758
3,5.621706781283379,0.6093684080679236,0.6682451618509089
3,5.7811729403633505,0.6285762397727045,0.6761268007505093
3,5.536150521015285,0.5955904016142084,0.7417355143754396
3,7.4518297549238115,0.8211863085247284,0.6677294760897541
3,7.4518297549238115,0.8211863085247284,0.6677294760897541
3,5.868986448210389,0.7693758191641533,0.7719635200189784
3,5.456863493672905,0.6285107204933333,0.6976037051118763
3,5.456863493672905,0.6285107204933333,0.6976037051118763
3,6.8044017469324025,0.9502789197754344,0.6524806247777725
3,6.8044017469324025,0.9502789197754344,0.6524806247777725
3,6.8044017469324025,0.9502789197754344,0.6524806247777725
3,5.464266657959149,0.8167021377931709,0.6791984361106136
3,8.157113159692745,0.8744302212283894,0.6653217434529204
3,6.76427249339521,0.765890541795534,0.802280870768476
3,8.078116185792751,1.4498674536761995,0.6520392059312536
3,7.830041863753512,1.1079780868972082,0.7215841950532321
3,7.596758905446793,1.7188494524566358,0.7676169136493867
3,7.596758905446793,1.7188494524566358,0.7676169136493867
3,8.109504078736283,1.5298811898752296,0.762837682858832
3,8.109504078736283,1.5298811898752296,0.762837682858832
3,8.109504078736283,1.5298811898752296,0.762837682858832
3,8.109504078736283,1.5298811898752296,0.762837682858832
3,8.109504078736283,1.5298811898752296,0.762837682858832
3,5.334632352682324,1.4805772101967831,0.7075079694665736
3,5.334632352682324,1.4805772101967831,0.7075079694665736
3,5.334632352682324,1.4805772101967831,0.7075079694665736
3,5.334632352682324,1.4805772101967831,0.7075079694665736
3,6.790421440482334,1.8761509664625005,0.6305052123592912
3,6.894384114366627,1.7229251359590352,0.7791651556624155
3,5.982934333434614,1.1913768728686014,0.7158742078949311
3,5.982934333434614,1.1913768728686014,0.7158742078949311
3,6.29935681057034,1.251988569998717,0.7470844885179317
3,7.608415928702213,1.0021322276260194,0.7567568805395448
3,6.395177786546228,1.5214083005341557,0.7501644966283155
3,6.818436194508941,1.4559348491699207,0.6730940538663883
3,8.690872249918256,1.568447402278933,0.7350177928685502
3,6.133791495908716,1.5266665804263357,0.7221747430125774
3,6.133791495908716,1.5266665804263357,0.7221747430125774
3,6.133791495908716,1.5266665804263357,0.7221747430125774
3,6.133791495908716,1.5266665804263357,0.7221747430125774
3,6.133791495908716,1.5266665804263357,0.7221747430125774
3,6.889906940272233,2.038889478618346,0.6808640893400901
3,6.980899321609986,2.455035189737492,0.7496250583588432
3,4.785886047469791,1.1724879818789278,0.6780766486568458
3,6.056304830395182,1.9774545253527114,0.6187412258461588
3,4.76799302279311,0.6279248549766524,0.6840623793300408
3,5.475590646016923,0.9222046232659313,0.7492073788160508
3,4.853775300633696,0.7789349770060898,0.7561794182584701
3,5.218378210479399,0.5522597266189613,0.7505797026758775
3,5.615039223901686,0.6041008456992355,0.7644545290761225
3,7.197401879931066,0.8379432790806957,0.6366765409105029
3,7.239670486423625,1.3651986968508218,0.8160498658933848
3,7.239670486423625,1.3651986968508218,0.8160498658933848
3,6.814127220433507,1.8371536026095479,0.7360667094283639
3,6.814127220433507,1.8371536026095479,0.7360667094283639
3,6.814127220433507,1.8371536026095479,0.7360667094283639
3,7.305620726446199,1.7534921272045019,0.786633880193506
3,7.113591395170068,1.405665859547863,0.7712622645637724
3,7.113591395170068,1.405665859547863,0.7712622645637724
3,7.113591395170068,1.405665859547863,0.7712622645637724
3,7.299929506164566,1.4578638635808716,0.6979749414356315
3,7.299929506164566,1.4578638635808716,0.6979749414356315
3,7.299929506164566,1.4578638635808716,0.6979749414356315
3,7.299929506164566,1.4578638635808716,0.6979749414356315
3,7.299929506164566,1.4578638635808716,0.6979749414356315
3,7.631598885453765,1.426189195345248,0.6842779643082604
3,7.631598885453765,1.426189195345248,0.6842779643082604
3,8.44678570647342,1.7954899769449282,0.734822241658043
3,6.92282525108623,1.464246964665663,0.7624005484266129
3,7.599524452286098,1.0312927673225736,0.7351208983021696
3,9.48602933363538,1.8171832216850294,0.7362541994688847
3,8.182683080615677,1.7967807754536418,0.6190780145042969
3,6.5115789017065095,1.3474156135218383,0.7154076257736128
3,5.6462033375811975,1.359925226313905,0.7283767689851938
3,7.260865006850151,1.5482760649403173,0.7648840332245385
3,7.250473511186193,1.1552588101988746,0.7272441067274379
3,9.899811925146338,1.9606234456678395,0.6748981139466893
3,8.37848324282006,1.7961443184538564,0.6766815431096614
3,8.37848324282006,1.7961443184538564,0.6766815431096614
3,8.091873129279712,1.4174908629470746,0.6542159508362116
3,6.399302868445434,0.7263038341076455,0.68596495518101
3,6.399302868445434,0.7263038341076455,0.68596495518101
3,6.399302868445434,0.7263038341076455,0.68596495518101
3,6.399302868445434,0.7263038341076455,0.68596495518101
3,6.399302868445434,0.7263038341076455,0.68596495518101
3,6.399302868445434,0.7263038341076455,0.68596495518101
3,6.399302868445434,0.7263038341076455,0.68596495518101
3,6.29170988783158,0.848738736108657,0.7957499298256846
3,7.234403052524422,1.4243978896145308,0.7636150019322241
3,7.234403052524422,1.4243978896145308,0.7636150019322241
3,10.126385577541459,2.0424116099856917,0.7468379272437211
3,6.325553237658616,0.9222920223645908,0.7662384439385459
3,8.34157950600561,1.8736197337549314,0.7446911159214431
3,10.316892134886738,1.547819715760251,0.6590826720035592
3,6.329788181485515,0.6859259957809486,0.663441685173532
3,6.089716791599045,0.6838971944978636,0.7098406959656326
3,6.089716791599045,0.6838971944978636,0.7098406959656326
3,6.089716791599045,0.6838971944978636,0.7098406959656326
3,5.3248551371468515,0.7776894700857964,0.6734609294966097
3,6.264656165015332,1.0344275807908079,0.6178977792246348
3,5.912336381748645,0.8701670100217027,0.6411549932883913
3,4.8606187995537375,0.9309295357578675,0.6601212019133677
3,7.249251552376586,1.3006628297503662,0.7240337925857872
3,9.647839054490722,2.528078577250177,0.6664451316976653
3,9.647839054490722,2.528078577250177,0.6664451316976653
3,7.651930771072824,2.4667717162265212,0.6794924658006533
3,10.864412986150521,2.396093476565924,0.600006252514731
3,9.173177538900902,1.997519926697446,0.7209270992895874
3,9.08872597852041,2.463076855102021,0.6889705828457491
3,9.958711567990179,2.4486909338152874,0.7061212831247081
3,9.958711567990179,2.4486909338152874,0.7061212831247081
3,9.958711567990179,2.4486909338152874,0.7061212831247081
3,8.13994458795074,2.145032185594977,0.7591759229906175
3,8.13994458795074,2.145032185594977,0.7591759229906175
3,7.638348606079143,1.3644626939868365,0.60441983158701
3,5.560135245251184,0.8790400683880504,0.6600606909773572
3,8.597763667685541,0.9944026370508741,0.6095729531654411
3,8.597763667685541,0.9944026370508741,0.6095729531654411
3,8.104006534760089,2.1752425474748422,0.7886195733130807
3,7.285895801338601,1.3997454126570306,0.6850734774717547
3,7.285895801338601,1.3997454126570306,0.6850734774717547
3,7.526521113557851,1.5650108549113344,0.7683927902997754
3,7.730130110501042,1.9949167398396672,0.675113702657068
3,8.294988024398364,1.7484205818347616,0.6690016527482167
3,8.194798889768597,2.4213409027945385,0.7023315480783971
3,6.583103376423603,1.1871168791553184,0.6667680007467844
3,6.857471778662152,1.16421448332604,0.7172397272026021
3,6.857471778662152,1.16421448332604,0.7172397272026021
3,6.857471778662152,1.16421448332604,0.7172397272026021
3,6.2128549969543805,0.9392129975610887,0.7157869230969557
3,6.2128549969543805,0.9392129975610887,0.7157869230969557
3,7.187923561119954,0.7841435066360067,0.6903724177679902
3,6.514547794039985,0.737305127428269,0.6973525091054881
3,5.537786047260767,0.9409521663992069,0.8152684180153965
3,6.69616306513953,1.0167108882068978,0.7646409509370159
3,6.330721350159822,0.9197256612668621,0.7197431115076842
3,7.1961312763377645,1.478841990784756,0.6773761879949625
3,7.001576449982837,2.512161006924863,0.6802337182908981
3,9.089422404235547,1.818286702549274,0.6247911818862271
3,9.103862842449365,1.9117620379563343,0.6884441283515053
3,7.874063698186044,2.048222179901003,0.6579607158018252
3,6.253007677530753,1.772668134690788,0.744605672686682
3,6.497776201633561,1.7573559736569748,0.6564660337336522
3,6.497776201633561,1.7573559736569748,0.6564660337336522
3,5.173734933979591,1.0736457033552667,0.7404561197087282
3,6.440231189419143,1.0698460163729795,0.6726602773821808
3,5.744021205549561,1.0394065031645803,0.7903043069126183
3,7.169760448050267,1.0822086327820828,0.7617094822686711
3,8.0064090322362,0.7824537661901239,0.6313554225115633
3,8.125799167131968,2.862439316820656,0.7268052103941515
3,8.125799167131968,2.862439316820656,0.7268052103941515
3,7.210450284113517,1.8615987060543695,0.7237415758753867
3,7.210450284113517,1.8615987060543695,0.7237415758753867
3,7.210450284113517,1.8615987060543695,0.7237415758753867
3,7.495359817482191,1.4749213912152208,0.6876635969340984
3,8.217349810896716,2.0837176112393143,0.7740800232500035
3,5.53192147070019,1.1112327891796585,0.7307588197646278
3,6.959755962081583,1.8958084929816041,0.7084307070370952
3,5.692971284889071,0.5708691465885748,0.6949229851438564
3,6.945863500049328,0.5802285302948148,0.6422517620623878
3,7.130545999109624,1.1700732506224432,0.6326063132377082
3,8.645509975949674,1.397155242882425,0.6618394397590383
3,7.276458775582987,1.3337754450677144,0.7286937619149525
3,7.276458775582987,1.3337754450677144,0.7286937619149525
3,7.086722220548077,1.443316650474816,0.6849612584615424
3,6.221445164017286,1.1130333171954634,0.717685637381237
3,6.842529998506319,1.4562916127280205,0.7107666997763511
3,6.842529998506319,1.4562916127280205,0.7107666997763511
3,6.842529998506319,1.4562916127280205,0.7107666997763511
3,5.138058456837732,1.254866690180958,0.7842765794508351
3,8.31220551767017,1.2765165111092216,0.7833186993001603
3,5.902827156993718,1.5157118503061664,0.8164309160098022
3,5.902827156993718,1.5157118503061664,0.8164309160098022
3,5.902827156993718,1.5157118503061664,0.8164309160098022
3,7.204024424687337,1.548231142346168,0.8399580809211085
3,8.158324912600833,1.9158706403963555,0.7778180409060139
3,7.692518597326784,1.3778639656235998,0.7534050718522197
3,8.49684081434977,1.729002658189333,0.7251911790460891
3,8.49684081434977,1.729002658189333,0.7251911790460891
3,7.562518230715852,2.4865615599344184,0.7253601769991265
3,5.627338512162897,1.3997521968006192,0.7695633038701275
3,7.090598017509842,1.5462468922766393,0.6172795179809292
3,9.17651805887749,2.1167450158328256,0.7012273048042585
3,9.5383226868886,2.2957260440394283,0.7164759172710499
3,9.5383226868886,2.2957260440394283,0.7164759172710499
3,6.208213075696526,1.0964450937005477,0.7423180556764783
3,7.263716843641012,1.2267306746854914,0.760993797892342
3,7.704378288795996,2.345301339166329,0.782379201348106
3,7.704378288795996,2.345301339166329,0.782379201348106
3,8.05721604305321,2.174870958049122,0.8123463432937318
3,9.04248292784389,1.6469374951392843,0.7334694549504925
3,9.04248292784389,1.6469374951392843,0.7334694549504925
3,9.04248292784389,1.6469374951392843,0.7334694549504925
3,8.758747850972185,1.6062622777693407,0.6615847088238391
3,8.758747850972185,1.6062622777693407,0.6615847088238391
3,7.833056413702465,1.6984829337757292,0.7104431533355519
3,7.833056413702465,1.6984829337757292,0.7104431533355519
3,7.833056413702465,1.6984829337757292,0.7104431533355519
3,7.833056413702465,1.6984829337757292,0.7104431533355519
3,7.833056413702465,1.6984829337757292,0.7104431533355519
3,7.619788018793136,1.5851261102639989,0.7022651442965915
3,7.619788018793136,1.5851261102639989,0.7022651442965915
3,6.081231036553088,0.9194470738561336,0.7740464605186768
3,6.567277672642556,1.040657520941227,0.6430824598458589
3,6.740601923407498,0.8310117657087321,0.6849614996565471
3,5.81653911971519,0.5888952540319513,0.6882444797623827
3,5.81653911971519,0.5888952540319513,0.6882444797623827
3,5.81653911971519,0.5888952540319513,0.6882444797623827
3,5.81653911971519,0.5888952540319513,0.6882444797623827
3,5.8276047949812755,1.1222217168780237,0.6425758874293515
3,6.205983645237397,1.5319610017776928,0.7061479958833056
3,6.205983645237397,1.5319610017776928,0.7061479958833056
3,6.843820891903091,0.9749373007376183,0.681835823523689
3,6.497314094174519,1.5978162523488093,0.6504833409551108
3,6.497314094174519,1.5978162523488093,0.6504833409551108
3,6.497314094174519,1.5978162523488093,0.6504833409551108
3,5.936538572689539,1.567318493482281,0.7144137543908597
3,6.899215865816189,1.464882696370926,0.7460297714716841
3,8.421045021609503,2.2457844209201268,0.6826117164964386
3,9.180081571270186,1.627424719121417,0.6426244548673128
3,6.931171004854066,1.4880470332048037,0.6909367507647222
3,6.931171004854066,1.4880470332048037,0.6909367507647222
3,6.13257735254749,1.003665305519604,0.6450499414795756
3,6.13257735254749,1.003665305519604,0.6450499414795756
3,6.835097250988484,1.1736901750290154,0.6805386403650375
3,6.835097250988484,1.1736901750290154,0.6805386403650375
3,6.835097250988484,1.1736901750290154,0.6805386403650375
3,6.480703066420708,1.153129590066659,0.7434665103155517
3,6.480703066420708,1.153129590066659,0.7434665103155517
3,8.403306202970711,1.0594807578552219,0.7102970582848922
3,6.713171271598084,1.3987677907420968,0.7499376896809117
3,6.713171271598084,1.3987677907420968,0.7499376896809117
3,8.757799706102253,2.692596292233594,0.6768681094978675
3,9.368093105165803,1.9892344377118134,0.7147211946873733
3,9.368093105165803,1.9892344377118134,0.7147211946873733
3,9.368093105165803,1.9892344377118134,0.7147211946873733
3,9.368093105165803,1.9892344377118134,0.7147211946873733
3,7.539569699572665,1.5840603177078338,0.6464160055363909
3,6.875649064294807,1.1844258382779977,0.7573421875669747
3,6.875649064294807,1.1844258382779977,0.7573421875669747
3,8.258215928974177,1.9009035262258804,0.7652775796928291
3,7.099745639598669,1.6190271650494779,0.7069298957636674
3,7.099745639598669,1.6190271650494779,0.7069298957636674
3,9.449236594272644,1.4853349343831532,0.6821674384877179
3,7.814118142683608,2.0589315615228885,0.7149515433369854
3,7.814118142683608,2.0589315615228885,0.7149515433369854
3,5.5506622329795805,1.8376525115563846,0.7175776774690951
3,4.829672160784927,1.6830156864185095,0.730838267866482
3,6.2974224621669785,1.7586822952420356,0.6991774221469376
3,6.712729815596566,1.335121291258718,0.816305435226863
3,6.712300451506046,1.0801510213839571,0.7467705945592638
3,6.919949522838357,1.0698689448006165,0.698174536189403
3,6.875835111015089,0.9951436694322187,0.717831948735185
3,6.875835111015089,0.9951436694322187,0.717831948735185
3,6.875835111015089,0.9951436694322187,0.717831948735185
3,6.306874107566715,1.0467195305328647,0.7360427664473534
3,5.9756386422011225,0.9553723292008502,0.7624694364454442
3,8.365302060889702,1.5285876415921664,0.6422325059388877
3,6.333581510844221,0.9462098563510126,0.7143266937167139
3,6.643238648875123,1.1067438598036445,0.7307541885514013
3,5.173246785809059,0.7255577966385531,0.7405257230414595
3,7.823294677427997,0.9164491784936287,0.7318244298975549
3,7.12405713209473,1.4574008330885313,0.6402776081103294
3,6.201308665976397,0.9433949655797609,0.721531376836584
3,7.4721034842656815,1.0700715088632364,0.7302668520866241
3,7.4721034842656815,1.0700715088632364,0.7302668520866241
3,7.515072270230374,1.4218856568408151,0.6769809809165045
3,7.515072270230374,1.4218856568408151,0.6769809809165045
3,7.32475901681264,1.3077665553459843,0.6926320721978221
3,7.093937926996722,2.0533827745982247,0.7123636052145558
3,5.925962793882849,1.2000563357458773,0.6986048778444797
3,8.850138077068243,2.702368365311063,0.6756752008831701
3,10.530717740726097,1.5820161614556976,0.6975670114083664
3,10.018768020051263,2.282781554105515,0.7385555290145533
3,6.4957298105320325,1.568614902583483,0.670826332949881
3,5.923978765715502,0.9962315512031855,0.7675010960164701
3,5.899038162204631,0.7063304221933664,0.7337926063674882
3,6.2043527711888204,0.9129428767197569,0.7651621034241661
3,6.2043527711888204,0.9129428767197569,0.7651621034241661
3,6.2043527711888204,0.9129428767197569,0.7651621034241661
3,5.773679626421109,1.3090520562290866,0.626341716958112
3,5.741506926043066,1.2749795066106164,0.681222166144304
3,5.364788608968579,1.0704014901879262,0.6778809032492488
3,5.288996949809936,1.1710208801116198,0.7639784270298272
3,6.267791486626056,1.1350861288525476,0.7269280042003442
3,6.074619973703755,1.1648615469624939,0.727921867914007
3,6.459062437292163,1.363226247002205,0.716099040515121
3,6.459062437292163,1.363226247002205,0.716099040515121
3,6.750715475389774,1.75840228297047,0.7560772007764236
3,8.507477364281478,1.7302032155174467,0.7476560720742105
3,8.635030001406111,1.95019612214179,0.6317908625368327
3,8.635030001406111,1.95019612214179,0.6317908625368327
3,8.061298853671047,1.8322248753539307,0.6868333675284077
3,6.809768146115217,1.3196883335926113,0.7081514190043977
3,6.809768146115217,1.3196883335926113,0.7081514190043977
3,6.809768146115217,1.3196883335926113,0.7081514190043977
3,6.809768146115217,1.3196883335926113,0.7081514190043977
3,6.268663960659648,1.0233518789071852,0.6761988296342596
3,6.268663960659648,1.0233518789071852,0.6761988296342596
3,6.268663960659648,1.0233518789071852,0.6761988296342596
3,6.268663960659648,1.0233518789071852,0.6761988296342596
3,6.268663960659648,1.0233518789071852,0.6761988296342596
3,6.268663960659648,1.0233518789071852,0.6761988296342596
3,6.618825227555281,1.044597320987457,0.7448350214906649
3,6.618825227555281,1.044597320987457,0.7448350214906649
3,6.618825227555281,1.044597320987457,0.7448350214906649
3,6.619543258580222,1.1293059421334042,0.6740771473984637
3,6.776149198682525,1.6109523052874943,0.719432900084498
3,6.927723471100595,0.8429748608862813,0.6921385213839761
3,6.253910302925793,0.6768778596754736,0.7443980019358364
3,5.484511596231292,0.6914271173713407,0.7411598097118487
3,5.484511596231292,0.6914271173713407,0.7411598097118487
3,5.484511596231292,0.6914271173713407,0.7411598097118487
3,6.312517223704918,0.6531302522360931,0.7215190062083875
3,6.52757711481892,0.6591927266721869,0.6539295692369905
3,7.227407394264003,1.0918850998444118,0.6752043351978133
3,7.227407394264003,1.0918850998444118,0.6752043351978133
3,7.227407394264003,1.0918850998444118,0.6752043351978133
3,7.227407394264003,1.0918850998444118,0.6752043351978133
3,7.227407394264003,1.0918850998444118,0.6752043351978133
3,5.3176447600469325,1.2883065045922295,0.6719372861793065
3,5.3176447600469325,1.2883065045922295,0.6719372861793065
3,5.959786255188627,1.4161905216072743,0.7266008894595681
3,6.753646628620137,1.0954655967834779,0.7095807496539833
3,7.460858328209135,1.109507895370685,0.6202382479964929
3,6.347528334507675,0.7428210399582102,0.7158008196165617
3,6.701447134633496,1.517368216595472,0.8092405042039046
3,5.834612089563144,2.0030272950654657,0.7716682362816413
3,8.127924927454227,3.283655520412664,0.774664845630108
3,10.530980639753523,2.1446651053261263,0.7142850529958756
3,6.806847405500175,1.0899110289671903,0.6045070014361118
3,7.6033850318005145,1.7025843111610552,0.6193812031856988
3,6.248944543209503,0.9425819350248148,0.7951859287402053
3,7.653078811021459,1.2010922657206675,0.7212510461203466
3,7.653078811021459,1.2010922657206675,0.7212510461203466
3,7.6443398152933915,1.1026248871245243,0.7251866562241859
3,5.924661387628332,1.337446633258387,0.7346589711188948
3,5.883661169118394,1.6086138273371076,0.6870164445967673
3,7.048600602292722,1.6194856839621394,0.7036725323624101
3,7.048600602292722,1.6194856839621394,0.7036725323624101
3,9.12904452751547,2.795058772826249,0.7074362258091327
3,6.248116848338386,1.6795619128543768,0.7433400678538277
3,7.215065587236465,1.0123770741604916,0.7053647972181802
3,6.07586898209211,0.9252622617664739,0.7352213143066232
3,6.07586898209211,0.9252622617664739,0.7352213143066232
3,5.806282473293781,1.1941533423087447,0.7746470813201976
3,6.227467105383567,2.3545151690214743,0.6692251610369327
3,6.674102587760397,0.8596424296712384,0.7076409353572427
3,4.407558371075424,0.8995999516603415,0.7121658592653254
3,6.893491753504473,2.1470024480450554,0.6855700326213894
3,8.352672130431547,1.2109444675096832,0.7649041210347399
3,7.4828481182149424,2.1807838312260825,0.7494541834496822
3,8.327085214674167,1.3878095330314704,0.6846525462840266
3,8.272136959354668,1.7040854436941713,0.7055885769770548
3,8.272136959354668,1.7040854436941713,0.7055885769770548
3,8.272136959354668,1.7040854436941713,0.7055885769770548
3,6.181125397124862,1.2272005359909282,0.7052712762080687
3,6.181125397124862,1.2272005359909282,0.7052712762080687
3,6.9571302538527995,1.2381182169416165,0.67797534031385
3,6.645622996039857,1.4180310294981773,0.6357729836004827
3,7.28618768018644,0.8411746839662736,0.6439336098693498
3,5.206689641269087,0.6629338589702796,0.693072133674022
3,4.912429545140762,0.6108289395037859,0.6448177723419105
3,7.974957938838336,0.9405941526624766,0.7541813013492967
3,6.600850570950252,0.6378525729140864,0.7515848953289862
3,7.934438502261529,0.9412688091547061,0.7690945933841091
3,6.953380497537528,0.7117722303713935,0.6658000365763524
3,5.926211515692956,0.6090836264560819,0.7808607608493277
3,5.42529029476291,0.6199126105681056,0.8623279638760822
3,4.309353945949291,1.2025915178317013,0.8652598821732965
3,5.094599249522939,1.6002031672975805,0.8503196926339042
3,4.604555076654187,1.185427694174538,0.8569078925484143
3,5.016017949993811,1.5973498972677798,0.882725094516743
3,6.0208170924378255,2.077121358067777,0.8253340723514909
3,5.408675200118451,1.6308566335656791,0.751538869095272
3,7.200707980291227,0.9538357725084425,0.7063373496982019
3,7.6986688158188175,1.0487152128526482,0.7402350995262681
3,8.458022635939319,1.6473684751590265,0.7000504315124442
3,8.458022635939319,1.6473684751590265,0.7000504315124442
3,8.458022635939319,1.6473684751590265,0.7000504315124442
3,7.350781615541639,1.8518999627595985,0.6861134385887572
3,5.099037003559285,1.166842179522656,0.8091648283841838
3,7.396213073882438,1.7400685308797366,0.828144071317182
3,7.076564562388783,0.7055708430642749,0.7423071037081036
3,6.057995179832572,0.5398445103947352,0.7114047025600114
3,7.169698164187645,0.5411428283380226,0.7498831720372506
3,7.169698164187645,0.5411428283380226,0.7498831720372506
3,5.701807785875701,0.55960868015239,0.6797742842675449
3,7.0712774390050415,0.7161088401009973,0.673209897001724
3,8.336659663545898,1.0196318806658673,0.7423494718469076
3,6.561286221666127,1.0177831806128328,0.6915323367684422
3,8.431937366018422,2.1286275842726945,0.7093095380736232
3,5.463686765001542,0.7020576938126987,0.7804462982909458
3,5.463686765001542,0.7020576938126987,0.7804462982909458
3,7.02410181335037,1.144855347336228,0.7774315243201427
3,7.02410181335037,1.144855347336228,0.7774315243201427
3,7.982573501854149,1.4172622222551396,0.7505807465145081
3,7.982573501854149,1.4172622222551396,0.7505807465145081
3,9.221502899351734,2.0116779640171245,0.671512776799671
3,9.221502899351734,2.0116779640171245,0.671512776799671
3,9.221502899351734,2.0116779640171245,0.671512776799671
3,6.008679734670896,1.3745302323146134,0.6683387406359514
3,7.889109028371207,0.9166811619540975,0.6376965140570514
3,7.183475761901128,0.8225236059729149,0.5971269658328416
3,5.809754329511579,1.4079443090970716,0.754718877726687
3,6.626032833363355,1.9180748662506741,0.6597374695699154
3,7.494326315965403,3.251656815320181,0.7103419260645456
3,6.264992737898087,1.0400914468072675,0.7128520802085618
3,6.883341079111269,0.9715764436400575,0.6622185441032263
3,7.507150510480864,1.8166299007232583,0.8067518396933715
3,8.39639610127714,1.323398328883547,0.7592884802048292
3,8.921089096683978,1.4688622706661185,0.7491119990873529
3,10.664138773390341,3.1173790262949495,0.7182211714458656
3,7.519539452084457,1.5350641147149493,0.7507369462082139
3,8.046322485240317,0.8744144494661694,0.6385325223943067
3,7.973135537491095,1.1281856146999572,0.6379375188830892
3,6.041394338430006,0.8860213884636351,0.7076093019540819
3,7.125529923974774,1.0931197486269983,0.6793113286426988
3,6.321032262914986,1.2214192424352721,0.7765362299622006
3,8.126861631169103,1.8453483766035061,0.6790686896144761
3,9.196480770584461,1.6029625842537525,0.731419321096949
3,9.196480770584461,1.6029625842537525,0.731419321096949
3,9.196480770584461,1.6029625842537525,0.731419321096949
3,6.659946928621479,1.7408327260620615,0.7978372451209981
3,8.741403996789481,1.9633154902891632,0.7346982306271004
3,7.924097372886474,1.507753442195839,0.7548562918067624
3,7.935233563171481,1.890081253430037,0.7672826335558003
3,7.122768634438738,0.7480984133067168,0.7684807842161859
3,6.7517924541983,0.7709226657194072,0.8041108973954535
3,8.71025793023215,1.484906264722027,0.7511568228176372
3,7.708843924919103,2.1371308628687946,0.6854800260479371
3,7.085387562900189,2.245101281422806,0.677101174803311
3,6.533140046561178,1.8122016915810264,0.6786365160388338
3,7.129939721525822,1.1445661628938026,0.7021326434497926
3,7.129939721525822,1.1445661628938026,0.7021326434497926
3,7.129939721525822,1.1445661628938026,0.7021326434497926
3,7.129939721525822,1.1445661628938026,0.7021326434497926
3,6.186792960058864,0.9426643614616133,0.666411570574557
3,6.186792960058864,0.9426643614616133,0.666411570574557
3,6.186792960058864,0.9426643614616133,0.666411570574557
3,6.186792960058864,0.9426643614616133,0.666411570574557
3,5.293557391459014,1.0700775257261599,0.7083903256488833
3,6.61482514103273,1.5281249766434322,0.6716923681805618
3,5.758824692716988,1.0766661137741242,0.6972708599997178
3,5.758824692716988,1.0766661137741242,0.6972708599997178
3,5.758824692716988,1.0766661137741242,0.6972708599997178
3,5.758824692716988,1.0766661137741242,0.6972708599997178
3,5.758824692716988,1.0766661137741242,0.6972708599997178
3,7.615872122993371,1.9564088430260445,0.6464970681125771
3,6.620165470342987,1.885646008252824,0.7447458989285372
3,6.446855067719478,1.3088607473864424,0.7011811763526136
3,8.242168303069398,2.071871350320836,0.6721534760358411
3,8.242168303069398,2.071871350320836,0.6721534760358411
3,8.242168303069398,2.071871350320836,0.6721534760358411
3,8.242168303069398,2.071871350320836,0.6721534760358411
3,7.169232186754036,1.665564338777656,0.7091198116348728
3,7.169232186754036,1.665564338777656,0.7091198116348728
3,7.417139155718633,1.209798444811346,0.6745037939479304
3,10.002501632965316,2.0249633406570897,0.7095157829138354
3,10.002501632965316,2.0249633406570897,0.7095157829138354
3,9.611133820500518,3.6292028197769493,0.6711066082433104
3,7.70375489116045,0.6215183483819143,0.7447174154402338
3,5.895537945136387,0.6037319980070042,0.7670077177878809
3,7.198890682120235,0.8877033841805724,0.8312954477836149
3,5.098119677704002,0.741369397931762,0.7907530304076602
3,5.75609555600432,0.7285655513301224,0.7326243737012101
3,6.853801389197895,0.8205701912650245,0.691039441980369
3,6.570523395789335,0.9464535020018394,0.6743833079972755
3,6.570523395789335,0.9464535020018394,0.6743833079972755
3,7.216741532083744,1.2287454198478407,0.6736092660008728
3,6.777197054689533,1.48952966524625,0.656045235377857
3,6.577611797525437,1.4295068017100525,0.6299339168364196
3,5.354538084797704,0.7826236394442587,0.7054047039346513
3,6.668117647497358,0.547530673223689,0.7096901724476035
3,5.5023388024891355,0.5375783491698338,0.6881964085751064
3,7.009466811189863,0.553518241850562,0.7979559556210414
3,4.840925080827828,0.5813274254651573,0.7292755755199474
3,4.857024967736028,0.6283932320890668,0.7352980972281156
3,5.8528414174894365,0.8923424950783045,0.6210098526667261
3,6.115911855330801,0.638982396592014,0.7332250760010348
3,5.9607439149661055,0.5525269535144912,0.7993018284967283
3,5.550576382266128,0.5768218115629767,0.7433427387420519
3,4.349834827312355,0.5200913932032003,0.7464177750985762
3,5.767874882450748,0.5167877294600006,0.7563573457537242
3,6.1641209936751595,0.5140284282348934,0.744736224617407
3,5.183751226325815,0.5306990266011494,0.7454991241724446
3,5.708690445504761,0.549152357320844,0.7974419351352074
3,5.586394951089691,0.5686049864102152,0.6884544602930156
3,4.572980110843218,0.5628334877160679,0.7467647422215213
3,5.512957709044686,0.542221104412349,0.7237588624459664
3,6.339537309364328,0.6889036104115029,0.7784002521334129
3,6.017226181934471,1.1785816613672302,0.726718760495481
3,6.017226181934471,1.1785816613672302,0.726718760495481
3,5.553472326489111,1.3338243727112564,0.7193603836751653
3,4.777515580723562,1.025914549595425,0.6556418534704928
3,6.591617238043986,0.8892877746530425,0.6414568657115965
3,6.591617238043986,0.8892877746530425,0.6414568657115965
3,6.591617238043986,0.8892877746530425,0.6414568657115965
3,6.591617238043986,0.8892877746530425,0.6414568657115965
3,7.505984562772777,1.2301268755295491,0.6383597216382889
3,6.579972306862447,1.3053490835896278,0.7207700953982289
3,6.579972306862447,1.3053490835896278,0.7207700953982289
3,6.579972306862447,1.3053490835896278,0.7207700953982289
3,6.0851200770664216,1.9615768774361118,0.6743546651771325
3,5.982141733932226,0.7561299073241139,0.7068060761339974
3,6.760369098217704,0.7426663572690771,0.7235559918060394
3,6.484455375197281,0.6780546444584509,0.6838328686502945
3,5.47632721945323,0.6163877704842929,0.7339522600163451
3,5.530691121918762,0.6975508880311129,0.6619688973898913
3,7.494921113387949,1.2474746203982705,0.7650044351779614
3,7.494921113387949,1.2474746203982705,0.7650044351779614
3,6.701327747930521,1.5563619460105893,0.7633433440073011
3,6.360263316759429,1.390488596553357,0.7391276368229196
3,7.461454263125532,1.4166313462598394,0.6631701385985577
3,7.352504874689715,1.4084669185765968,0.6367982163129318
3,7.25699936322898,0.7389524558693287,0.6390725211393049
3,6.061133603327167,0.7186216184497107,0.6125189803570259
3,6.900942694231777,0.5599198276875506,0.6833729383437127
3,5.341078955915412,0.5845748162804183,0.7319045228176602
3,6.184286294137098,0.6079713396170757,0.7314945260118896
3,8.029889024757907,0.8940873016864062,0.7397993998158117
3,6.354651350135487,1.1350532969608997,0.6811939347478915
3,6.354651350135487,1.1350532969608997,0.6811939347478915
3,6.354651350135487,1.1350532969608997,0.6811939347478915
3,7.336979424243883,0.6117027112015517,0.6774195495714401
3,5.385073906730087,0.7137523789877377,0.7090935740631978
3,6.106977733174492,0.8408564441759203,0.6783413912534529
3,4.8892777260987526,0.8979680370479939,0.6862449581912772
3,5.3050739814786665,1.0311103922144809,0.6681278343638112
3,7.130993394774634,1.5169829769840935,0.6992617998574555
3,7.130993394774634,1.5169829769840935,0.6992617998574555
3,7.130993394774634,1.5169829769840935,0.6992617998574555
3,7.130993394774634,1.5169829769840935,0.6992617998574555
3,5.443605305189267,1.2358122225166763,0.702192003469612
3,5.0780509541692185,1.0857724663036565,0.7200991973652155
3,5.0780509541692185,1.0857724663036565,0.7200991973652155
3,6.0667184723699545,0.8146134596829526,0.7454215770089151
3,7.62087202019141,0.8724833270176483,0.703278737158769
3,9.26058849734765,2.4765778699778376,0.6896099695841531
3,7.908046115915605,1.3469232863382103,0.759666524442083
3,7.073651658685082,1.5611902894195426,0.7499773502854494
3,7.073651658685082,1.5611902894195426,0.7499773502854494
3,5.800071431583939,1.1526424093540912,0.7334576364235054
3,7.567058733291531,2.558041539782543,0.6961101579895997
3,7.567058733291531,2.558041539782543,0.6961101579895997
3,7.033688453247922,1.4017298627222525,0.7013988710703117
3,7.033688453247922,1.4017298627222525,0.7013988710703117
3,7.033688453247922,1.4017298627222525,0.7013988710703117
3,7.033688453247922,1.4017298627222525,0.7013988710703117
3,6.222853824349632,1.399525903946719,0.6575087835617349
3,6.222853824349632,1.399525903946719,0.6575087835617349
3,6.222853824349632,1.399525903946719,0.6575087835617349
3,7.596623792004529,1.3315986665010484,0.6798129825992058
3,8.037753585388653,1.0618777990345738,0.6997004898429339
3,7.01855061032569,0.9360676600824624,0.7045885847508482
3,8.905505956502616,1.555228280931491,0.6988228326027961
3,5.585166632006312,1.2399696669210125,0.6849692454234741
3,5.425809129613356,0.761169363386236,0.714001002729118
3,6.174103715310936,0.6627609702960555,0.7160788584313971
3,5.152987648673658,0.5440130133908427,0.7005886715878117
3,6.555727596736661,0.6594461844075619,0.6555783173831274
3,6.090300964600931,0.8966032587293284,0.6966399243958935
3,6.017956728676295,0.8594302242418383,0.6788794047650787
3,6.547696365215405,0.9310099207621807,0.7001055063248934
3,6.530405159243836,1.2828022887188464,0.6987992463363615
3,6.119395929930422,1.2285660934523457,0.6274259152047994
3,5.819888975782133,1.282907298676156,0.7190044962929444
3,5.800823285110499,1.1525940431617125,0.7367592735957038
3,7.118745488508243,1.2216437065134542,0.6487825021967618
3,7.118745488508243,1.2216437065134542,0.6487825021967618
3,7.118745488508243,1.2216437065134542,0.6487825021967618
3,7.007014630264293,0.8561801366313936,0.7579520849258345
3,5.481051443340688,0.669346583267608,0.7529005204343197
3,4.73673198331187,0.6397853543418265,0.6825704580081642
3,4.73673198331187,0.6397853543418265,0.6825704580081642
3,5.0753119628793435,0.7395146889596735,0.7285393201689826
3,8.110512864880493,0.9134322481457233,0.7039451990666792
3,8.110512864880493,0.9134322481457233,0.7039451990666792
3,8.110512864880493,0.9134322481457233,0.7039451990666792
3,8.110512864880493,0.9134322481457233,0.7039451990666792
3,7.157401777759412,1.5620230102658905,0.7239017024134103
3,7.262385270860308,0.9204286784407044,0.7594811843040166
3,6.552540263215902,1.0157085146816214,0.7365789644186878
3,6.552540263215902,1.0157085146816214,0.7365789644186878
3,6.933303097523648,0.7493199793891403,0.6847662963786494
3,4.994395127229321,1.1315017797790694,0.7031661848607564
3,9.48094503867847,1.2273318194670395,0.7082338699988561
3,7.836445925383628,1.483753903695932,0.673923195305619
3,8.487633699480387,1.4270648962954848,0.7406790313163394
3,7.569513799250235,1.2076083318768767,0.7820839662105523
3,7.160406671848961,0.8385114341309516,0.8272882910542964
3,7.84813029945967,0.8527316392950052,0.8082702024075882
3,7.999962632306658,1.4085516390165909,0.7419103793214302
3,7.880904598469945,0.7009751723331836,0.649189354468586
3,6.967166559989958,0.6491494388598864,0.6683885399132731
3,7.181848115213173,0.5600209834827745,0.6631585705272594
3,7.209356657430814,0.5363719074829776,0.7166797472688321
3,6.9874488666748436,0.5576935482518882,0.7088798060197439
3,5.939923296241415,0.5477438019517218,0.731592187604516
3,7.219896744873045,0.5501477397086036,0.6885662842708844
3,5.291706981158918,0.5766768116806508,0.7753738199952231
3,5.271635836704712,0.5566533531497502,0.699044451340858
3,7.651509202017447,0.919407335171134,0.6741524828352732
3,8.141817465610604,1.1269270701990193,0.7627019997324739
3,9.289333998336186,1.557835570853981,0.6939504451831983
3,6.876362020058537,0.6518800158764992,0.7021571040407232
3,6.876362020058537,0.6518800158764992,0.7021571040407232
3,7.039802138141694,0.6203961328498654,0.6440381547761423
3,7.110669745250863,0.6032539609327092,0.6866469905388206
3,6.7273123234158705,1.4047552191382975,0.7251263691051952
3,6.18729919982568,1.0557520428274239,0.7299251952240432
3,6.893669121134565,1.25120272174027,0.7408126606119979
3,8.65301884137909,1.0638385253637845,0.6424274981185698
3,6.8689446608696025,0.955303718802605,0.6949764449786525
3,5.335872695429036,0.9988707483447654,0.7182053381530014
3,7.02430208905698,1.0420477720304158,0.6383631196277704
3,7.728216993879238,1.1743530378503952,0.627347632677293
3,6.797444728288689,1.6169131679658786,0.6643083901648273
3,6.797444728288689,1.6169131679658786,0.6643083901648273
3,6.5993295815598625,1.3089982166280283,0.7937315826537571
3,5.375732101160188,1.3865685788653226,0.6760526467363623
3,4.150754333628936,0.9450191681351483,0.7192089523859883
3,6.528364838929428,0.8159766825454686,0.612064092940531
3,5.903289366349713,0.573021861250482,0.712436064604883
3,7.269451636653582,0.7539427512929984,0.7661319755688017
3,6.231801919404151,0.6786467539233481,0.7816218664933705
3,8.512210832179022,0.8093242316461354,0.7527869161581048
3,6.491991609642277,0.6537105591809746,0.7137980805565605
3,6.491991609642277,0.6537105591809746,0.7137980805565605
3,7.772213162867302,0.9520440377041923,0.664583753639442
3,7.772213162867302,0.9520440377041923,0.664583753639442
3,7.086386717576085,1.0585496477698393,0.7034325781666915
3,7.208274388091725,1.487104679950503,0.7119290197492533
3,6.503390950356932,1.23909847481591,0.7391660074096215
3,4.946200560014345,0.9209423630747304,0.799450216025557
3,7.477347229981001,1.3835642124189573,0.6718539349330545
3,8.717231691738393,1.6078749629063327,0.7181108646469939
3,6.996957678417648,1.8198821138667745,0.6367747248884493
3,6.996957678417648,1.8198821138667745,0.6367747248884493
3,6.266843697693887,2.0847614416155755,0.7638024252558273
3,9.05157700908709,1.7684423065681023,0.7708276856749106
3,8.279090554438154,1.611537916480924,0.8013039256135077
3,5.3660993583932175,0.6395219015605854,0.6836421273074186
3,5.3660993583932175,0.6395219015605854,0.6836421273074186
3,5.3660993583932175,0.6395219015605854,0.6836421273074186
3,5.314495670948851,0.7525943780907015,0.6934850898993894
3,5.766298148522775,0.8220031427508475,0.6563617332632781
3,5.242259567472293,1.0750532408828257,0.6782836458120848
3,5.622519062883477,0.9013912492523062,0.7217652546869011
3,7.195780092546816,1.275384814535442,0.6902848127591592
3,7.195780092546816,1.275384814535442,0.6902848127591592
3,7.195780092546816,1.275384814535442,0.6902848127591592
3,6.697972281982477,1.7765898114229774,0.6976187793847717
3,7.2035946990302655,1.5087441377888788,0.7163245205206572
3,7.2035946990302655,1.5087441377888788,0.7163245205206572
3,7.290910996930344,1.523788061479701,0.741078729104761
3,7.290910996930344,1.523788061479701,0.741078729104761
3,6.639614008633809,1.4863609977623184,0.7096735442076106
3,6.639614008633809,1.4863609977623184,0.7096735442076106
3,7.270611442073406,2.42264451364425,0.6464576760675023
3,9.9726384837903,2.3663766322285777,0.6653611980850864
3,7.867525033981343,0.8119861842860536,0.639497175347629
3,7.8619109672035234,1.312916658228206,0.6396185471691471
3,8.645642986763818,1.8278612837804107,0.6680482341405644
3,7.965429827876518,1.3412653360098616,0.7900929931123226
3,7.519217574862525,0.7969714103577754,0.7237256595664038
3,7.087869146411141,0.7311218829849441,0.7037725065521087
3,6.5335906586631625,1.3750216615210586,0.7371326974034366
3,6.981916009398937,1.2376123084798274,0.692282873392173
3,6.2169273150761155,1.2793106197969841,0.7573370053708172
3,6.2169273150761155,1.2793106197969841,0.7573370053708172
3,8.588333833064272,1.912677409039692,0.6524168137847374
3,8.588333833064272,1.912677409039692,0.6524168137847374
3,8.588333833064272,1.912677409039692,0.6524168137847374
3,7.915386251085564,2.10084918896067,0.6604506067511976
3,7.915386251085564,2.10084918896067,0.6604506067511976
3,7.915386251085564,2.10084918896067,0.6604506067511976
3,7.915386251085564,2.10084918896067,0.6604506067511976
3,8.999826459430068,2.2390084825699947,0.6780159185209138
3,9.504609596805395,2.7179613530980196,0.67809159696254
3,9.504609596805395,2.7179613530980196,0.67809159696254
3,6.57796454682925,1.0285256807308805,0.75526787326206
3,6.49864132611565,0.6842121761114427,0.7113512366336685
3,5.952943021614208,0.7113313139389794,0.6826360525778207
3,6.435969161047456,0.6379981333841035,0.7404731211797774
3,6.435969161047456,0.6379981333841035,0.7404731211797774
3,8.755123575787257,1.2200769298227252,0.6961023837791698
3,8.755123575787257,1.2200769298227252,0.6961023837791698
3,8.195083844042127,2.256199467454808,0.6885345301238438
3,8.195083844042127,2.256199467454808,0.6885345301238438
3,8.19754285183637,1.6221699367822058,0.6728508945026609
3,8.19754285183637,1.6221699367822058,0.6728508945026609
3,8.19754285183637,1.6221699367822058,0.6728508945026609
3,8.19754285183637,1.6221699367822058,0.6728508945026609
3,7.384124876531115,1.876041274648812,0.7155718622710413
3,7.384124876531115,1.876041274648812,0.7155718622710413
3,5.570635033284915,0.9206378747728978,0.7508499766376986
3,5.931051225089933,1.3117749607686713,0.8380166241256778
3,6.825962282364339,0.815060052370453,0.736828941376426
3,5.127036733524406,0.8133888902104686,0.6590969792003382
3,7.602979279136392,1.2915003545175345,0.7482191827274827
3,7.602979279136392,1.2915003545175345,0.7482191827274827
3,7.602979279136392,1.2915003545175345,0.7482191827274827
3,10.06775925738549,2.129345725900171,0.7615983524602604
3,10.06775925738549,2.129345725900171,0.7615983524602604
3,9.641800907270671,1.9740151566588906,0.761112007356029
3,9.641800907270671,1.9740151566588906,0.761112007356029
3,7.156732760488697,1.7954887201522909,0.7419764004379557
3,7.203112533091362,1.4971337400852485,0.710499810780998
3,10.568387651388996,2.7354740727129685,0.6720993972436765
3,10.568387651388996,2.7354740727129685,0.6720993972436765
3,6.462958701343776,1.5924265792230599,0.6865125559545046
3,9.030500302174131,2.1050735460168086,0.7495457678970252
3,6.147858492777329,1.4504374445026182,0.7105810500834245
3,8.090568799041437,1.928608327835935,0.7754454693792958
3,6.413021744528347,1.3842040190101481,0.7245901548994143
3,6.413021744528347,1.3842040190101481,0.7245901548994143
3,6.413021744528347,1.3842040190101481,0.7245901548994143
3,7.273773270978928,1.7985229297508762,0.6569274372093542
3,9.171808177153052,1.952793681819636,0.5697796314285453
3,8.609467535379867,1.8757017631326554,0.6086050472185673
3,8.609467535379867,1.8757017631326554,0.6086050472185673
3,4.825383698877257,1.0752792789447982,0.741332179567311
3,5.368865703140338,0.7468853505574495,0.7208008999031814
3,5.8922003876569065,0.6799494747673096,0.7713129729929747
3,6.46325925750003,0.9398094111659568,0.758187387590268
3,7.492362002586141,0.867937111181539,0.7402892474165459
3,9.79320984990933,1.088676191216429,0.671022147286861
3,9.955829707277848,1.94501826056727,0.6450530843822578
3,7.66751425322361,1.0814925629528356,0.6197893398420559
3,8.72407872703015,2.0911052096050575,0.728414757984046
3,8.72407872703015,2.0911052096050575,0.728414757984046
3,7.662999823300084,1.6431642100132604,0.7514885271709411
3,8.113156102526617,1.7494977394395643,0.6822743538715456
3,6.164395231290813,1.1327959367650235,0.7315490743129532
3,6.164395231290813,1.1327959367650235,0.7315490743129532
3,7.823607661035822,1.2934783152393456,0.6822999936833016
3,5.967909765561838,1.1027500800107424,0.7485675085952788
3,5.967909765561838,1.1027500800107424,0.7485675085952788
3,6.293378460936427,1.313434165429673,0.7076064253162174
3,8.169163977388399,1.306181637791822,0.7418666024895433
3,6.429661707064181,2.0292326706617096,0.7202294961205391
3,6.872923863620757,1.4566467652900994,0.7617045274005085
3,6.872923863620757,1.4566467652900994,0.7617045274005085
3,10.191812191224136,2.8786474020032746,0.6492674737628998
3,9.995733874002282,3.23154198862492,0.6512666656096732
3,10.10311822087223,2.5382760881697592,0.7514386173273363
3,8.056608118627741,1.1459277770649772,0.7337341489761975
3,5.690416250093283,0.6896393832622676,0.6832833170655758
3,7.544081116178616,1.6789392077769492,0.7740817173029828
3,6.858538011087128,1.4791240628043263,0.7899348826116771
3,8.272064925905404,1.0792198420717365,0.8416280501627416
3,5.7965315531644155,0.650624214065824,0.8178445341323799
3,5.901630521301673,0.5302816179149145,0.7135625673532496
3,5.153205635444324,0.5807101781175876,0.7305251391444056
3,6.7821296126689115,0.553853952055325,0.686863789875918
3,6.73962308365406,0.5311955421025338,0.6922667001359851
3,7.393283589347738,0.5615626533563997,0.7003829182016295
3,6.560831224412649,0.5470603756040368,0.7536860874606162
3,8.218318444773626,0.720533041301058,0.7461648854760774
3,5.458012198336841,0.6171569475325813,0.7425691106643758
3,6.935078020703495,0.8718909793447822,0.6391291803387347
3,6.553197878966727,0.8608807736192178,0.6868366662254297
3,6.830618974586465,1.1089879433233936,0.7498441642029575
3,7.560983483385005,1.1737599360442332,0.633482963457179
3,7.560983483385005,1.1737599360442332,0.633482963457179
3,6.74567039939192,0.857378294501016,0.6557184326919689
3,6.74567039939192,0.857378294501016,0.6557184326919689
3,8.396993518413819,1.0838959728961501,0.6617171449647163
3,5.505692511782189,0.9080926121517818,0.7633627096860731
3,4.606055992067068,0.6399660644298705,0.753043386136917
3,4.8964364228648645,0.5839441301313323,0.8197502740399673
3,5.039645448878628,0.5535738256727322,0.78132216297762
3,4.780699900152561,0.5969692245503728,0.8230183316461559
3,8.555685490338753,0.9438231143007307,0.6875767980352003
3,8.02656194985689,1.8704991596487668,0.6782968193773905
3,5.734956439945025,0.8999764802226233,0.6637559422666708
3,9.849560440233107,1.77001876930325,0.7390458918198234
3,6.906038495643043,1.022527533325553,0.7646481828655227
3,6.906038495643043,1.022527533325553,0.7646481828655227
3,7.853497719280288,1.9889518039167908,0.7659294882050328
3,9.471119498294964,2.272360559680922,0.7122857939659953
3,8.819439080596307,1.6660327405196733,0.7644598655305308
3,6.8735423471796695,1.2360365413341632,0.7278308548203654
3,6.8735423471796695,1.2360365413341632,0.7278308548203654
3,8.38567569626872,1.4223930398532287,0.7304311721552793
3,8.38567569626872,1.4223930398532287,0.7304311721552793
3,7.661417948602617,1.6701905167208928,0.7507510353277376
3,7.35448532201254,1.368413194323253,0.7803931680135248
3,7.35448532201254,1.368413194323253,0.7803931680135248
3,7.876021546385444,1.4815536786090668,0.6930117925319367
3,7.876021546385444,1.4815536786090668,0.6930117925319367
3,7.255234161718219,1.5157533153692218,0.7146877663452951
3,8.789453717207007,1.4581517772204637,0.6537202487087542
3,8.789453717207007,1.4581517772204637,0.6537202487087542
3,6.530665093173192,1.423181813502934,0.6740259077874636
3,7.432462662477271,0.8753941788398758,0.7453837229786868
3,7.927549835872656,1.3660862499837414,0.7342903603955716
3,7.927549835872656,1.3660862499837414,0.7342903603955716
3,8.919136957890636,2.6437050229808863,0.7599471402881562
3,8.119756021161695,1.9236225312479838,0.6505399412157141
3,7.624153751523576,1.222172810652233,0.6824396164974421
3,9.61936898418618,0.7829974062759666,0.6911639154380878
3,8.706171158186992,0.7210351995180878,0.6638768118635415
3,8.706171158186992,0.7210351995180878,0.6638768118635415
3,5.0539735534797225,0.7148363861553536,0.7155233526180225
3,6.2687588949110795,1.1160998435997351,0.6925683074494724
3,6.412821876953379,1.0132598791925838,0.7267820377234792
3,5.841247099457568,0.8459087764206532,0.6797800062760821
3,6.502455763379632,0.7439808945976115,0.7196938556205235
3,5.558078895675063,0.676543552466897,0.7458828035120145
3,5.102920045666951,0.8373373409185036,0.7416250209231472
3,4.996390597469583,0.7420843121383871,0.7484338334867593
3,6.1409904817774805,1.8344640814666833,0.7710788688712347
3,5.696723757199938,1.6178776095672014,0.7375365803531463
3,8.519689055832682,1.1937751731010307,0.7372244708131533
3,8.519689055832682,1.1937751731010307,0.7372244708131533
3,7.578946264961585,1.6236155161917931,0.7588736780510045
3,7.717134056367442,1.4929898239200712,0.6576920288815091
3,8.297395082345815,1.4897258869847154,0.6879706913665838
3,8.297395082345815,1.4897258869847154,0.6879706913665838
3,8.385883084580561,2.105776022276067,0.7390541281138061
3,7.32624370918003,0.8989724418394545,0.7519827748537502
3,7.276300009905827,0.9276628037287544,0.7182491466840638
3,8.16685439399047,1.4198346684659375,0.7405006960199919
3,8.16685439399047,1.4198346684659375,0.7405006960199919
3,7.166912291539847,1.2716517658513249,0.7493200056827306
3,7.756906011083207,2.0037890103894362,0.7130298576964128
3,6.93733148634579,1.8816820153554479,0.6741949799258743
3,7.361422907424408,2.570976725665668,0.6989513996288405
3,6.62532968006028,1.6648377200856626,0.7024396970741972
3,6.62532968006028,1.6648377200856626,0.7024396970741972
3,6.62532968006028,1.6648377200856626,0.7024396970741972
3,6.62532968006028,1.6648377200856626,0.7024396970741972
3,6.62532968006028,1.6648377200856626,0.7024396970741972
3,6.62532968006028,1.6648377200856626,0.7024396970741972
3,7.698548803166742,1.9604708783431373,0.7512735217831333
3,7.698548803166742,1.9604708783431373,0.7512735217831333
3,7.085201222057156,1.3801967222722298,0.6927829221777636
3,9.004998312607217,1.9061913203454208,0.7236789238301664
3,6.389287854412817,1.3798248420796488,0.7961373017716157
3,6.871440110675764,1.2230199783477835,0.6929586263934713
3,9.313301534481303,1.7881580787715108,0.6919105766090308
3,5.58946658063541,1.3808094866778249,0.7526266997884689
3,6.24232429630509,1.069045961674489,0.7817658314879533
3,7.207847915592917,1.9684396182503447,0.7968484856818618
3,7.478914249494446,1.5185535387940752,0.6655880015364076
3,6.2499738907385165,0.9275830478335556,0.6985678585187474
3,6.761097439725109,0.7741029082211335,0.6527601313939199
3,6.761097439725109,0.7741029082211335,0.6527601313939199
3,4.742959585828828,0.6429949377675833,0.7111290411827497
3,5.0201243106422835,1.0885173444680962,0.7926129783982744
3,5.0201243106422835,1.0885173444680962,0.7926129783982744
3,4.453567101616124,0.6904481504418588,0.7948027465519862
3,5.636455649226427,0.7786589717870858,0.8238517443925507
3,6.524679705327128,1.22100334775123,0.8076596761888606
3,6.208786834755136,0.9302712082673985,0.757966752740772
3,7.329607348265179,1.2851987361407717,0.6620770551550225
3,6.389293097306754,1.6180575423251173,0.7678883345112644
3,6.389293097306754,1.6180575423251173,0.7678883345112644
3,6.389293097306754,1.6180575423251173,0.7678883345112644
3,6.604406070124255,1.2093793899937366,0.7698896994328064
3,6.604406070124255,1.2093793899937366,0.7698896994328064
3,7.440336933639306,1.5514799274418012,0.8009133190885444
3,7.677304740993319,1.0102373139643002,0.7911991515682264
3,7.677304740993319,1.0102373139643002,0.7911991515682264
3,8.203506311180988,1.3284314255424157,0.683840769514762
3,6.355533895187426,0.9677662010786016,0.7472413000545522
3,6.355533895187426,0.9677662010786016,0.7472413000545522
3,8.117665678545517,1.9859422483180245,0.7189877666691743
3,8.117665678545517,1.9859422483180245,0.7189877666691743
3,8.117665678545517,1.9859422483180245,0.7189877666691743
3,8.117665678545517,1.9859422483180245,0.7189877666691743
3,6.6438693183504025,0.9274377836720742,0.656483037208427
3,6.210615909300334,0.9443054240709149,0.7053506530787313
3,6.354815225471341,0.7730878732454143,0.7241389354755958
3,6.525991992092813,0.922168315566894,0.7382665307317273
3,5.048140903446262,0.695198603214714,0.6599797265651642
3,6.473113575613104,1.07860361208882,0.6647754906968089
3,5.482353390750928,1.0076261247390472,0.6912478055720366
3,6.149683951056689,0.7203528914462847,0.7501018168518172
3,5.223286991334061,1.0375806792582407,0.696744189648109
3,5.647736922032273,1.1235630344522245,0.7799977231579956
3,7.151918333006164,1.8682327211278817,0.6786080854149769
3,7.151918333006164,1.8682327211278817,0.6786080854149769
3,10.26314242247666,2.073810457619534,0.6819266273307676
3,10.26314242247666,2.073810457619534,0.6819266273307676
3,8.943529794682316,1.372998855542446,0.6627128923288342
3,7.31342316516329,1.6291222418853188,0.6731165037779908
3,7.90131267234222,2.0015974975146884,0.6956808425343343
3,7.90131267234222,2.0015974975146884,0.6956808425343343
3,7.90131267234222,2.0015974975146884,0.6956808425343343
3,7.90131267234222,2.0015974975146884,0.6956808425343343
3,6.418960181165607,1.2714292694258404,0.6856039749818843
3,7.358092646117009,1.7321541340834288,0.7495287765362739
3,7.485639157248761,2.697912679626927,0.7332823740086075
3,7.485639157248761,2.697912679626927,0.7332823740086075
3,7.773249345255803,1.3022634347889475,0.7224783379202622
3,7.0637750661702405,1.2167745761342714,0.7738352676069736
3,9.160902049796386,0.957328773879683,0.7472810313518107
3,7.862976002413395,0.8429112833114607,0.7451056089213802
3,7.862976002413395,0.8429112833114607,0.7451056089213802
3,6.552620095456307,0.8767568842077119,0.681620787638468
3,9.274570981696325,2.1402631035064017,0.6990082810514799
3,9.274570981696325,2.1402631035064017,0.6990082810514799
3,9.274570981696325,2.1402631035064017,0.6990082810514799
3,8.901492013960357,2.4177651630985872,0.7621428587550558
3,5.965913155940412,0.8847048414919297,0.6758919782784196
3,7.031218316246193,1.4787816642901412,0.6396632593862323
3,8.000896541499232,2.8405193863870513,0.7126557318184333
3,7.58972713932186,1.2075161158310186,0.6962663913126255
3,7.467862826622611,1.1293166311378753,0.7591491097643069
3,7.467862826622611,1.1293166311378753,0.7591491097643069
3,6.844789555937243,0.604833759052479,0.6697917632070675
3,6.844789555937243,0.604833759052479,0.6697917632070675
3,5.03005035182862,0.6113774089153688,0.720323182020241
3,5.1698986932659174,0.7969945818633268,0.7029964156448694
3,5.039405049959981,0.99962677039677,0.7878950445993065
3,5.039405049959981,0.99962677039677,0.7878950445993065
3,6.433622373709162,1.1550892639280326,0.8119173168925827
3,9.683034550968644,1.2691011307395246,0.719541135696068
3,9.248204722515457,2.0924476921679958,0.6499556599591738
3,6.876719731380823,0.9106366653453937,0.6947719307819306
3,6.876719731380823,0.9106366653453937,0.6947719307819306
3,6.876719731380823,0.9106366653453937,0.6947719307819306
3,7.748181955475045,1.7515898640155871,0.7045538579603546
3,7.748181955475045,1.7515898640155871,0.7045538579603546
3,7.748181955475045,1.7515898640155871,0.7045538579603546
3,6.249177790333111,0.9888207622309948,0.684877321117121
3,6.249177790333111,0.9888207622309948,0.684877321117121
3,7.931278050263969,1.358380466353216,0.6632199311591748
3,7.931278050263969,1.358380466353216,0.6632199311591748
3,7.797041832061381,1.0205658161874345,0.7437450120800205
3,6.916652217321886,1.1544143183708417,0.6928436192526697
3,6.916652217321886,1.1544143183708417,0.6928436192526697
3,6.3391341057752575,1.063012306533948,0.7804923073491002
3,5.871862932743436,0.8323287961945647,0.7743713306257966
3,7.031565666830344,1.2545666928814119,0.7838832055738012
3,6.0733442743352395,1.2837088475974765,0.8226647129231511
3,6.961638442594601,0.921035374920441,0.7987895377681733
3,8.215473570982397,1.1198203691045585,0.7020954332578606
3,5.8907238803463065,1.3644197966130527,0.7950578351878296
3,5.845108526528777,1.4031733387930267,0.8337218215861942
3,5.6964432826948,1.1652958983976356,0.778813037797264
3,7.366861326613616,1.1040530243696258,0.7651590139666944
3,9.333306603031144,1.9980119849633664,0.7214567822706505
3,9.333306603031144,1.9980119849633664,0.7214567822706505
3,7.154578104646769,1.2889714493211286,0.6908709231193864
3,7.154578104646769,1.2889714493211286,0.6908709231193864
3,7.154578104646769,1.2889714493211286,0.6908709231193864
3,7.087270469436379,1.9059968442099053,0.748391049527289
3,7.34023059751597,1.2347102108591375,0.662444620827492
3,6.263356743810012,1.3969976850178645,0.6723488139237809
3,6.263356743810012,1.3969976850178645,0.6723488139237809
3,7.630989956545841,1.703808472917816,0.6684868738005106
3,7.630989956545841,1.703808472917816,0.6684868738005106
3,7.413416112048119,1.84653577500439,0.615161016644273
3,7.123883426338935,0.8617432490911607,0.7251180246119452
3,7.3201235178220205,0.802196827987046,0.6995581276696576
3,8.701436849227832,1.4980602155827505,0.7817811618737316
3,9.555936072092292,1.8099227370914766,0.6194503576230984
3,6.824520390719552,1.480323482513251,0.7487593165310586
3,6.824520390719552,1.480323482513251,0.7487593165310586
3,7.378651627929685,2.0434346906771097,0.7676377090378642
3,7.525423290252136,1.5076667852027503,0.732206424516129
3,8.99035532570961,1.2585987396241674,0.7651058117046382
3,7.772569774520477,0.6442334746935293,0.7792658163805929
3,5.171853313180161,0.5210421861865745,0.6911108643714721
3,6.453712529882813,0.5203846422537215,0.6934153742509547
3,5.793123384918508,0.5164259791334022,0.6627090677538882
3,5.419816492759019,0.5077566688195657,0.7556916786545192
3,5.5811449258545744,0.5121426666971115,0.7956596203715014
3,6.266824526048234,0.5035432314921503,0.7416576099433133
3,4.788938256332214,0.5041983506149388,0.6709304466061778
3,3.685723530390277,0.5022650191766538,0.7779234752305424
3,5.063789589139786,0.5047143736013018,0.8503708438826454
3,5.641791352619107,0.5055551114340938,0.7792967300677295
3,5.667209437213547,0.5066859102726453,0.6565706575176123
3,4.646342149395543,0.6010865538414197,0.6832776590782346
3,7.533311038633961,0.6137305106826106,0.7254562301960428
3,7.533311038633961,0.6137305106826106,0.7254562301960428
3,5.478342902502162,0.5619217598409825,0.7957598672867424
3,6.387034926440369,0.5674941008901196,0.7462793805986369
3,6.038109274413384,0.532918656314883,0.6901838680336276
3,6.038109274413384,0.532918656314883,0.6901838680336276
3,7.089139886987687,0.600024036269644,0.760131918715292
3,5.023448993887631,0.5762792918263913,0.6823140640246035
3,5.093058000183938,0.6272746184193752,0.7605751151272103
3,8.23793514561882,0.7919262691425045,0.7056040088377602
3,8.200940635365122,0.8585790374700537,0.7665199092446413
3,8.200940635365122,0.8585790374700537,0.7665199092446413
3,5.749313376430582,0.8192646846030913,0.7165338246412222
3,6.199233558664828,1.0478659737040301,0.6708808333052905
3,6.0149020709897,1.8358127644685684,0.7409547259592303
3,6.752858735514506,1.085896151269006,0.7176612924191024
3,7.095758483140599,0.9832614875419029,0.6907133066752064
3,7.095758483140599,0.9832614875419029,0.6907133066752064
3,8.147624196727076,1.9056886015112604,0.6348082387729398
3,8.147624196727076,1.9056886015112604,0.6348082387729398
3,6.00032066555756,1.0689272675625503,0.7216507182867063
3,6.091184454012065,1.2832911249057117,0.7719298937228841
3,6.625207528356879,1.6761362439259524,0.7070563646593176
3,6.625207528356879,1.6761362439259524,0.7070563646593176
3,6.639341762036349,1.1598332672310672,0.7646011553148159
3,6.1336190044125685,0.7670935083290203,0.7801108042736761
3,6.778626202287785,0.7453750427611636,0.7449939634115598
3,5.019026777331495,0.9461430727862659,0.766760501680546
3,5.051556018867983,1.316454659819835,0.7742831953178875
3,5.583829032917643,1.0077139501398964,0.7374789470022036
3,6.023935160639843,0.8327778785794403,0.6906270249865044
3,6.297055937703915,0.839952434255423,0.6615815425624013
3,6.297055937703915,0.839952434255423,0.6615815425624013
3,6.440565660607577,2.209046361570952,0.6973410927836903
3,5.9214589417890755,1.109517100543597,0.6991243231017759
3,5.501899428732719,0.8245960447596675,0.6235822467283505
3,7.129143777944828,1.0223412596501071,0.698393661734287
3,7.696714496292031,1.735248130958348,0.7469968374884396
3,8.03191276737859,2.2894672520203594,0.7453006660831214
3,5.97670844789553,1.198186574253739,0.812821905945719
3,7.756807570237384,1.6715085355935912,0.741753111693522
3,7.756807570237384,1.6715085355935912,0.741753111693522
3,7.756807570237384,1.6715085355935912,0.741753111693522
3,7.756807570237384,1.6715085355935912,0.741753111693522
3,10.38754291478075,3.5930946050105517,0.6886237302404742
3,10.38754291478075,3.5930946050105517,0.6886237302404742
3,10.38754291478075,3.5930946050105517,0.6886237302404742
3,10.38754291478075,3.5930946050105517,0.6886237302404742
3,10.38754291478075,3.5930946050105517,0.6886237302404742
3,8.292973386203816,1.3576971248486605,0.7312684857457484
3,8.292973386203816,1.3576971248486605,0.7312684857457484
3,6.5217758468029015,1.3868320487167056,0.6579222421431979
3,6.489210142606311,0.8631510902965494,0.7105673800569717
3,6.489210142606311,0.8631510902965494,0.7105673800569717
3,6.489210142606311,0.8631510902965494,0.7105673800569717
3,8.006096135884793,1.6944736126687336,0.7157599748017219
3,7.575154427036008,0.8173237313297868,0.7135305822855657
3,7.522303501786156,0.8369833585527158,0.7253865324547697
3,7.034186419664209,0.9143901973183568,0.6949116818620995
3,6.956105808967001,1.1032323550638403,0.6911970308280417
3,8.582158549982296,1.5371659040627272,0.6999433378893859
3,8.582158549982296,1.5371659040627272,0.6999433378893859
3,8.582158549982296,1.5371659040627272,0.6999433378893859
3,8.582158549982296,1.5371659040627272,0.6999433378893859
3,8.129401028559801,1.724074903747546,0.7052211789221614
3,8.129401028559801,1.724074903747546,0.7052211789221614
3,8.129401028559801,1.724074903747546,0.7052211789221614
3,8.129401028559801,1.724074903747546,0.7052211789221614
3,5.830726093368546,0.9988324133090194,0.6929577558562652
3,5.830726093368546,0.9988324133090194,0.6929577558562652
3,6.841141088715893,1.1549970372439566,0.597157477917333
3,7.493049687820727,1.6921412999427845,0.5865164406867422
3,7.3813327331551255,1.7653891204659187,0.679366129159832
3,6.101690436847941,1.322360396680359,0.7033673033920025
3,6.670037249027945,1.2851494941562327,0.7377066977331052
3,6.670037249027945,1.2851494941562327,0.7377066977331052
3,6.670037249027945,1.2851494941562327,0.7377066977331052
3,6.608007269944614,0.6804369913377175,0.7311002098060359
3,6.577843665354031,0.8118686940240396,0.7309386225001007
3,6.577843665354031,0.8118686940240396,0.7309386225001007
3,6.2957611222694965,0.7754317437719649,0.7649108368065155
3,5.945305046293939,1.2815402477214546,0.7633598074385974
3,8.748035586050289,2.48456656394599,0.7652949836877092
3,7.928437344859637,0.9698528115421987,0.6976057291958185
3,8.095173989628112,0.7998768332805493,0.6927294276512482
3,8.095173989628112,0.7998768332805493,0.6927294276512482
3,8.92328533759941,1.5106613773693296,0.7388634660058437
3,7.318687947697818,1.3340662711990658,0.789287477783119
3,6.465517455552982,0.8558861796823007,0.762509103186266
3,6.828710480034631,0.8159035107525303,0.686342225044782
3,6.083622578437188,0.7762090592039774,0.765304258946605
3,6.252128950138621,1.0458855670830478,0.7674746508891843
3,6.252128950138621,1.0458855670830478,0.7674746508891843
3,6.763155155654682,1.1986272493278716,0.7724378036572719
3,5.662707180616883,1.0573172699259907,0.6846392846000647
3,5.662707180616883,1.0573172699259907,0.6846392846000647
3,7.895673515949473,1.2316777774933099,0.7991618594533109
3,6.990705458905453,1.1262044724795197,0.7363467802693252
3,6.157978828905163,1.6233543723881227,0.7872492981589967
3,6.406603271761714,0.8880538808187537,0.7936433535734744
3,9.595705906027616,1.91228245578784,0.6449120827811105
3,7.696350540670847,1.7467217879185164,0.6615461798379383
3,7.696350540670847,1.7467217879185164,0.6615461798379383
3,7.696350540670847,1.7467217879185164,0.6615461798379383
3,7.696350540670847,1.7467217879185164,0.6615461798379383
3,8.426452517182181,2.091927582656094,0.6646790311211326
3,7.071422918095919,1.5255438506298131,0.7144836324272149
3,7.071422918095919,1.5255438506298131,0.7144836324272149
3,7.071422918095919,1.5255438506298131,0.7144836324272149
3,7.071422918095919,1.5255438506298131,0.7144836324272149
3,7.071422918095919,1.5255438506298131,0.7144836324272149
3,6.498473596371416,1.6191932200713526,0.6514286023984336
3,6.498473596371416,1.6191932200713526,0.6514286023984336
3,6.498473596371416,1.6191932200713526,0.6514286023984336
3,5.1465241973303835,1.0481029296739264,0.7104081465134504
3,5.1465241973303835,1.0481029296739264,0.7104081465134504
3,7.273496699916283,1.4451443814776206,0.6853245014007273
3,7.273496699916283,1.4451443814776206,0.6853245014007273
3,7.273496699916283,1.4451443814776206,0.6853245014007273
3,7.999833745848538,1.720239249007077,0.6162769489298575
3,6.7331055387236916,1.5962359936045283,0.6796387167354416
3,7.213859944793224,1.9534809749624134,0.7258105007134155
3,7.213859944793224,1.9534809749624134,0.7258105007134155
3,7.213859944793224,1.9534809749624134,0.7258105007134155
3,5.595215735522493,1.0415521551994589,0.6879275690739064
3,5.595215735522493,1.0415521551994589,0.6879275690739064
3,5.595215735522493,1.0415521551994589,0.6879275690739064
3,6.803986628425373,1.5439586680976634,0.7621072053621416
3,6.803986628425373,1.5439586680976634,0.7621072053621416
3,7.360774159110604,1.4579134786701853,0.6866859778378772
3,6.9619642523762,1.7106184523315535,0.7387643559455785
3,8.128619191649605,3.3555326901916365,0.7456637157499808
3,8.871246228496311,3.8994095410873544,0.7488384855687331
3,9.223454581185385,2.0391773986010553,0.792724077635716
3,7.330528617454445,1.7487914261674848,0.7522045442974142
3,7.330528617454445,1.7487914261674848,0.7522045442974142
3,7.5525251283315775,1.030195082572071,0.7228915871833014
3,8.138060935890625,1.1364785931263093,0.6843080457815517
3,6.148814068551322,0.6964441817579089,0.6573967407664906
3,6.767575335534548,0.6721334825377507,0.6774451400814547
3,6.5762078608358445,0.6871329584206035,0.6964284857310913
3,6.476546503095021,0.7642957410740117,0.7019831576918558
3,7.552214978999825,0.9376167688537653,0.730749052802839
3,7.365592611993691,1.0983641203706864,0.7386841242324657
3,7.365592611993691,1.0983641203706864,0.7386841242324657
3,7.365592611993691,1.0983641203706864,0.7386841242324657
3,6.702006260248722,1.6857679190832333,0.7096006532997
3,6.702006260248722,1.6857679190832333,0.7096006532997
3,7.868964667026525,1.1946822644350106,0.7300096394274653
3,7.171935449394599,1.5843613064524125,0.6622191013348442
3,7.2706887034971475,1.3480618592123594,0.6923615662176162
3,7.2706887034971475,1.3480618592123594,0.6923615662176162
3,7.2706887034971475,1.3480618592123594,0.6923615662176162
3,7.2706887034971475,1.3480618592123594,0.6923615662176162
3,7.2706887034971475,1.3480618592123594,0.6923615662176162
3,7.2706887034971475,1.3480618592123594,0.6923615662176162
3,8.491521325969849,2.6225142430600985,0.728469270135728
3,6.8920723175769725,1.6668612696704057,0.631279017532103
3,7.7496058508450085,2.2733322578760653,0.7094020794581058
3,7.522526851878087,1.4881215890074277,0.7636952893754014
3,7.522526851878087,1.4881215890074277,0.7636952893754014
3,7.061681233483507,1.0315101885385518,0.6581845732730225
3,9.353856392132911,1.9627408102056783,0.6935526954335843
3,8.887217247451492,2.28491197310849,0.7389221858566294
3,8.887217247451492,2.28491197310849,0.7389221858566294
3,7.634672669902956,1.393748917680686,0.7531809705670391
3,6.2348799938887645,1.7298975138986084,0.7246786240060237
3,6.013325040738378,0.9024412987074724,0.6701294024976487
3,7.336727078677933,0.5965725459342894,0.7399006997887829
3,6.407099851717213,0.5721260863702397,0.6654833719684158
3,6.407099851717213,0.5721260863702397,0.6654833719684158
3,5.849137748075074,0.5693852346757804,0.6961104283909192
3,7.147625110198529,0.5561483602769013,0.6812729151245339
3,5.967394284447135,0.5341463817018661,0.710264233115488
3,5.603302458541511,0.5352651806628734,0.7489945454610796
3,5.603302458541511,0.5352651806628734,0.7489945454610796
3,5.565484145191607,0.5450643345022571,0.7426155511133088
3,5.729902598190573,0.6047837851411421,0.7416711163796967
3,5.729902598190573,0.6047837851411421,0.7416711163796967
3,6.108800427595272,1.1167937525898037,0.7500597039664292
3,6.876661576197654,0.7136643075366,0.7377198957155758
3,6.576627325429366,0.6655069392693872,0.7384381927821144
3,7.451653981987546,0.9262036395498486,0.6664199379761462
3,8.03544941979952,0.909409867969006,0.6446179759743275
3,8.39784356233168,1.4932602976406546,0.6511526369360869
3,6.9857521142639065,1.1731496497299363,0.6996097824125949
3,7.018164885835601,1.2926658594834337,0.6936073170587986
3,7.018164885835601,1.2926658594834337,0.6936073170587986
3,6.818959468956817,1.449640791278872,0.7420625606384837
3,6.818959468956817,1.449640791278872,0.7420625606384837
3,6.818959468956817,1.449640791278872,0.7420625606384837
3,6.818959468956817,1.449640791278872,0.7420625606384837
3,6.818959468956817,1.449640791278872,0.7420625606384837
3,7.199085977325479,0.9818280735597698,0.7110567609312276
3,8.763370147931733,1.5679160790471363,0.7487701089163109
3,8.763370147931733,1.5679160790471363,0.7487701089163109
3,6.25579358585001,1.9034021702207415,0.6649637489830503
3,6.8773150484412175,1.4978215837446163,0.6724755396007984
3,6.8773150484412175,1.4978215837446163,0.6724755396007984
3,6.8773150484412175,1.4978215837446163,0.6724755396007984
3,6.8773150484412175,1.4978215837446163,0.6724755396007984
3,6.8773150484412175,1.4978215837446163,0.6724755396007984
3,7.007093993024373,1.038243342455195,0.6994682310998193
3,6.7100383375079655,0.7837454184130865,0.6849130013546358
3,6.7100383375079655,0.7837454184130865,0.6849130013546358
3,6.7152566436142775,1.0740060675516956,0.6304489178913693
3,6.362958240952862,0.9740729944778383,0.7329650653937895
3,6.753590755789049,1.4215502467422798,0.7544254193994967
3,6.507185038275682,1.336771458112303,0.6948489444550395
3,6.507185038275682,1.336771458112303,0.6948489444550395
3,5.805810035697791,1.2555067047280104,0.8110990098756401
3,5.508360840981214,0.7721691087652636,0.7368095933399565
3,6.521697309758909,0.6107889192625795,0.6950160122145665
3,6.105810824983226,0.7042963961909083,0.7473100166548596
3,5.441609723640781,0.7235007303602351,0.7543749155847717
3,8.001032308705959,1.6859253838334713,0.6278164198364471
3,7.294144287247568,0.9862443211335807,0.6281708797598616
3,7.294144287247568,0.9862443211335807,0.6281708797598616
3,5.831860047947996,0.7594472226069446,0.747870674401646
3,4.607597199681869,0.9246836402670452,0.6657032334550377
3,5.519943944791858,0.8168998166667434,0.6567254094277561
3,6.468638846080098,1.133953977681977,0.6311660419894638
3,6.468638846080098,1.133953977681977,0.6311660419894638
3,7.0582917485448595,0.8912789078141012,0.6667917118506578
3,7.0582917485448595,0.8912789078141012,0.6667917118506578
3,7.030872152994456,0.9233857212480834,0.6809358563049389
3,7.211356720178117,1.6154660868566995,0.7734306653146209
3,8.063730846670744,1.405416223470282,0.7336088818354042
3,6.684350661530564,0.804358125164774,0.7555754470569056
3,7.523339799543058,1.1474491361876846,0.6482130490288963
3,9.371549911187497,2.0470456391178393,0.7226029753432712
3,6.650471220687094,1.402111501689538,0.6617664316199852
3,6.650471220687094,1.402111501689538,0.6617664316199852
3,6.503746942331348,1.2224146046124704,0.6610548819530581
3,6.503746942331348,1.2224146046124704,0.6610548819530581
3,6.503746942331348,1.2224146046124704,0.6610548819530581
3,6.332001197652083,0.7643042335520467,0.7235249809372902
3,6.332001197652083,0.7643042335520467,0.7235249809372902
3,6.332001197652083,0.7643042335520467,0.7235249809372902
3,6.332001197652083,0.7643042335520467,0.7235249809372902
3,5.40995752463544,0.7036150067032956,0.7500578921857745
3,8.40900585132579,1.6568478460817186,0.7301700759264461
3,8.40900585132579,1.6568478460817186,0.7301700759264461
3,6.737525172019946,1.3420056299200427,0.7708226461420254
3,6.610113018686713,1.0954291707139485,0.6821856353886642
3,9.147643227225993,2.4270978090642856,0.7214160488110306
3,6.971834086198224,1.0793332755666953,0.6587752894654529
3,6.617805041594607,0.9167030847194606,0.7109018180680998
3,7.377767612502191,1.30634951482648,0.7421169571443341
3,7.377767612502191,1.30634951482648,0.7421169571443341
3,5.720901679627176,0.9911772397201102,0.7449638770304934
3,5.720901679627176,0.9911772397201102,0.7449638770304934
3,7.040019018726045,1.114077593401441,0.7080627072886385
3,8.04670794658228,1.6603899009505687,0.5833659051902155
3,8.04670794658228,1.6603899009505687,0.5833659051902155
3,10.941157723530146,2.125789777020755,0.628957015258081
3,8.592183309847453,1.3814209413598906,0.6967242147265527
3,6.1909100574416716,0.9750512852920614,0.7481832832819683
3,7.225198392366833,0.8339565320054843,0.6932408405680125
3,7.225198392366833,0.8339565320054843,0.6932408405680125
3,7.306327533169123,1.1213899047244673,0.7725341559278514
3,7.5033867097190905,1.143242697700128,0.7013333547872416
3,6.975239600931176,1.3744110038630506,0.6850085039688519
3,6.915403966305678,1.1639447208427063,0.6645525767468796
3,4.950491175370006,0.9547623823034223,0.6795290514700794
3,6.25458843792254,1.64828544365971,0.6769418635449688
3,5.173394632582107,1.437669282912357,0.691318586407164
3,6.098077674056569,1.3267987958735232,0.6926677260363031
3,7.542106913083627,1.5459319634678954,0.6410124312223612
3,7.542106913083627,1.5459319634678954,0.6410124312223612
3,7.542106913083627,1.5459319634678954,0.6410124312223612
3,7.116493986532257,1.1731406472943666,0.661715407514039
3,7.999524570049568,1.8281670379393007,0.6505868250997641
3,8.318773012385716,1.382176932935458,0.7221452858087222
3,7.630841686527381,2.1075743854184736,0.7554452561227151
3,7.630841686527381,2.1075743854184736,0.7554452561227151
3,8.917481931416955,2.453755499994972,0.7063436561122477
3,8.917481931416955,2.453755499994972,0.7063436561122477
3,7.80145526608209,1.205890752091181,0.7613324127451132
3,7.392438241276176,1.4067073123980471,0.6835787510817908
3,7.392438241276176,1.4067073123980471,0.6835787510817908
3,7.392438241276176,1.4067073123980471,0.6835787510817908
3,7.392438241276176,1.4067073123980471,0.6835787510817908
3,7.392438241276176,1.4067073123980471,0.6835787510817908
3,7.392438241276176,1.4067073123980471,0.6835787510817908
3,6.666814289349879,1.464421703684232,0.6741818139847683
3,6.414368423142193,1.6894115350948418,0.7201352948711794
3,8.739715573228912,1.7796008413681776,0.7314568762331384
3,8.745050558618711,1.796661557519033,0.7708123379052202
3,7.028040202778617,1.4493076648127368,0.7331471943392274
3,7.75674183651599,1.3262906812216109,0.6887547205412887
3,7.585477369799368,1.31384114098582,0.7008082543435048
3,7.585477369799368,1.31384114098582,0.7008082543435048
3,9.410990627551861,1.396114954843994,0.6762567727490176
3,8.742646662788358,1.301199157892977,0.6703486731412518
3,9.531858393471534,1.7874399283366957,0.7284658446897928
3,10.458343272201283,1.1074374203185422,0.7461886595561669
3,8.239764307095886,0.7261409594446785,0.7267717322141345
3,5.948432634397221,0.5866691642406815,0.7463488586203688
3,5.948432634397221,0.5866691642406815,0.7463488586203688
3,5.854812840454545,0.6543850000776699,0.738328146813173
3,6.7014208233225885,0.9847622649589503,0.6518985596893385
3,8.178912158228933,0.8831584685408707,0.6209211431076643
3,7.870626688004716,0.7034497094660782,0.6385347959324695
3,7.162166184245483,0.6213242194720333,0.625605154718717
3,8.102477977590645,0.6270045902090017,0.6761923188756985
3,8.102477977590645,0.6270045902090017,0.6761923188756985
3,6.894143027142683,0.6473336468175914,0.6254343955330449
3,8.580795123774681,1.2720878447691149,0.675021322030692
3,8.580795123774681,1.2720878447691149,0.675021322030692
3,8.173169221959839,1.4994384008602926,0.7371532614459025
3,8.173169221959839,1.4994384008602926,0.7371532614459025
3,8.173169221959839,1.4994384008602926,0.7371532614459025
3,8.173169221959839,1.4994384008602926,0.7371532614459025
3,8.173169221959839,1.4994384008602926,0.7371532614459025
3,8.173169221959839,1.4994384008602926,0.7371532614459025
3,7.03533182842059,1.1458073706461596,0.6766465251216951
3,6.483045772300501,1.1136295279733208,0.727812412744869
3,6.483045772300501,1.1136295279733208,0.727812412744869
3,7.562270048926764,1.4440336087360064,0.7375904830063859
3,8.420876271520566,1.193656560194614,0.7282341667340109
3,7.036553680450293,1.454677724711701,0.7138375049312655
3,7.036553680450293,1.454677724711701,0.7138375049312655
3,6.689616769585722,1.3385640851215839,0.6980624502094231
3,7.261584043197727,1.1525108694458832,0.7027414033115166
3,6.287772406455265,1.218866683407517,0.7143918591778844
3,7.185907270526913,0.9041627181725986,0.6141083603942221
3,6.151222861110356,0.7761291927889507,0.6947277531474112
3,6.151222861110356,0.7761291927889507,0.6947277531474112
3,6.151222861110356,0.7761291927889507,0.6947277531474112
3,6.513674145443269,1.2052331585917218,0.7164144966382316
3,9.264012025867604,2.568630496606983,0.7281266949901944
3,8.952244485087512,1.309549094914171,0.7474720671355911
3,7.035035333934693,1.2950712960609811,0.6587578614634009
3,6.224603343998019,1.4139704514400426,0.6885949056454764
3,7.141588761546651,1.3448003218617555,0.6558983573711362
3,7.197155142289267,0.8890961044664223,0.7254271322267364
3,5.767052069902881,1.0476350406119241,0.7365781843220172
3,5.767052069902881,1.0476350406119241,0.7365781843220172
3,7.10763114063859,0.8798238032772154,0.7034908649819125
3,5.75132275492716,1.5926835017378789,0.7508402605939133
3,8.134906487101258,1.8819195133840247,0.6728054595087049
3,8.028034834658907,1.7336000223710644,0.6904384398688772
3,6.880734893127378,1.3781751821952017,0.7347520091988036
3,6.880734893127378,1.3781751821952017,0.7347520091988036
3,6.0487882212500175,0.9082043189633275,0.7430917303811789
3,6.0487882212500175,0.9082043189633275,0.7430917303811789
3,7.173360555717637,1.3246327555232829,0.694119189843403
3,6.296224958222964,1.0312512059694434,0.8069932432844517
3,6.416280803734314,0.9159317604114576,0.8184808511892084
3,4.4879197357036595,0.6799466901505066,0.7968832623388609
3,4.8788723075825295,0.5587456226827291,0.7339843575331182
3,5.982330387302138,0.6518763042131182,0.663681933624861
3,6.679680184995198,0.8851156639142989,0.7258815918065369
3,6.272568094274649,0.7159888081384624,0.6637970721939425
3,5.60113921282102,0.726214088902845,0.6998437029434701
3,6.899240287137441,1.5600997223190658,0.7038474994371385
3,6.264513170168998,1.2772724674921967,0.6907406988816075
3,6.264513170168998,1.2772724674921967,0.6907406988816075
3,6.264513170168998,1.2772724674921967,0.6907406988816075
3,6.264513170168998,1.2772724674921967,0.6907406988816075
3,6.340600892946234,2.256782545407395,0.6984204681856269
3,5.7427873710785535,1.8938545821059822,0.6988386613793767
3,7.498696304170835,1.8628806419227693,0.7669940545458637
3,9.957721938531252,2.1626807884681165,0.7212576925854137
3,9.957721938531252,2.1626807884681165,0.7212576925854137
3,8.294190941029829,1.4769440528360462,0.7081013181958901
3,8.1262396147341,1.1530594159095926,0.6951431459028973
3,8.1262396147341,1.1530594159095926,0.6951431459028973
3,6.367577363078901,0.7085216872139184,0.6610633082597552
3,5.832570344192127,0.9863481607721103,0.7563799395712518
3,6.128613508470794,0.8140880201277918,0.6542110135013485
3,5.8556757523694385,1.070142984318604,0.7102479782277031
3,6.0642556500714395,1.2551880430968647,0.7288100359299353
3,7.107104319129196,1.376209087678795,0.7170428202708734
3,7.643545609528729,1.7726737477756127,0.6993062168059406
3,6.585995712685284,1.3109065636290482,0.6543947072759033
3,6.436040893987992,0.7882635866586232,0.6842231450398808
3,5.892289540429242,0.6685467806597409,0.7038521178397775
3,5.548179073985824,0.7028074868827862,0.7093270523718502
3,6.730367712822678,0.7353325823014318,0.7245742424754886
3,5.970588410633407,0.7276506827049958,0.7559708955797989
3,7.61572957909508,0.9654550296854525,0.6543990888377309
3,6.327043604191574,1.065521755216043,0.6260591609420015
3,6.327043604191574,1.065521755216043,0.6260591609420015
3,6.327043604191574,1.065521755216043,0.6260591609420015
3,8.799149321078877,2.6003390502577006,0.6351823183875835
3,8.463434022263261,1.724789272161337,0.7591859701824424
3,7.7931901243738375,1.3395784240692314,0.7161356386767553
3,8.601324107965546,1.209730215716904,0.7008672456278647
3,6.142623619468449,0.8393250256131015,0.6803346470022072
3,7.6362855988827425,1.929241726702189,0.6296146233054739
3,8.404140677208908,1.3435140920987345,0.641868797214727
3,8.346529842414594,1.5843590782090637,0.7349667386364529
3,6.974517912377788,1.741388835611643,0.7558945028551135
3,5.731177866071231,1.0257058148519653,0.772638710642222
3,6.823472477291119,1.1457374045263329,0.6470993398868554
3,6.1879573985898455,1.299154011529707,0.6278310987573367
3,6.1879573985898455,1.299154011529707,0.6278310987573367
3,5.50790264627217,1.4875527029781968,0.6298720236780792
3,8.684887559327159,1.4867423669582795,0.5960105699900375
3,7.110167637514733,1.1825951123129745,0.737426534058316
3,7.830185211388082,1.3387803685893602,0.6465887555288448
3,7.841233749015068,0.7455377086385199,0.6892694989010685
3,5.992768219521878,1.8468138443303441,0.7126737423764646
3,6.256376502772734,0.989350761346862,0.7154634902902628
3,6.256376502772734,0.989350761346862,0.7154634902902628
3,6.27714593922639,0.9236813567597746,0.7765504351869679
3,6.27714593922639,0.9236813567597746,0.7765504351869679
3,6.25703777807194,0.7161979428164952,0.7818898191200263
3,7.083274434514762,0.904491702657757,0.7807804051989035
3,7.083274434514762,0.904491702657757,0.7807804051989035
3,8.08393581854562,1.4856601644969478,0.8264821824023683
3,6.969019483314586,1.8664321571066216,0.8105712882033967
3,8.199100502063462,1.1052944476865638,0.6639629974062938
3,7.224712926700526,0.7454760479456006,0.7056560549369538
3,6.5841002749705595,0.7700120621084057,0.6531901101263006
3,6.5841002749705595,0.7700120621084057,0.6531901101263006
3,7.300812522837737,1.5616707022368197,0.7340403811346204
3,7.300812522837737,1.5616707022368197,0.7340403811346204
3,6.088814974961673,1.2512808324279212,0.7081589875802177
3,6.860565913639558,1.47746427451989,0.6469179759191093
3,6.383260292342775,1.6545200853138766,0.714752140395747
3,6.383260292342775,1.6545200853138766,0.714752140395747
3,6.48062375395786,1.49170593301915,0.7877935251109414
3,7.19423159724764,2.6551741837824405,0.7472780379270583
3,8.158547375031038,2.4576638853808,0.6674290786215391
3,8.158547375031038,2.4576638853808,0.6674290786215391
3,7.296245668635808,1.6313704101784952,0.7058698811906001
3,7.296245668635808,1.6313704101784952,0.7058698811906001
3,7.296245668635808,1.6313704101784952,0.7058698811906001
3,6.945327806375396,1.6502523511432075,0.6609775988425548
3,6.945327806375396,1.6502523511432075,0.6609775988425548
3,6.568323614096436,1.6187912791406547,0.7255213305962841
3,7.327606650871007,2.607194059519407,0.7129863466417182
3,8.94479489656178,1.9083727946067437,0.7291916707641891
3,9.653692307045935,2.2949881950750757,0.7058647488312332
3,7.125570630474415,1.4821012653625345,0.7307455026714967
3,6.773807907799579,1.5298183652555033,0.7868835481152932
3,6.95764078690227,1.0814142154417066,0.792708870505578
3,6.297880127742429,0.6856409041780147,0.7359522618187041
3,6.734097102420879,1.0212030900016136,0.7534479226981704
3,6.734097102420879,1.0212030900016136,0.7534479226981704
3,7.921315544083753,2.6198075770351616,0.7083511202582693
3,8.612986989941191,1.4088547446780713,0.7364608259883673
3,6.18460880268057,1.678688226225828,0.6445311363869667
3,7.86468291785716,0.926000645853372,0.6525225064722724
3,6.509879391516501,1.5155699614712475,0.6686196602703239
3,6.2466974396546435,1.525040781615561,0.6615255023504083
3,5.695724239710707,0.8324250804559822,0.7262933647994327
3,6.5752751094661175,1.1017718229023798,0.7310854585526384
3,8.167101480448306,1.567946329557597,0.6952740645647707
3,7.7970069578548555,1.6524111531136685,0.7224364916672833
3,7.7970069578548555,1.6524111531136685,0.7224364916672833
3,6.404237099084794,1.0303219584723862,0.733785834046855
3,6.4822240086500695,0.7872828828096778,0.7144598439116776
3,6.4822240086500695,0.7872828828096778,0.7144598439116776
3,6.667921016226368,1.1448674441020925,0.686060164664581
3,9.055864220706743,1.7649537833289752,0.6520836197924766
3,9.055864220706743,1.7649537833289752,0.6520836197924766
3,9.055864220706743,1.7649537833289752,0.6520836197924766
3,9.055864220706743,1.7649537833289752,0.6520836197924766
3,9.055864220706743,1.7649537833289752,0.6520836197924766
3,7.070588129427034,1.775195265752969,0.7243692475646708
3,7.248345361770018,2.2560461236024327,0.7212389198322333
3,6.849774641416543,2.339691392302602,0.655605994081863
3,6.849774641416543,2.339691392302602,0.655605994081863
3,9.797486445944687,2.6856840332766234,0.6692716117837726
3,8.552693504668227,1.1450162441978007,0.7122836031587428
3,6.469804052639563,0.6804974327697936,0.7902188604415475
3,6.469804052639563,0.6804974327697936,0.7902188604415475
3,4.47565214797749,0.7794155582203615,0.7029498857533648
3,4.890042927781282,0.6520496940210497,0.710986336794269
3,4.793616362576236,0.6372211821918059,0.7460400516407653
3,4.793616362576236,0.6372211821918059,0.7460400516407653
3,4.793616362576236,0.6372211821918059,0.7460400516407653
3,6.173596585847288,0.6073199432738978,0.7064612053174132
3,6.363045980829268,0.7283151623550816,0.6812805869968206
3,5.503796131066093,0.7368668338258738,0.6980069394147872
3,6.442668859624522,0.6042008446654734,0.6945349334062724
3,4.633417526876028,0.6311571906408092,0.6964942714955087
3,6.06724469111969,1.0331405936640885,0.7234701878148249
3,6.06724469111969,1.0331405936640885,0.7234701878148249
3,6.06724469111969,1.0331405936640885,0.7234701878148249
3,7.7775203798496495,1.3512874243949264,0.7455356595785197
3,7.7775203798496495,1.3512874243949264,0.7455356595785197
3,7.7775203798496495,1.3512874243949264,0.7455356595785197
3,7.6341288984037305,1.9996784317889564,0.699885773234494
3,7.0900861236971675,1.1031819955451605,0.811080906071044
3,7.420210803473701,1.9405093193017526,0.8136623052856099
3,7.420210803473701,1.9405093193017526,0.8136623052856099
3,5.849507795445993,1.4497703538131526,0.8134306504809566
3,9.203525747024475,1.6402058827849326,0.7775961565512653
3,7.080893212995702,1.3499980541728962,0.6733616697565109
3,7.9534202576161395,0.6320441992252033,0.6781043508233319
3,5.794557331133279,0.6622197629138751,0.6714100668830262
3,5.794557331133279,0.6622197629138751,0.6714100668830262
3,6.459652196175035,0.6645774758061255,0.7259867964040672
3,6.752235201884868,0.770325879296268,0.6985017191123093
3,5.926533685154925,1.1601600626278015,0.7111945294236364
3,5.9324773206498165,1.5159306840761835,0.762505412858635
3,6.98428023360382,1.690871897823252,0.6291820519985974
3,5.7884234468465925,0.8520372742416964,0.7283705921295711
3,4.971022252326888,0.6110013143947874,0.7372220918967285
3,4.971022252326888,0.6110013143947874,0.7372220918967285
3,7.986162018013884,0.7078211959081517,0.6476510801730105
3,7.625578378115063,0.7459603224934905,0.726268252845198
3,6.525018491839005,0.6681507834193587,0.6583895197328161
3,6.635820827863444,1.4813787538229135,0.7362483974692066
3,6.382017358441732,1.2135449961525522,0.7071138612952481
3,6.382017358441732,1.2135449961525522,0.7071138612952481
3,6.382017358441732,1.2135449961525522,0.7071138612952481
3,6.382017358441732,1.2135449961525522,0.7071138612952481
3,6.903267919113204,1.027824006611087,0.6264000247243207
3,6.903267919113204,1.027824006611087,0.6264000247243207
3,6.637855517351988,0.8826830053843098,0.6708617198647088
3,5.005214529286256,0.8981552569869806,0.7274937398606216
3,5.304147604471295,1.301958363663604,0.7148803445734438
3,8.538355902639493,1.7243698103319052,0.663068567667777
3,6.2817700699355035,1.5025719052515827,0.7294879951334151
3,6.531188254383235,1.9931600101158622,0.7224150317662996
3,7.1628115074775005,1.501193016803586,0.6968203717531517
3,7.1628115074775005,1.501193016803586,0.6968203717531517
3,6.725121529083383,1.3081432204908574,0.6954043344998703
3,6.811574858807758,1.186660233308526,0.7698703937667105
3,6.811574858807758,1.186660233308526,0.7698703937667105
3,8.21888009643051,1.9821224750845194,0.6867064374635901
3,7.109437492504663,0.8468979537970958,0.6737439964591935
3,8.104096092803994,0.9944641172692434,0.6999853942297578
3,8.104096092803994,0.9944641172692434,0.6999853942297578
3,8.104096092803994,0.9944641172692434,0.6999853942297578
3,8.104096092803994,0.9944641172692434,0.6999853942297578
3,8.104096092803994,0.9944641172692434,0.6999853942297578
3,7.305674786051326,1.3608407492821748,0.687211237862883
3,7.690400554280708,1.673065236369596,0.6707697809077611
3,7.690400554280708,1.673065236369596,0.6707697809077611
3,8.820757058401668,1.968062444559864,0.7169790029827513
3,8.634222066133344,1.5989324344252933,0.7463502360249116
3,8.634222066133344,1.5989324344252933,0.7463502360249116
3,8.634222066133344,1.5989324344252933,0.7463502360249116
3,8.634222066133344,1.5989324344252933,0.7463502360249116
3,8.634222066133344,1.5989324344252933,0.7463502360249116
3,8.634222066133344,1.5989324344252933,0.7463502360249116
3,7.763100727225303,1.6397767069117999,0.6874663820946835
3,7.763100727225303,1.6397767069117999,0.6874663820946835
3,7.55308214254715,2.5373500117364487,0.6715409320100434
3,7.55308214254715,2.5373500117364487,0.6715409320100434
3,6.740836732425289,1.3227760665999426,0.6581045911869396
3,6.740836732425289,1.3227760665999426,0.6581045911869396
3,7.519289243783496,1.3650874961135138,0.6964014992541612
3,7.519289243783496,1.3650874961135138,0.6964014992541612
3,7.519289243783496,1.3650874961135138,0.6964014992541612
3,7.308393078195746,1.3984542938583453,0.6550317826134593
3,7.308393078195746,1.3984542938583453,0.6550317826134593
3,9.122178291013027,1.4693991864284248,0.6228050714807138
3,7.959246873794808,1.0577996515018897,0.690686804110185
3,7.746719843151949,1.104398888372693,0.6399289826374669
3,6.548455467159408,1.945506250902293,0.7094609118299947
3,8.492954535619317,2.4944464456628674,0.6613887014524471
3,8.604364400625034,2.573832346147038,0.69100596797317
3,8.194388729324483,2.5927232211922933,0.6906313431955833
3,8.194388729324483,2.5927232211922933,0.6906313431955833
3,7.280906921111083,2.7262833932585333,0.7154332045215579
3,7.76157121557089,1.8882375098668398,0.8104775645332355
3,7.973005303364635,1.6565709392935672,0.7928874591155581
3,6.500791626541295,1.8846172577916447,0.7242934019440361
3,6.521952006329812,0.9715696490146581,0.7653388024173247
3,6.9986619983987115,1.5516716036402802,0.786447899882128
3,8.017447643014943,1.7500155547826912,0.758556785610858
3,8.017447643014943,1.7500155547826912,0.758556785610858
3,8.214570813667528,2.379906335729975,0.7309561121753251
3,8.214570813667528,2.379906335729975,0.7309561121753251
3,6.081481538858692,2.14657997248481,0.7241532091207228
3,6.751811930585874,1.2140877188496315,0.6574158763063108
3,8.33929049482806,1.5302322180069297,0.7625639107618558
3,8.547456217023335,1.673432341917718,0.708820276063926
3,7.554308410042712,2.0920223532875157,0.7177491978055986
3,7.460097003002398,1.3520106923915924,0.699131400620853
3,6.529906162086729,1.483250013301795,0.7563731779108841
3,6.730776902692572,0.8334140957638718,0.6782536256633495
3,8.806507071828744,1.4113338773920314,0.7544465928862306
3,8.806507071828744,1.4113338773920314,0.7544465928862306
3,8.36045765549163,2.1741374400418616,0.7612368168575419
3,8.36045765549163,2.1741374400418616,0.7612368168575419
3,7.589597918359633,2.060251967806124,0.7042763906857341
3,7.608456259920145,1.775542097370071,0.7827655986935645
3,7.537134826227612,1.2327497412122377,0.7709563537601364
3,8.97190054798478,1.63931473562287,0.6586608469621653
3,8.97190054798478,1.63931473562287,0.6586608469621653
3,7.184737603425554,1.659378274549785,0.6292380182122539
3,7.184737603425554,1.659378274549785,0.6292380182122539
3,7.898586944368685,1.7689971425731308,0.7138760711190177
3,6.400474459833756,0.8625716516735448,0.6742020578273599
3,6.466258791388046,0.8256208287703852,0.7095168792491263
3,6.929122814250807,1.2623848967204252,0.7473061847711822
3,6.929122814250807,1.2623848967204252,0.7473061847711822
3,6.929122814250807,1.2623848967204252,0.7473061847711822
3,6.929122814250807,1.2623848967204252,0.7473061847711822
3,7.080309307316769,1.17452803337087,0.7212202654612286
3,7.080309307316769,1.17452803337087,0.7212202654612286
3,7.801675482393973,2.1055857164899043,0.679068204736943
3,6.362144722107334,1.0491566821454237,0.6523875577659515
3,6.018713523225425,0.7417136620201001,0.7596898917231585
3,5.031561195455302,0.6696115500612851,0.7350046240875232
3,5.156414581611485,0.757234413557965,0.7042321079063194
3,8.377769154507671,1.0238220367657644,0.7207435782599521
3,7.084712345412715,1.1490019071725934,0.7363712905095349
3,7.100223203187523,1.2075015209594677,0.7021595489506277
3,7.100223203187523,1.2075015209594677,0.7021595489506277
3,7.100223203187523,1.2075015209594677,0.7021595489506277
3,7.488794472113765,0.7859224891658332,0.6915071684338074
3,7.950946686936442,1.4198753669080066,0.7661122614811702
3,7.347561158167609,1.2378093119437934,0.7751909048878567
3,8.59413813548478,1.6905584943727765,0.6803893238214835
3,8.59413813548478,1.6905584943727765,0.6803893238214835
3,7.137074164566379,1.472929290739031,0.6472360438330074
3,6.387190187761145,1.2124794265438539,0.683504788774858
3,6.387190187761145,1.2124794265438539,0.683504788774858
3,6.387190187761145,1.2124794265438539,0.683504788774858
3,8.247029409741277,2.3176079373131984,0.6980721665843974
3,7.229673471233496,1.281528144449688,0.6998807798815984
3,7.229673471233496,1.281528144449688,0.6998807798815984
3,6.09805768719026,2.0308805357478708,0.7360868019561373
3,7.453856975151463,1.1364668641726716,0.7094607705221936
3,7.453856975151463,1.1364668641726716,0.7094607705221936
3,7.453856975151463,1.1364668641726716,0.7094607705221936
3,7.911280429919233,1.4990362644877293,0.7780162309269202
3,7.911280429919233,1.4990362644877293,0.7780162309269202
3,8.50855818131387,1.5603322435992446,0.7334564721972637
3,7.989992817265364,1.4568601057742137,0.7121998516832627
3,7.989992817265364,1.4568601057742137,0.7121998516832627
3,7.989992817265364,1.4568601057742137,0.7121998516832627
3,7.439200033080384,2.1658913033084644,0.6814392507387157
3,9.596638633954898,1.3597277779549073,0.6636319704518332
3,9.596638633954898,1.3597277779549073,0.6636319704518332
3,9.596638633954898,1.3597277779549073,0.6636319704518332
3,8.70482883002762,1.6977900490164737,0.7096844956891161
3,8.57291248829942,1.1477706230292748,0.6718599074354087
3,8.57291248829942,1.1477706230292748,0.6718599074354087
3,8.57291248829942,1.1477706230292748,0.6718599074354087
3,8.57291248829942,1.1477706230292748,0.6718599074354087
3,7.3791825166835885,1.6024054703523554,0.73931355967406
3,7.44227667393776,1.0369613858115327,0.6232998488437647
3,7.44227667393776,1.0369613858115327,0.6232998488437647
3,7.465113347909724,0.7898725182268896,0.6278579682446501
3,7.068669412879128,0.8109214261867062,0.7479403366109062
3,8.590025116775644,1.9226409339100843,0.7570340677685968
3,6.999945907546017,1.0640512765569246,0.7136672989518276
3,6.341410818422299,1.3106927082963349,0.734347931539963
3,6.341410818422299,1.3106927082963349,0.734347931539963
3,6.341410818422299,1.3106927082963349,0.734347931539963
3,7.65724212553486,1.1259680429126215,0.7203660383016199
3,6.18563218825213,0.8585673091114547,0.745804894138083
3,8.0552460611321,1.2789153686702943,0.7588686984299645
3,7.8362847031107705,1.1503832594904873,0.7204643985719326
3,5.936737559302502,1.2369597698394625,0.7331272074495292
3,6.651496686815095,0.6677152003372531,0.7289884511794466
3,4.7790632077932464,0.5739245300019081,0.7229822236590514
3,4.902155820250616,0.5462690058808876,0.7173220757956965
3,7.176729117293966,0.5988000929215967,0.7588056684673689
3,4.246065600826753,0.5614472711842681,0.7957808348431559
3,5.100302897323699,0.5244552109629435,0.8434216306135425
3,4.793147964879484,0.5172998840726057,0.8678862986843465
3,8.615490233213395,0.6080677561584695,0.8101213614488451
3,9.168443147433853,1.0030647504046004,0.8174416654238389
3,8.630349220459635,1.9498319266195026,0.7960636803535539
3,9.74470688776484,2.7914983834122906,0.7323076806548858
3,9.138322534635654,1.9816959786991988,0.6820399530674179
3,9.882717290823246,1.8634653102149819,0.6646223860117503
3,9.976652762480796,1.6435327529344776,0.7325232450572937
3,7.180400417576767,1.6095568473273294,0.8141016010966386
3,7.180400417576767,1.6095568473273294,0.8141016010966386
3,6.5923591457909545,1.5630960514330254,0.6504148439911646
3,7.2615917459016455,1.9242009580952055,0.6603448269400134
3,8.88657628286208,2.0507174916449467,0.6841797094648775
3,8.88657628286208,2.0507174916449467,0.6841797094648775
3,8.88657628286208,2.0507174916449467,0.6841797094648775
3,6.352325670390027,1.1111236081387355,0.6966117655764336
3,6.352325670390027,1.1111236081387355,0.6966117655764336
3,6.352325670390027,1.1111236081387355,0.6966117655764336
3,6.352325670390027,1.1111236081387355,0.6966117655764336
3,7.469792143913317,2.1328652957147405,0.7187063880473441
3,7.469792143913317,2.1328652957147405,0.7187063880473441
3,7.469792143913317,2.1328652957147405,0.7187063880473441
3,6.688824105784059,1.7405638231757068,0.759716969481056
3,7.84810666588961,1.7420166248105668,0.6935229892085146
3,6.112386957819389,1.3896878161641253,0.7340362465916134
3,6.112386957819389,1.3896878161641253,0.7340362465916134
3,8.971897228866222,2.055204251845229,0.6833169596830143
3,8.971897228866222,2.055204251845229,0.6833169596830143
3,8.971897228866222,2.055204251845229,0.6833169596830143
3,6.645060615076194,1.2249181395301265,0.7172016761047364
3,7.354343522091985,1.4986173661531212,0.7141062568524217
3,8.121129689566793,1.9863102148819087,0.6933114620142844
3,8.121129689566793,1.9863102148819087,0.6933114620142844
3,8.121129689566793,1.9863102148819087,0.6933114620142844
3,8.121129689566793,1.9863102148819087,0.6933114620142844
3,6.352691758787917,0.6660269406403265,0.7007173907745003
3,4.677463300845448,0.829635582987162,0.6967975735454833
3,9.598157118243368,1.5049573805849612,0.6842868141163111
3,8.228443020898819,1.5864989202650512,0.7080002168722345
3,10.010433211852337,2.280007214600146,0.6844653167534563
3,8.759331979897297,1.3236355961367101,0.6361207942294043
3,8.901724152224158,2.0347803827017437,0.6424836300332917
3,8.183696714930207,2.098826964881577,0.5790934683214182
3,6.955183805494279,1.4529887968183437,0.6479099217533587
3,6.955183805494279,1.4529887968183437,0.6479099217533587
3,7.055440586566075,1.3642055896242202,0.6102734838623727
3,7.06387755520213,1.1905428664386726,0.6614512089963961
3,9.296167306577905,2.111935593511622,0.670172965418138
3,9.296167306577905,2.111935593511622,0.670172965418138
3,6.065163371978371,1.0133826869364615,0.7243720021244975
3,6.967697325651887,1.191346837974842,0.7436162673055616
3,7.325408008811685,0.8428079621532969,0.6865348002002601
3,5.819998652241524,1.1723890024795212,0.6960465211134407
3,8.314046997957215,1.369603154956153,0.7526340936983726
3,7.840377737600777,1.6264236057280639,0.7511616709106085
3,7.29850328394013,1.060009867367758,0.6633470439356823
3,7.29850328394013,1.060009867367758,0.6633470439356823
3,7.29850328394013,1.060009867367758,0.6633470439356823
3,5.972663259983717,1.1121323560393048,0.7655985641134344
3,5.972663259983717,1.1121323560393048,0.7655985641134344
3,6.6987530270160835,0.9788134516095836,0.7299906481209434
3,6.8516709442595864,1.3184984705679157,0.7149730395540572
3,8.11994056829999,1.1220579928187009,0.7502074529914811
3,8.805429699512297,0.6533546994618709,0.7712694010641257
3,5.6715407914366915,0.5793758580275475,0.6878824668800131
3,5.379186871436291,0.5302710312353216,0.7334787405849054
3,6.099226975834362,0.5331596741105135,0.7421634180912681
3,6.099226975834362,0.5331596741105135,0.7421634180912681
3,6.099226975834362,0.5331596741105135,0.7421634180912681
3,5.976322881231923,0.5244570864054353,0.6861534625223618
3,6.6563112390043235,0.5430698439825491,0.7410618343948008
3,6.005948096995797,0.5230463343957505,0.6924915304670114
3,6.005948096995797,0.5230463343957505,0.6924915304670114
3,7.152444521509906,0.5297191432182213,0.6871077299706319
3,7.152444521509906,0.5297191432182213,0.6871077299706319
3,7.152444521509906,0.5297191432182213,0.6871077299706319
3,7.152444521509906,0.5297191432182213,0.6871077299706319
3,7.152444521509906,0.5297191432182213,0.6871077299706319
3,5.139723070040681,0.5773371836095252,0.7105951566176261
3,6.611762889975312,0.6196516070315811,0.7885755229030661
3,5.226857784840777,0.5267999082717587,0.7040996964492878
3,5.721580512740879,0.5781013100338434,0.6789207918903397
3,5.721580512740879,0.5781013100338434,0.6789207918903397
3,5.721580512740879,0.5781013100338434,0.6789207918903397
3,6.313460001717095,0.920403862343493,0.7137371262484248
3,5.7037919887101305,0.7739744651861882,0.7253367312677839
3,5.7037919887101305,0.7739744651861882,0.7253367312677839
3,6.553444779844952,1.378457269448951,0.674200539720557
3,7.185248178516108,1.3193307116790327,0.7689010236061972
3,6.080560972958553,0.7789556161906064,0.7412217605963793
3,5.694433159067058,0.9673847754738665,0.7452670683692815
3,6.161302674279212,1.156002488074812,0.7119912966491525
3,7.714128513691168,2.23275332769067,0.7893611700002167
3,6.118071220471181,1.3923224249210127,0.7232845304362042
3,6.118071220471181,1.3923224249210127,0.7232845304362042
3,6.118071220471181,1.3923224249210127,0.7232845304362042
3,6.118071220471181,1.3923224249210127,0.7232845304362042
3,6.634420841965304,1.6637936748385722,0.7395665104996727
3,6.634420841965304,1.6637936748385722,0.7395665104996727
3,6.634420841965304,1.6637936748385722,0.7395665104996727
3,6.634420841965304,1.6637936748385722,0.7395665104996727
3,6.387504204059798,1.2921465663799643,0.6770793161866228
3,7.41457658775049,1.4186562252360675,0.6744956537907506
3,7.41457658775049,1.4186562252360675,0.6744956537907506
3,7.816829556337031,1.7889022947266964,0.6961212610726597
3,7.816829556337031,1.7889022947266964,0.6961212610726597
3,7.816829556337031,1.7889022947266964,0.6961212610726597
3,6.954091572092589,0.9754959021057512,0.7173678385459169
3,7.432338933069225,1.7889978793292316,0.7078308058307753
3,7.348064899136526,1.7008513233401528,0.7475502218951555
3,7.202558652467792,1.5845534650903925,0.7468366326657903
3,5.392789255538815,1.7307517974601752,0.7028348710528164
3,5.155156950041002,0.9583236528661709,0.738463377723882
3,6.534658611088254,0.6425691871624866,0.6973095458735541
3,6.534658611088254,0.6425691871624866,0.6973095458735541
3,6.2831882759686035,0.7462412802607652,0.631367521402962
3,6.691930478241946,1.1558014569698698,0.6588202896697322
3,6.691930478241946,1.1558014569698698,0.6588202896697322
3,6.691930478241946,1.1558014569698698,0.6588202896697322
3,7.53054636918486,1.2560887592428531,0.6731098001440419
3,7.53054636918486,1.2560887592428531,0.6731098001440419
3,6.08970373651512,0.9746430104762757,0.7204746710706467
3,7.123430574126043,1.1776507334480244,0.7316431042151479
3,7.123430574126043,1.1776507334480244,0.7316431042151479
3,8.70213804483399,1.685967216531683,0.6839036709986543
3,7.490810360783889,1.383038608011062,0.7115742489648008
3,7.47141006006705,1.414390183099621,0.7266872881742868
3,7.47141006006705,1.414390183099621,0.7266872881742868
3,7.097428070008035,1.2357192935764447,0.6671945621750489
3,7.097428070008035,1.2357192935764447,0.6671945621750489
3,6.431393057554759,1.8239427719596626,0.6664549569971161
3,7.079916515474216,1.5957657950548714,0.6297103947224978
3,6.995437742189741,1.0265436886792112,0.7890899116098119
3,7.236632218813991,0.8422329824340181,0.7516984560766691
3,7.323504662030194,0.9427640268205042,0.7128070865516136
3,7.323504662030194,0.9427640268205042,0.7128070865516136
3,6.984832965092216,1.0406221412687584,0.7359375573210121
3,8.436077784289411,1.9582206663646498,0.6816904082341447
3,7.766863962733081,1.255332563711269,0.7490566453178904
3,7.212133257858604,1.2685030668253374,0.7762592811234488
3,7.397875579159043,2.056648042138069,0.6847913317562487
3,8.749520973794393,1.5467502962451412,0.731759711649278
3,7.8157691526010575,1.6314574810422235,0.7221932097776308
3,7.8157691526010575,1.6314574810422235,0.7221932097776308
3,7.8157691526010575,1.6314574810422235,0.7221932097776308
3,7.8157691526010575,1.6314574810422235,0.7221932097776308
3,7.105030453820155,1.0045008432789782,0.747135808638831
3,6.200271961069617,1.0968702431602315,0.7502946952619919
3,6.646248343120367,1.245659473990334,0.7569666893628628
3,7.053112784823042,1.369033322117636,0.7199582216583511
3,5.493810637614821,0.7024145994157746,0.7367567970694155
3,6.498455313172581,1.3953274391329535,0.7540061857982522
3,7.203626753746515,0.9452961052659642,0.6394766679663583
3,7.203626753746515,0.9452961052659642,0.6394766679663583
3,7.501146755901243,0.9307888368744626,0.6986649171831784
3,6.496354994522002,1.1036481437005292,0.6579018585300146
3,6.490057757450226,1.1326740089152336,0.7420878367297605
3,5.850115392119356,0.8529813015968832,0.7153724619171307
3,8.051109080593015,1.0882574495323203,0.6601605837448934
3,8.051109080593015,1.0882574495323203,0.6601605837448934
3,7.24965520007343,0.8899890937576291,0.7034208176907962
3,6.702464705772595,1.4672280217250426,0.6916494131846258
3,6.702464705772595,1.4672280217250426,0.6916494131846258
3,6.702464705772595,1.4672280217250426,0.6916494131846258
3,6.702464705772595,1.4672280217250426,0.6916494131846258
3,6.702464705772595,1.4672280217250426,0.6916494131846258
3,6.577857453703523,1.4467119014589094,0.6709920265559371
3,6.577857453703523,1.4467119014589094,0.6709920265559371
3,6.577857453703523,1.4467119014589094,0.6709920265559371
3,8.602235067398622,1.6454780180847957,0.7124891143449954
3,8.602235067398622,1.6454780180847957,0.7124891143449954
3,8.588347096315228,2.633408602977326,0.7123705569245604
3,8.588347096315228,2.633408602977326,0.7123705569245604
3,8.588347096315228,2.633408602977326,0.7123705569245604
3,8.588347096315228,2.633408602977326,0.7123705569245604
3,8.588347096315228,2.633408602977326,0.7123705569245604
3,8.588347096315228,2.633408602977326,0.7123705569245604
3,8.588347096315228,2.633408602977326,0.7123705569245604
3,8.588347096315228,2.633408602977326,0.7123705569245604
3,9.343644017519049,2.37665765099977,0.7193391416016462
3,5.544596768651192,0.9256459041156857,0.6215831162740257
3,7.7378417901408705,1.8879859299462898,0.7043564985319867
3,7.7378417901408705,1.8879859299462898,0.7043564985319867
3,7.7378417901408705,1.8879859299462898,0.7043564985319867
3,6.169113352848273,1.3272220356572204,0.7344224279204988
3,8.198451923875881,1.6245144817044652,0.6201143414597715
3,7.307859210902491,1.228608950961495,0.7028225069022405
3,6.106035032904216,1.0664151203769505,0.7499540282366428
3,8.747442555133214,0.9469382613753108,0.6521324724972832
3,6.32647659159409,0.9863803780015323,0.7387728378633639
3,7.813187271298375,1.9253041078968907,0.74003937238761
3,7.240495987980628,1.8161419690454579,0.7633468036135229
3,7.240495987980628,1.8161419690454579,0.7633468036135229
3,7.240495987980628,1.8161419690454579,0.7633468036135229
3,5.689290579175252,1.0606070955298081,0.7866831417241632
3,5.689290579175252,1.0606070955298081,0.7866831417241632
3,6.0352569122171005,1.0984278167986106,0.688546273616228
3,8.143218436189724,1.7032538909535881,0.7329838463834266
3,8.143218436189724,1.7032538909535881,0.7329838463834266
3,7.791833962850844,1.4600116246809134,0.680455498969561
3,7.791833962850844,1.4600116246809134,0.680455498969561
3,7.9737735846699955,1.5049681737828413,0.6667772593405143
3,7.9737735846699955,1.5049681737828413,0.6667772593405143
3,7.9737735846699955,1.5049681737828413,0.6667772593405143
3,6.594886917030988,1.178221818780571,0.6268252833805478
3,6.392500908887455,2.2421561635894975,0.6477217265404119
3,6.392500908887455,2.2421561635894975,0.6477217265404119
3,8.08995219582781,1.7694898598481217,0.6908750904970593
3,7.751065910587568,1.7354718963237452,0.6656185571999522
3,8.259212936312341,2.02681017912104,0.6516428981476252
3,6.40547279956973,1.3780671808297353,0.645006155309173
3,6.398364741661508,1.3788073962458443,0.7286464961987436
3,6.638274950059784,1.7249837478145038,0.7142628475865783
3,9.3537402543985,2.076847432245075,0.6921607645616178
3,7.998048563018559,2.4989669807426993,0.6904007308387299
3,8.081259855305627,1.672625708306594,0.7003178205046819
3,8.081259855305627,1.672625708306594,0.7003178205046819
3,7.098638456929171,1.8033104549133478,0.7421827395782852
3,7.0163724188863945,1.3502839992393294,0.6965686350685778
3,6.076271422226974,1.3235946063264445,0.6549913648318866
3,6.309602853061929,0.839473574707638,0.667027355979801
3,4.832873169729499,0.780068273643578,0.6530667953951012
3,6.53871049051013,0.919218666785618,0.7612061544275543
3,7.002422629134081,1.2893219400879534,0.6604979490757253
3,6.440273235043238,1.302215774327372,0.7203917582493203
3,5.833977692184783,0.8704633866605097,0.7080168084396183
3,5.833977692184783,0.8704633866605097,0.7080168084396183
3,6.676876050485392,1.0290737930660407,0.6661818346718152
3,6.8597101363958854,0.6964471823118011,0.7526097316766125
3,6.15522245628111,0.5846519710017616,0.6535641484566574
3,5.003299042078161,0.6112933001359735,0.6830766476107585
3,4.68166733544377,0.6819386352321666,0.705931405435445
3,5.8667114258422135,0.6785587166797294,0.6918233377702244
3,6.604849244239258,0.6538724738953595,0.698031669579671
3,5.4043458486964955,0.982855889097618,0.6886693639415399
3,5.4043458486964955,0.982855889097618,0.6886693639415399
3,6.169814967712474,1.9685252957572006,0.6970378486568007
3,6.227917654294852,1.62764193522906,0.6621389339368856
3,9.171141729643194,2.2561909121579022,0.6506952611310907
3,10.809770271263176,1.878695427572438,0.6874442971726719
3,9.666790768377458,2.179319160501591,0.722527259021167
3,9.666790768377458,2.179319160501591,0.722527259021167
3,4.945414990186162,1.0201334996990588,0.6711482096832732
3,5.23210430511334,0.9231141453339893,0.6436604084560754
3,7.727254681200079,1.7155094125861214,0.7667652850048
3,7.727254681200079,1.7155094125861214,0.7667652850048
3,6.986359087869111,1.9106162826637676,0.7572408906928786
3,6.0518464444411615,1.102694981533236,0.6975860081681426
3,6.942955753885308,1.9928632018711794,0.7973257836963821
3,6.942955753885308,1.9928632018711794,0.7973257836963821
3,7.004270721081749,0.6311644454752836,0.6961572104132812
3,7.004270721081749,0.6311644454752836,0.6961572104132812
3,6.881070005366558,0.755974128763317,0.7453041468500715
3,6.881070005366558,0.755974128763317,0.7453041468500715
3,7.01326874215069,0.6526058988240151,0.8223395533737058
3,5.76730223616428,0.5164758005871721,0.6779283771140491
3,6.560906311620999,0.5101867800173222,0.7615258645536366
3,6.617323478979822,0.5056675646605452,0.742159849018233
3,6.617323478979822,0.5056675646605452,0.742159849018233
3,5.6596138758218695,0.5033810898901814,0.7503769466875733
3,5.059414643636289,0.5011108184075359,0.742208346277577
3,5.682091152769368,0.5015365559366052,0.7699473120778592
3,5.9838593502551705,0.5017488847461398,0.7500766520446711
3,5.04472938566955,0.5141728170509964,0.763504688914092
3,5.089276339219384,0.5144694392986278,0.7099890918798781
3,5.089276339219384,0.5144694392986278,0.7099890918798781
3,5.089276339219384,0.5144694392986278,0.7099890918798781
3,5.225765314927712,0.5065666361857953,0.6824221522565059
3,6.325632119341837,0.5260339396886727,0.6770199879742232
3,6.719041572734251,0.5571068541052047,0.7318492088987028
3,5.304174358262723,0.5462044843884507,0.7633435668154182
3,5.086038039612306,0.6067716765792499,0.7143250421149004
3,5.533375231073895,0.543825801934976,0.7457966144712591
3,7.545990622238215,0.5652655531847186,0.644534408043793
3,7.635854189386718,0.5768822165479247,0.7426419745063806
3,7.234739703255495,0.6021256340861443,0.7332131614248855
3,6.699870788513952,0.5788555156233196,0.7431830655432389
3,6.999372046665543,0.5665942281766287,0.778127734552191
3,5.715177604990518,0.5179586365456225,0.7473311807372486
3,6.265882688557698,0.5136320638250327,0.7794725616719036
3,6.265882688557698,0.5136320638250327,0.7794725616719036
3,8.565313447679141,0.511239831642876,0.7539606284124766
3,7.575359735678835,0.5165219946847682,0.6894220885520697
3,7.575359735678835,0.5165219946847682,0.6894220885520697
3,4.850563762825729,0.5491474724277251,0.7726645762773078
3,7.272769838131531,0.6831370422290224,0.7610851453301455
3,6.177435908862936,0.6374830644977844,0.7376868414306824
3,6.270621873679644,1.3154272998061174,0.711564079932074
3,8.753672851439784,1.3828215311910887,0.7187798090295743
3,8.753672851439784,1.3828215311910887,0.7187798090295743
3,6.899386963030047,1.347589904431524,0.7087062004938821
3,6.899386963030047,1.347589904431524,0.7087062004938821
3,5.708299477210749,1.191571642519985,0.7349684328387256
3,8.234704897396718,2.3174797250795445,0.7547562778727037
3,8.234704897396718,2.3174797250795445,0.7547562778727037
3,10.777416212243791,2.70759668843555,0.7180358468192675
3,10.777416212243791,2.70759668843555,0.7180358468192675
3,7.7900847693289315,1.2081991852466705,0.7207475822955527
3,8.069529011384354,2.0745057765944823,0.7304376645111471
3,8.069529011384354,2.0745057765944823,0.7304376645111471
3,8.069529011384354,2.0745057765944823,0.7304376645111471
3,8.069529011384354,2.0745057765944823,0.7304376645111471
3,8.069529011384354,2.0745057765944823,0.7304376645111471
3,8.069529011384354,2.0745057765944823,0.7304376645111471
3,8.489753482163305,2.8145916297723246,0.7149183216335867
3,7.1552234353494795,1.669149933188612,0.6839906411963352
3,6.955046803717835,2.0038105203744125,0.7347605092295839
3,6.540007080307173,1.2915684282158972,0.7391234428446899
3,6.540007080307173,1.2915684282158972,0.7391234428446899
3,6.540007080307173,1.2915684282158972,0.7391234428446899
3,6.540007080307173,1.2915684282158972,0.7391234428446899
3,6.540007080307173,1.2915684282158972,0.7391234428446899
3,6.540007080307173,1.2915684282158972,0.7391234428446899
3,6.540007080307173,1.2915684282158972,0.7391234428446899
3,6.540007080307173,1.2915684282158972,0.7391234428446899
3,7.580790751821099,1.6403408582649193,0.6928635773814534
3,7.580790751821099,1.6403408582649193,0.6928635773814534
3,7.580790751821099,1.6403408582649193,0.6928635773814534
3,7.580790751821099,1.6403408582649193,0.6928635773814534
3,6.432572800489064,1.3414857906189512,0.7264763580051116
3,6.906177523568782,1.0817691438526031,0.7017747382618302
3,6.906177523568782,1.0817691438526031,0.7017747382618302
3,5.399674909890315,0.9172041180199346,0.7166806076012286
3,6.672388547974859,1.5466072906360753,0.5967891831698523
3,5.709338338233524,1.2120830975325187,0.6126358398157906
3,7.588577819984289,2.1080257176480384,0.6487937524226149
3,6.039602696044794,1.1459208785181203,0.7570278025840952
3,6.039602696044794,1.1459208785181203,0.7570278025840952
3,5.6734040869097315,0.6763196414342412,0.7329302623703737
3,5.6734040869097315,0.6763196414342412,0.7329302623703737
3,5.6734040869097315,0.6763196414342412,0.7329302623703737
3,5.629189187223441,1.0110339715331649,0.783136252267563
3,5.629189187223441,1.0110339715331649,0.783136252267563
3,5.699087458456157,1.0608524239716701,0.7478990618641894
3,6.275437750449921,1.6995774583508332,0.6969915501355258
3,6.275437750449921,1.6995774583508332,0.6969915501355258
3,6.671328167134837,1.473926998279453,0.6966780832539393
3,5.7470282987236825,1.6557088590003841,0.7162184833954165
3,8.854020550368151,2.6957135959790337,0.7215576751391953
3,9.619165188028001,1.9951512100113713,0.7066502680956571
3,8.623905765461648,2.4023294976878553,0.6695473444394227
3,8.623905765461648,2.4023294976878553,0.6695473444394227
3,8.157064710707267,2.1835750102275435,0.7450517663601143
3,8.67138787537765,2.5580923122324317,0.69387989469279
3,8.67138787537765,2.5580923122324317,0.69387989469279
3,6.505018215062448,0.8004321073402418,0.7345838799132587
3,7.2433240050563406,1.0239876252133757,0.7209810357379306
3,7.009010827777579,1.2587659043719959,0.7545610159378084
3,6.350323883902926,1.182175463458771,0.766985028388765
3,7.958558271803689,2.358825386039446,0.7443175266520838
3,7.958558271803689,2.358825386039446,0.7443175266520838
3,7.958558271803689,2.358825386039446,0.7443175266520838
3,7.958558271803689,2.358825386039446,0.7443175266520838
3,7.662023341980716,1.8958596630493396,0.7523429686162567
3,7.662023341980716,1.8958596630493396,0.7523429686162567
3,7.662023341980716,1.8958596630493396,0.7523429686162567
3,8.501980128338703,1.9901031861500547,0.7378908704031408
3,7.205886621592664,1.495770493652254,0.7180982929992742
3,7.054707228474829,1.1780860798644142,0.7344291229262566
3,9.301046996698739,2.229458466607989,0.6624435224684229
3,9.301046996698739,2.229458466607989,0.6624435224684229
3,9.301046996698739,2.229458466607989,0.6624435224684229
3,7.32568506479551,1.633634247835594,0.6915143233415301
3,6.665600554978462,1.5305075114240898,0.7119556312551566
3,8.86746765524239,2.185752081660156,0.7101683033137715
3,8.300972088095651,1.8971596939343411,0.7158587766237996
3,8.300972088095651,1.8971596939343411,0.7158587766237996
3,8.300972088095651,1.8971596939343411,0.7158587766237996
3,5.988321486659987,1.0499223803385587,0.7183018835559197
3,6.223880792856826,0.6051012874664443,0.7056335137351613
3,5.466091429912508,0.5173397613878701,0.7398945536251156
3,5.385363647236682,0.5491025195514109,0.6687474523596522
3,5.701679346795942,0.6921367451384477,0.6884638276999755
3,7.3188152940009585,1.8209245641020118,0.7016873379252213
3,7.3188152940009585,1.8209245641020118,0.7016873379252213
3,7.0377055241443145,1.3903138453379027,0.7548086013135028
3,8.17608228327044,2.0134451181629984,0.7028743043973944
3,7.201140291623099,2.03740335043102,0.7469418719070005
3,8.04115021133592,1.2345144743143943,0.6664199127718657
3,6.377691516252726,1.1379080402453399,0.7801542290809281
3,6.377691516252726,1.1379080402453399,0.7801542290809281
3,8.38169141119883,1.4975412964779937,0.7662061905228946
3,7.465367717887678,1.6279667068377999,0.7206421167135982
3,7.465367717887678,1.6279667068377999,0.7206421167135982
3,6.680628718997456,1.477256632946208,0.7432481352316354
3,7.914237885592844,1.241721009774025,0.7362604509030185
3,8.156309736467431,1.3708497936390507,0.7789542238474455
3,6.486396900177789,1.3094451579347128,0.8090782136654813
3,7.038438066157213,0.6785324018682252,0.7092249291185775
3,7.038438066157213,0.6785324018682252,0.7092249291185775
3,6.642257899344975,0.6307318989248816,0.7208469177325834
3,6.23983601562165,0.7384518176014375,0.6953897777712865
3,5.980724402709826,1.132489677676693,0.6546371290970571
3,5.526173545297152,0.8870524152348295,0.7297739414874764
3,7.864381301992526,1.3479495247212236,0.7816801928467931
3,7.3832994317609,1.191193315727189,0.6792388681936483
3,9.123110447242617,1.983251351956518,0.6738626420917417
3,9.123110447242617,1.983251351956518,0.6738626420917417
3,9.384025938712,1.4376294269437881,0.6661007269673273
3,9.961060063736365,1.6397630310296214,0.7067229129418164
3,9.961060063736365,1.6397630310296214,0.7067229129418164
3,9.961060063736365,1.6397630310296214,0.7067229129418164
3,8.212363494559643,0.9088022027217642,0.6891829333196506
3,7.9105127265803805,1.1992188610451473,0.8074387443208989
3,6.2186441525685705,2.2161666159562046,0.7442535659397654
3,6.2186441525685705,2.2161666159562046,0.7442535659397654
3,6.430291289488894,1.0406835845447768,0.7191356828877741
3,6.791938047480807,0.9806639712560756,0.7368126675463081
3,7.35396353564745,1.3530635775137267,0.7291733478087122
3,7.195592027982671,1.4883333301638424,0.6972488096415075
3,8.128595214701114,2.01509924056945,0.72908937911535
3,6.294540125201004,1.750160443396646,0.6993522809156514
3,6.294540125201004,1.750160443396646,0.6993522809156514
3,6.294540125201004,1.750160443396646,0.6993522809156514
3,7.0633749688190495,1.4092933192532908,0.7475313169894554
3,7.965799571524409,2.3487361443773134,0.7646755480284383
3,7.725062613584369,2.6838978185038354,0.8233009410350437
3,7.725062613584369,2.6838978185038354,0.8233009410350437
3,7.7536097372326,2.6011083108652313,0.7571048659502582
3,6.593710051620134,1.1983745635614007,0.6733727460265563
3,7.5260536470273225,0.8239720973167248,0.7272761827917075
3,5.9778994215875425,0.8444170645701261,0.7315719963796949
3,5.9778994215875425,0.8444170645701261,0.7315719963796949
3,6.897136801820315,1.0311833822322651,0.7071199488908438
3,6.897136801820315,1.0311833822322651,0.7071199488908438
3,7.250182952185511,1.8992654868904013,0.6236199631722638
3,7.193845522123376,2.1482927255583055,0.6948955041757832
3,7.573202402268055,1.9745023025877049,0.7130642834911983
3,7.203583072475293,1.8878696413530107,0.7109471898370031
3,6.572456559430038,1.7976921189632005,0.6953954901655026
3,7.484222864806266,1.1102288518851986,0.6670288284385769
3,7.484222864806266,1.1102288518851986,0.6670288284385769
3,7.484222864806266,1.1102288518851986,0.6670288284385769
3,7.484222864806266,1.1102288518851986,0.6670288284385769
3,6.90992884628479,1.5221367883548447,0.7307345286953948
3,6.90992884628479,1.5221367883548447,0.7307345286953948
3,6.90992884628479,1.5221367883548447,0.7307345286953948
3,6.90992884628479,1.5221367883548447,0.7307345286953948
3,6.90992884628479,1.5221367883548447,0.7307345286953948
3,6.90992884628479,1.5221367883548447,0.7307345286953948
3,6.90992884628479,1.5221367883548447,0.7307345286953948
3,6.997070425297138,1.732606126241702,0.7228596605568621
3,7.1481556338573675,0.9907150018885127,0.6788801263784062
3,6.0002106616665305,1.4419929312030435,0.704147149324479
3,6.386409525263609,1.3072612295323327,0.7213733086491988
3,6.696475021339103,1.0965900191771385,0.7793322892072388
3,7.555553508625282,1.2308562062241992,0.7150926542090986
3,8.482371256261018,2.5761355096358947,0.6093277756683436
3,8.482371256261018,2.5761355096358947,0.6093277756683436
3,8.482371256261018,2.5761355096358947,0.6093277756683436
3,8.661553625033637,1.2673521797501688,0.629919557969829
3,8.438984261539554,1.7540378996923636,0.7297940864145386
3,8.389613616813833,2.3495616337445644,0.6820329256528683
3,7.777661550891918,1.5224368389613019,0.734858391202471
3,7.777661550891918,1.5224368389613019,0.734858391202471
3,7.54444039480783,1.5578125467467565,0.6424746153787464
3,5.261977078736638,0.7739001923076414,0.7272330682426743
3,6.041138318381149,0.5644178971514121,0.716164107274911
3,4.940765072099142,0.6073616981682105,0.7586911763035477
3,4.940765072099142,0.6073616981682105,0.7586911763035477
3,6.48252565354288,0.5805929966052235,0.6638334247572638
3,7.638325248488824,0.595804821978223,0.7137670537676778
3,5.6115755925926685,0.5446435402125231,0.6515871724432817
3,5.6115755925926685,0.5446435402125231,0.6515871724432817
3,5.893322336952058,0.5411465521674861,0.6780817865719766
3,6.809761092982438,0.8158391298822438,0.7559809553529073
3,9.07764428353998,1.42027610111926,0.7578043255199024
3,5.531312560059987,0.7793928038105387,0.6568038869459436
3,5.944725499882739,1.128651692903942,0.7961615032922291
3,5.21109639190054,0.9680028486990964,0.7571124526309646
3,6.229109995311686,0.7065397558977621,0.7568864950904446
3,6.591280833815127,1.209064813408178,0.7527132494035238
3,7.41395063153999,0.9706958424149998,0.7714505285853812
3,7.867197119662864,1.4076619791765728,0.7351219570775213
3,7.423121299762836,1.3029666161925844,0.7002274988336816
3,6.240364931520415,1.1191148443669139,0.7149133984239958
3,6.240364931520415,1.1191148443669139,0.7149133984239958
3,6.240364931520415,1.1191148443669139,0.7149133984239958
3,6.240364931520415,1.1191148443669139,0.7149133984239958
3,6.240364931520415,1.1191148443669139,0.7149133984239958
3,6.240364931520415,1.1191148443669139,0.7149133984239958
3,6.240364931520415,1.1191148443669139,0.7149133984239958
3,8.065047094738029,1.2445363876178526,0.724362919158977
3,6.54709981656693,1.0320528816018093,0.6807782257794978
3,6.54709981656693,1.0320528816018093,0.6807782257794978
3,6.54709981656693,1.0320528816018093,0.6807782257794978
3,7.534214903203324,1.3652069321357478,0.6726381846781553
3,7.221492006628016,1.499893576791799,0.6493326394596118
3,7.221492006628016,1.499893576791799,0.6493326394596118
3,7.221492006628016,1.499893576791799,0.6493326394596118
3,7.221492006628016,1.499893576791799,0.6493326394596118
3,7.221492006628016,1.499893576791799,0.6493326394596118
3,7.221492006628016,1.499893576791799,0.6493326394596118
3,7.060248722999142,1.6972019008898174,0.6721279920502439
3,7.060248722999142,1.6972019008898174,0.6721279920502439
3,7.060248722999142,1.6972019008898174,0.6721279920502439
3,8.405812948681321,1.7885316308635166,0.7760555985006488
3,5.643894179292692,1.3248867279063554,0.6608081971014865
3,7.398449209076197,0.9207241221387217,0.6231235332926883
3,6.643132047626655,1.2817996000859126,0.628041735356387
3,5.291723173365608,1.4613993479313052,0.6813536484460684
3,5.520179351873977,0.7129088952290208,0.6860552150294238
3,6.146724505906716,1.1642077949397212,0.7026950984862724
3,6.485173345158276,1.8169145096216512,0.6749109993502673
3,6.061391863675427,1.327626191608719,0.7211657598357291
3,6.400064310784233,1.1650489057935132,0.6663342426498631
3,6.694373206807299,0.8575505746192036,0.7271309061565754
3,6.694373206807299,0.8575505746192036,0.7271309061565754
3,6.694373206807299,0.8575505746192036,0.7271309061565754
3,6.694373206807299,0.8575505746192036,0.7271309061565754
3,7.192790703489153,0.8718468162994396,0.7171615137273681
3,7.228563555415293,0.9229577243517194,0.6848006912575317
3,8.586056294069229,0.8900342066667339,0.7050788758457726
3,6.317504665952375,0.8538297900679435,0.7700243342091331
3,6.749912822407156,0.6682542110340963,0.6495936205381666
3,6.909681953458261,0.6104686235049208,0.6898340167178881
3,6.909681953458261,0.6104686235049208,0.6898340167178881
3,6.573115184359562,0.6297187530238776,0.7474435237849674
3,7.293416941008171,1.6304836004566532,0.7084935163560809
3,7.293416941008171,1.6304836004566532,0.7084935163560809
3,7.501649052756675,2.150576927935619,0.7412812977096751
3,7.34713518063351,1.8198688608388827,0.7058421232122827
3,7.34713518063351,1.8198688608388827,0.7058421232122827
3,9.000988441593272,1.6452856902351143,0.7273256203186798
3,9.000988441593272,1.6452856902351143,0.7273256203186798
3,7.4203148283736935,1.2234917552784927,0.6762585969836167
3,7.4203148283736935,1.2234917552784927,0.6762585969836167
3,7.507404936475662,0.845413371808696,0.735750444764931
3,7.507404936475662,0.845413371808696,0.735750444764931
3,6.960309345675538,0.8356863191846902,0.6655950059001989
3,6.07397984318267,0.7859562787902277,0.6833916190009017
3,5.022582885816788,0.7922510527456383,0.7768421560889597
3,4.920203557314782,0.599135690789284,0.7126194183034518
3,5.985645231677945,0.8815802666333925,0.7018236570764655
3,5.985645231677945,0.8815802666333925,0.7018236570764655
3,6.8606465381873845,1.1156997344338273,0.7161375691939339
3,7.718713131496065,1.7760484735947286,0.678617292755365
3,7.718713131496065,1.7760484735947286,0.678617292755365
3,7.718713131496065,1.7760484735947286,0.678617292755365
3,6.4173545949813695,1.1825137318858019,0.6198090207567161
3,7.956829128913442,1.5596684914874641,0.6887527007535817
3,7.235063764700224,2.3216223177886706,0.6426605888894892
3,5.322813710643956,1.1154366171008272,0.7040374442263242
3,4.589723947389171,1.061600123860004,0.7831899686211857
3,7.019185193482217,0.7961925621296,0.8165363646107215
3,7.520813893582671,0.8099179044849656,0.7052315227450088
3,6.246626617691042,0.7892769704599889,0.7008498689061441
3,6.246626617691042,0.7892769704599889,0.7008498689061441
3,5.899200783398736,0.8610445154556634,0.7256110192167586
3,5.899200783398736,0.8610445154556634,0.7256110192167586
3,8.78491237140717,1.587863908943346,0.7592548040084651
3,8.564735040630548,2.2421954365027807,0.659590377547492
3,8.212700029183338,1.9654104318697558,0.6750316002656656
3,7.933635309369656,1.796077076130592,0.735374155746269
3,8.192638683508989,1.9278008696059186,0.7528329633292378
3,5.467286816795406,1.302001097212827,0.7013697297750525
3,6.422448770135807,1.9034783744872141,0.6616802083043586
3,5.5297604790975345,1.200583368322572,0.696476650895644
3,7.816274330100898,1.3794071365103937,0.706014773650424
3,7.816274330100898,1.3794071365103937,0.706014773650424
3,7.816274330100898,1.3794071365103937,0.706014773650424
3,7.816274330100898,1.3794071365103937,0.706014773650424
3,7.816274330100898,1.3794071365103937,0.706014773650424
3,8.984209262834966,2.4286972211215723,0.7171806657314326
3,8.854559385075614,2.1513968544882744,0.7203626106349863
3,8.854559385075614,2.1513968544882744,0.7203626106349863
3,7.655890669795867,1.7601074790561486,0.6839486322400925
3,5.93319806985163,1.9621943987613835,0.7738195938879373
3,8.30139312644426,1.0727475104254622,0.6494808512576263
3,5.609829556880169,1.1543419987872574,0.7206669657763567
3,7.170634525120376,1.650087799354672,0.6927707330037517
3,6.793194804846245,1.1149435751904875,0.7578493987375121
3,7.730845235029009,1.028078866239241,0.7118340138974395
3,7.129556261049864,0.7094913519893328,0.6740442011826343
3,5.765051741991244,1.2465054941666402,0.678746275853509
3,5.295349939217621,1.1007872625881845,0.6094231214450173
3,9.170531778938393,1.1598393537496758,0.6938082507142239
3,9.170531778938393,1.1598393537496758,0.6938082507142239
3,9.170531778938393,1.1598393537496758,0.6938082507142239
3,6.538886574431767,0.6717675288008205,0.654850600880114
3,5.989607910589882,0.7102423747144159,0.6696172417468562
3,6.935283238199972,0.880033862755317,0.6622641550547269
3,6.619933470436942,0.7164479266184491,0.6960995163479557
3,6.274136070973184,0.8748083992127769,0.7846359149932912
3,7.274519246313657,1.0322228975458265,0.7544568744750266
3,6.39515592551515,1.3563629690621772,0.6395706450117227
3,6.283997906371215,0.8815385731520422,0.661999957323481
3,6.793387001788301,0.9077856194497477,0.6677142322805327
3,6.179867253092969,0.8395347151483726,0.7806862903058613
3,6.609452203602974,0.7655208674561373,0.7811634738197614
3,5.309519368996428,0.9615338673745177,0.7754540942974861
3,5.309519368996428,0.9615338673745177,0.7754540942974861
3,6.721954696898639,1.5895950261445535,0.6884580439675034
3,6.721954696898639,1.5895950261445535,0.6884580439675034
3,6.721954696898639,1.5895950261445535,0.6884580439675034
3,7.815690379212161,1.665897628967758,0.7359845349873264
3,7.815690379212161,1.665897628967758,0.7359845349873264
3,8.630828976022247,1.4410160666217902,0.700935556488847
3,7.6958453493793675,1.2475222765298168,0.6646600850670491
3,7.869680684806267,1.4528731998104694,0.6729835880071329
3,6.5908515575629485,1.565314086255087,0.660937253827505
3,5.70380858357522,0.8963917513574973,0.7248458396140772
3,6.21595855903768,1.3005752053826214,0.7291636844184695
3,6.922441662813906,1.6892584705845979,0.6880488939801082
3,8.484686650874742,1.7384476715471378,0.6497566440782144
3,8.484686650874742,1.7384476715471378,0.6497566440782144
3,8.484686650874742,1.7384476715471378,0.6497566440782144
3,6.191823388925124,1.3064718974503273,0.7099728047674729
3,5.499141688175254,1.5200356006859725,0.728173135037896
3,7.582616856288757,1.587258414729966,0.7800092122019028
3,7.5469770337201565,1.7214461322271308,0.730656215869492
3,7.5469770337201565,1.7214461322271308,0.730656215869492
3,7.5469770337201565,1.7214461322271308,0.730656215869492
3,8.346954178879058,1.8277601642626866,0.6618608636655685
3,9.577438557078167,3.1250075561677315,0.7341818104515998
3,9.972777550428043,2.59346054332743,0.6375500845269972
3,9.972777550428043,2.59346054332743,0.6375500845269972
3,8.221502735845657,1.4391922909928518,0.7086639531965269
3,7.351133504164402,1.4823331646336757,0.66162980451584
3,7.351133504164402,1.4823331646336757,0.66162980451584
3,8.261062110259477,2.0865312846714192,0.7162512539611733
3,8.261062110259477,2.0865312846714192,0.7162512539611733
3,8.302699401495817,1.42763189738486,0.6868270389044998
3,8.302699401495817,1.42763189738486,0.6868270389044998
3,8.302699401495817,1.42763189738486,0.6868270389044998
4,6.629744652894357,0.6408148257293766,0.7341211619819044
4,6.629744652894357,0.6408148257293766,0.7341211619819044
4,7.174896744111526,0.6158222946571081,0.721318633839079
4,8.123681960132009,0.6673450939109552,0.7248057646409851
4,6.2512156152373475,0.7184651402344614,0.7709705463955175
4,6.061745002071759,0.9656834284115816,0.7716292762516039
4,5.951082986509456,1.6163942657478823,0.7601993092791505
4,5.951082986509456,1.6163942657478823,0.7601993092791505
4,8.15690295484189,2.3789965529100585,0.7710730490266238
4,7.951722572953686,1.4502981140658977,0.7808088634702411
4,7.287262153918434,2.480473083557511,0.7298968657279462
4,7.842219533090455,1.4837435377417947,0.6708252181690092
4,6.8271996727354765,1.2424480056017297,0.6919372374125344
4,7.949645041811543,0.7246136664832896,0.6678762355415797
4,7.949645041811543,0.7246136664832896,0.6678762355415797
4,7.949645041811543,0.7246136664832896,0.6678762355415797
4,7.491348362326585,0.9648754216466489,0.7001290920421399
4,5.817753113616664,1.4896535844860979,0.7608639660741423
4,8.222602631768018,2.0236208989281974,0.7224714498475906
4,8.222602631768018,2.0236208989281974,0.7224714498475906
4,8.331305783408382,1.7203907436947072,0.6992886892323205
4,8.331305783408382,1.7203907436947072,0.6992886892323205
4,8.331305783408382,1.7203907436947072,0.6992886892323205
4,8.331305783408382,1.7203907436947072,0.6992886892323205
4,8.331305783408382,1.7203907436947072,0.6992886892323205
4,5.833230907548223,1.6703350016390353,0.7014058709768929
4,5.833230907548223,1.6703350016390353,0.7014058709768929
4,7.058185732173922,1.2018218564633747,0.7443983687842501
4,7.340550009177036,1.0466003249149263,0.7136231085655116
4,7.340550009177036,1.0466003249149263,0.7136231085655116
4,7.639622136522794,1.5077675160488813,0.7195950105689994
4,7.639622136522794,1.5077675160488813,0.7195950105689994
4,7.639622136522794,1.5077675160488813,0.7195950105689994
4,7.363259171749839,1.0928237419208862,0.764994662183422
4,5.070093529069618,0.8059046887750678,0.7825220841507589
4,5.070093529069618,0.8059046887750678,0.7825220841507589
4,4.064870522203215,0.6711480770104123,0.7280457091851397
4,4.82263934152105,0.8011104747442945,0.7649236964052315
4,6.874298970956802,0.8379573262414374,0.7847733522237335
4,7.0418231366587465,0.6999485545500329,0.7745566268038592
4,7.0418231366587465,0.6999485545500329,0.7745566268038592
4,5.99148484483154,0.7494189292176292,0.6591595045804537
4,6.360087220145179,0.8680646416012503,0.6049716617259755
4,6.780349567004609,1.613278415073953,0.7630771848774783
4,9.416045213595805,3.2103251918041615,0.6378657060512425
4,8.01880419870718,1.5924758206422744,0.7206673711088706
4,8.01880419870718,1.5924758206422744,0.7206673711088706
4,6.271356269777275,1.6010286000600447,0.7763672827361413
4,7.845428457385422,1.7254564928041927,0.7326782397224931
4,7.845428457385422,1.7254564928041927,0.7326782397224931
4,7.120376055153117,1.1803662836011877,0.723567109008258
4,7.862732741775407,1.259763174498641,0.7312100768373972
4,7.862732741775407,1.259763174498641,0.7312100768373972
4,7.151882060269598,1.3965060760065624,0.7286110146542846
4,7.151882060269598,1.3965060760065624,0.7286110146542846
4,7.744584264046072,1.5118308044252373,0.6675541911735555
4,8.261150488053932,1.2706302626018064,0.7160728715140914
4,6.796122439165579,1.098355202570591,0.7061872954325207
4,6.796122439165579,1.098355202570591,0.7061872954325207
4,7.012461313603123,1.177655876937587,0.69120650173813
4,6.249243205773426,0.9669232765993985,0.6699894446137405
4,8.94130069932856,1.0314201531159792,0.6503226641851724
4,7.8131981107007835,1.0239523285452978,0.604007152034953
4,8.385363375142182,1.7258913724733245,0.6441288805174601
4,7.410627488371924,1.8506032273331987,0.6954199932086909
4,9.308922662061617,2.4061341233149736,0.708459919956501
4,9.308922662061617,2.4061341233149736,0.708459919956501
4,6.930762726338373,1.9202270183714882,0.7432530890132898
4,8.437979415511887,1.854235770802516,0.7306855623373789
4,8.437979415511887,1.854235770802516,0.7306855623373789
4,8.15464945408176,1.9621486998835624,0.7280097975453774
4,6.816245127572844,1.4037672738108848,0.6895437660028305
4,8.696041578819045,0.954628665824496,0.7056705985246788
4,6.392721112455475,0.751545445708089,0.5639810238953782
4,6.392721112455475,0.751545445708089,0.5639810238953782
4,8.127536212631451,1.2605382140542303,0.6736680474391207
4,7.662900317843119,1.2244171790942326,0.6876147982236812
4,7.662900317843119,1.2244171790942326,0.6876147982236812
4,7.662900317843119,1.2244171790942326,0.6876147982236812
4,7.662900317843119,1.2244171790942326,0.6876147982236812
4,7.662900317843119,1.2244171790942326,0.6876147982236812
4,7.662900317843119,1.2244171790942326,0.6876147982236812
4,7.662900317843119,1.2244171790942326,0.6876147982236812
4,8.107856926814641,1.4155779903174044,0.6924275955104852
4,8.720101512982335,1.3399611955125312,0.7179839202800199
4,7.013950208368297,1.0548645012381987,0.7155136172272621
4,6.341785395235441,1.2504092283926633,0.7125367165859436
4,8.681402969499137,1.7301171374081088,0.6934892033428518
4,8.681402969499137,1.7301171374081088,0.6934892033428518
4,8.681402969499137,1.7301171374081088,0.6934892033428518
4,7.776872988199588,1.4175307403820838,0.7272869439507688
4,7.776872988199588,1.4175307403820838,0.7272869439507688
4,8.403181406031495,1.6672616828651887,0.6689675395395246
4,6.236455423707733,1.08825942385687,0.6753034542503238
4,6.236455423707733,1.08825942385687,0.6753034542503238
4,6.322756287768481,0.9358603291930119,0.6998074234823702
4,6.322756287768481,0.9358603291930119,0.6998074234823702
4,6.846675509783572,0.8957605352228438,0.7000890868867112
4,7.327870679279087,1.5478030485995042,0.7453858736651485
4,6.1926174053878995,0.9596370973965798,0.7385670272676111
4,6.1926174053878995,0.9596370973965798,0.7385670272676111
4,6.1926174053878995,0.9596370973965798,0.7385670272676111
4,6.877273063930702,1.6733860800446494,0.7593205437725624
4,5.241694934986523,1.2616555632037865,0.75285537039484
4,8.42897712907397,0.7378940824342948,0.6623449815601005
4,7.702261270265684,1.0313398096851727,0.7034511480463357
4,6.164970432983936,1.0951666442434347,0.7554449234101045
4,6.232897342709658,0.9565378280711878,0.7128566514730881
4,6.860586724882786,1.3590627417864596,0.7032795420642072
4,5.637772165410109,0.7925201479415147,0.6484624658374604
4,5.637772165410109,0.7925201479415147,0.6484624658374604
4,6.774054128768743,0.7045435779936495,0.7028307863350033
4,6.774054128768743,0.7045435779936495,0.7028307863350033
4,6.774054128768743,0.7045435779936495,0.7028307863350033
4,6.35576883717577,0.9997612918229362,0.7576778284660637
4,6.35576883717577,0.9997612918229362,0.7576778284660637
4,7.585442348925736,1.6168483620129788,0.7864949133522158
4,6.387914946740441,1.2904266369498514,0.7694766048661309
4,6.387914946740441,1.2904266369498514,0.7694766048661309
4,6.516529631616263,1.3216209137986517,0.7516711580038161
4,7.903090100758208,1.5855615142449262,0.7205550325498901
4,7.903090100758208,1.5855615142449262,0.7205550325498901
4,7.903090100758208,1.5855615142449262,0.7205550325498901
4,7.903090100758208,1.5855615142449262,0.7205550325498901
4,7.903090100758208,1.5855615142449262,0.7205550325498901
4,7.903090100758208,1.5855615142449262,0.7205550325498901
4,6.6850279073711505,1.5548616743389445,0.7263572441540741
4,8.111108221041945,1.3520853641455703,0.7548089009814232
4,8.644979160968363,1.6322470089714867,0.6244459273156537
4,9.075783659568197,1.563749068626793,0.641835397714939
4,6.986784176180848,1.5289456320853356,0.7030528002304309
4,7.6649029697545545,1.5309622111851988,0.6444572282997211
4,6.517956695278685,1.2957539542567251,0.7188934912825836
4,6.517956695278685,1.2957539542567251,0.7188934912825836
4,6.154558364021154,0.8477255028278115,0.761977924095162
4,6.46731976681867,1.5710377323170583,0.6554752452821787
4,7.047101115710815,0.7669795010418042,0.7095996673537759
4,6.655422286263888,0.646852534164295,0.7890764877652752
4,6.573563298524942,0.5979990727737903,0.6719496624359171
4,5.828803815552479,0.6126967482823411,0.7205416926897811
4,5.426547466475877,0.5920816970657218,0.757584170591527
4,6.3197521784141255,0.6903802577965085,0.7669000387937971
4,5.515269826167245,0.982750989078498,0.7371158195490785
4,7.576100571948351,0.8455955808329869,0.7676600004735308
4,6.3931890058744925,1.1589694535231148,0.711988365467062
4,6.3931890058744925,1.1589694535231148,0.711988365467062
4,6.297584653769677,0.9482684336456797,0.7464133117021857
4,5.480993264000977,0.7200644871171736,0.7827118230241702
4,5.480993264000977,0.7200644871171736,0.7827118230241702
4,5.480993264000977,0.7200644871171736,0.7827118230241702
4,4.028996552402541,0.8339775536565217,0.7276486545739272
4,5.702763715957497,0.6634522732169913,0.7367137156492339
4,7.424123262519678,1.547069902496558,0.6971008952225611
4,7.810992810105138,1.8088914104706053,0.7209633748955815
4,7.810992810105138,1.8088914104706053,0.7209633748955815
4,8.813395592700209,2.095551748921758,0.7020696989892616
4,6.287287461606654,1.0156283852438417,0.6670920311081654
4,6.287287461606654,1.0156283852438417,0.6670920311081654
4,6.624270375918875,1.064635632637079,0.7242981526349356
4,7.680879968207966,1.9640544566561324,0.7340050926654472
4,7.680879968207966,1.9640544566561324,0.7340050926654472
4,7.680879968207966,1.9640544566561324,0.7340050926654472
4,6.3274102421216005,1.1475021583375964,0.6600447172343356
4,7.9218044701564425,1.3362817072216753,0.6561204730152183
4,8.023496846666603,1.6946296291737193,0.6333044253130652
4,7.097344331405031,1.5841397826980574,0.6653335195683333
4,7.097344331405031,1.5841397826980574,0.6653335195683333
4,7.169031364625272,1.9933376458069205,0.6965373662703079
4,7.169031364625272,1.9933376458069205,0.6965373662703079
4,7.2590692935851875,1.2443136629496867,0.7197980866281456
4,6.344763000045233,1.0381681038956296,0.7459453422436155
4,6.8284113942967695,1.3878242038823787,0.7201071365728657
4,6.811979681251152,1.084494064328808,0.6562920647415348
4,6.571333615412471,0.9966307485011945,0.6714112791037908
4,7.964964139070418,1.114956306638099,0.6444060474862032
4,6.403298939304766,0.8445023196620942,0.6476290925117316
4,6.042171831193363,0.9166878529716436,0.7102854176259001
4,8.363436131380968,1.612060831143808,0.6648620452913272
4,8.363436131380968,1.612060831143808,0.6648620452913272
4,6.348511654616243,1.6150064683262315,0.7024216441956624
4,7.168732692139657,1.0848006179536145,0.7055649693707166
4,7.078370854698278,1.6794655479205567,0.6940294914442751
4,8.236306320394567,2.342811146168879,0.6718724002362091
4,8.236306320394567,2.342811146168879,0.6718724002362091
4,7.387934617270256,2.7414491858968684,0.7015554577721973
4,6.070335211412037,0.9551837992308896,0.8328832855607764
4,6.595838335721345,0.7763311772024324,0.7216122211842257
4,4.927004473147358,0.622041566451784,0.7139581424947156
4,6.940539916650406,0.6387905378642427,0.692337171551004
4,6.940539916650406,0.6387905378642427,0.692337171551004
4,6.097257381724228,0.6607498362369392,0.7309985653793644
4,5.535940539243749,0.6196224495635787,0.7373399467711805
4,5.787656962091454,0.5867618995459434,0.6890242823238223
4,5.787656962091454,0.5867618995459434,0.6890242823238223
4,4.970949382242576,0.6687834103767648,0.7125875080812275
4,5.291247704431311,0.7059858221185364,0.769042765056434
4,5.810027395639028,0.8867677440780184,0.7118074244398761
4,6.16692147924832,1.3934509104329682,0.7469355281609386
4,6.16692147924832,1.3934509104329682,0.7469355281609386
4,6.16692147924832,1.3934509104329682,0.7469355281609386
4,6.954784120990669,1.5933838795456747,0.7229796558955629
4,4.752084496231417,0.9211792490789786,0.743059990952113
4,6.917464140759003,0.9279580836455588,0.6266835616230627
4,8.26284792051403,1.0175656272768154,0.6753781487295148
4,8.41806653133169,2.665313881510913,0.7106633112890723
4,8.41806653133169,2.665313881510913,0.7106633112890723
4,7.918328931997556,1.3633418086327205,0.7485521444971526
4,8.61038732975696,1.4076443869063677,0.7381645606406014
4,6.820516616408575,1.7388465026690074,0.7146153040964972
4,6.9390962845052115,1.2141249379902974,0.6855726349543115
4,6.9390962845052115,1.2141249379902974,0.6855726349543115
4,7.923476792649541,1.1623267807476707,0.7586457699936547
4,8.262146804354337,1.5150047714471542,0.7056032487752391
4,5.795280600779028,0.9753971671665527,0.6609540543110907
4,5.212105260742141,0.8442397981173391,0.6334348149029956
4,5.412868217139968,0.6864077550320071,0.6963206727053349
4,5.412868217139968,0.6864077550320071,0.6963206727053349
4,7.798323673243115,0.5491717545648552,0.7161966059179049
4,6.903642046559642,0.6054198653976683,0.727259819515777
4,6.276141548868692,0.5746470830057185,0.7571984319193837
4,6.276141548868692,0.5746470830057185,0.7571984319193837
4,6.276141548868692,0.5746470830057185,0.7571984319193837
4,5.039764168386246,0.6152202252212029,0.6985124363558037
4,5.6031181461846185,0.6126195660875713,0.7184008896119735
4,5.486333536555742,0.7880289032365002,0.6911283825937621
4,7.204123985306047,1.144671638821448,0.651976573315668
4,6.068373817692632,1.1665569995281122,0.7181301864461523
4,6.609546347498846,0.937532104805918,0.677127976069355
4,6.289488657276812,1.0212242899934862,0.7581588820654405
4,7.2662794429902355,1.2865650980507197,0.7895740683805978
4,5.891434524793661,1.569037261971701,0.6270060531232055
4,5.891434524793661,1.569037261971701,0.6270060531232055
4,6.558157147322516,1.8141991872481742,0.6379217482706381
4,7.635676714005091,2.2824729638389636,0.7537747971880969
4,9.944596047726778,1.7545663307923474,0.716948606688089
4,5.826213749685682,1.1850073349338213,0.6801933826951566
4,5.826213749685682,1.1850073349338213,0.6801933826951566
4,8.121148411606349,1.0957111371905226,0.6992878515761929
4,6.040097861185541,1.1518451968060028,0.8412030730046729
4,5.118942387904265,0.8583595721928856,0.7926293200076155
4,8.957146023982041,1.8454989703004498,0.7462611132104885
4,8.957146023982041,1.8454989703004498,0.7462611132104885
4,8.957146023982041,1.8454989703004498,0.7462611132104885
4,8.957146023982041,1.8454989703004498,0.7462611132104885
4,8.957146023982041,1.8454989703004498,0.7462611132104885
4,8.977432871879051,1.9122043649731035,0.8232018511647055
4,8.151653426050693,1.3767408004197303,0.6988700092205973
4,6.069901571739751,0.753145853287188,0.7139687188663288
4,6.947425484420898,1.2738148612823381,0.7913546518889537
4,6.947425484420898,1.2738148612823381,0.7913546518889537
4,6.685571840548844,1.3061462379272464,0.7732087544951057
4,6.685571840548844,1.3061462379272464,0.7732087544951057
4,6.48973693328145,1.0077751272451514,0.6743891887395723
4,7.4540879050012965,1.5218642085400085,0.8066551948089387
4,6.642652546393973,1.8599420469592882,0.7180167612792417
4,8.280927756063715,1.6281234650486653,0.6292382535273485
4,7.322447079658964,1.340774128935826,0.7214022590627422
4,7.667145412658465,2.4632457786582798,0.6003446615809926
4,8.029262815048927,2.4384634191909775,0.6105664552627647
4,9.051583045910954,2.54040827401108,0.6536738196785361
4,8.81813618069176,3.0360643884318277,0.6774669282367807
4,8.173324216083135,1.5069491639832269,0.77860959929059
4,6.419246317895163,1.0846970308452,0.7470727799010373
4,6.205990830006898,0.9869665295696181,0.6600144513455753
4,6.645475056153567,1.2368541152782928,0.8098627689449832
4,7.142922904986671,0.9096807443461132,0.6973954065498499
4,5.896752357793125,0.626355854018557,0.7135875629007303
4,5.896752357793125,0.626355854018557,0.7135875629007303
4,6.074685157986567,0.8806036926401652,0.704043745159849
4,6.074685157986567,0.8806036926401652,0.704043745159849
4,6.074685157986567,0.8806036926401652,0.704043745159849
4,6.074685157986567,0.8806036926401652,0.704043745159849
4,6.074685157986567,0.8806036926401652,0.704043745159849
4,6.53376544934935,1.74647898347886,0.7749361052895162
4,7.037889651170475,1.1281987185521638,0.67252091009699
4,7.037889651170475,1.1281987185521638,0.67252091009699
4,6.364986028435106,1.0559706482400786,0.7388347708312613
4,6.522807038157271,1.7246020932124604,0.7589939305636318
4,8.437091312125908,2.2814307638873847,0.759225101741874
4,8.258620295974112,2.0975094253267983,0.655688382834435
4,8.258620295974112,2.0975094253267983,0.655688382834435
4,7.808378267110622,1.9260943072418808,0.6539920562314676
4,5.791888236480554,1.4020045420429197,0.6456250259649299
4,7.415030329123555,1.5423999535299893,0.6440818671706262
4,7.415030329123555,1.5423999535299893,0.6440818671706262
4,7.501418302776921,1.1421926303816212,0.6948452061865454
4,10.377376129164821,2.0652864769643444,0.6395918768713982
4,10.755365862472024,2.541731245551176,0.6476738867280979
4,10.222379423431295,1.9205927087689516,0.7441796932775834
4,10.222379423431295,1.9205927087689516,0.7441796932775834
4,10.065427328869767,2.481326204748083,0.6674917210002393
4,9.302535206816152,2.1971740744447166,0.7478489950791476
4,9.170315193750506,1.4058120164798518,0.7911014022299477
4,7.4026957979420045,0.9209674287713974,0.794403146333435
4,8.083068189514588,1.5695811028791424,0.8173549591063569
4,7.970792257639723,1.3321757998095158,0.7735207065796533
4,8.173784006492426,2.181417581011911,0.7238129974955122
4,7.296723297857483,2.3612896469470432,0.7398152817494493
4,6.523885409431069,1.0508256967956373,0.7361077537696962
4,7.491361996239797,1.7806358147985972,0.7073673285501867
4,5.470374066428588,1.5779450836547508,0.6580526117588548
4,7.379524944596199,0.6460922495088606,0.6017034665473125
4,6.578579629656182,0.645457609796796,0.6953954029053186
4,5.146005679480478,0.983572241934974,0.7394101446303519
4,5.587097465817293,0.7586590654533257,0.6588320365087013
4,5.282859150679244,0.8176745951188003,0.7124968041560373
4,6.649268747224858,0.6795227409606054,0.7055460979827353
4,8.375177084335505,0.8231499165099005,0.7147959727041246
4,7.5346231859641914,1.2670535460020094,0.7045589741356764
4,7.237634962734765,1.0457313987899937,0.6993765507122295
4,10.008598729437375,2.3618871151314202,0.7209024403940528
4,9.138937661519943,2.4273720593805335,0.6548040606548787
4,7.204696459226308,1.6624363933860753,0.6676163886538886
4,7.436971362339565,1.9604407503232224,0.7253423129393904
4,6.823029046270803,1.5690133103366257,0.656723022094169
4,6.971840705513457,2.232988026616935,0.7584345075475184
4,7.198267918706469,2.0577034840210398,0.6814245727531114
4,7.198267918706469,2.0577034840210398,0.6814245727531114
4,7.198267918706469,2.0577034840210398,0.6814245727531114
4,7.198267918706469,2.0577034840210398,0.6814245727531114
4,7.57485531737988,1.4986512945218702,0.7284870376913113
4,8.296146397129199,1.71076146489765,0.7093361602471535
4,8.296146397129199,1.71076146489765,0.7093361602471535
4,8.296146397129199,1.71076146489765,0.7093361602471535
4,7.825556698491078,2.2302637338557796,0.696065500233375
4,8.712302342655613,1.219018589640324,0.6971651952466461
4,9.020012641793333,1.166164815824543,0.7067617823922868
4,6.051453704219654,0.7052010498160356,0.6692939655857844
4,6.917325598397572,0.8140052643313788,0.7409146784482121
4,6.59578642016925,0.8270439696663775,0.7608884294392297
4,6.59578642016925,0.8270439696663775,0.7608884294392297
4,7.077283893225947,0.8841156596245113,0.7265979261656915
4,7.077283893225947,0.8841156596245113,0.7265979261656915
4,8.07299751324874,1.4810739518520097,0.7522894208861779
4,8.07299751324874,1.4810739518520097,0.7522894208861779
4,8.391715922104154,1.3224973963771367,0.712387178717899
4,4.959526918240622,0.7744651725510666,0.7249571815848042
4,5.798644241008223,0.8201838866847904,0.6539604476734299
4,7.989959562592355,1.0936655315740311,0.6975362117955455
4,6.794254298635143,1.542659729742727,0.7081319898475767
4,6.20661862431975,1.7245302986962774,0.7607427051243251
4,6.20661862431975,1.7245302986962774,0.7607427051243251
4,8.01016675369842,1.9087701900181637,0.7683781946391902
4,5.565353585590309,1.112856880481357,0.7649707827880283
4,5.565353585590309,1.112856880481357,0.7649707827880283
4,5.738609848156889,1.1830411191987857,0.761321622136048
4,6.216895195694662,0.6647241730176363,0.7364229772820227
4,6.216895195694662,0.6647241730176363,0.7364229772820227
4,7.515009734606811,0.6137748734537949,0.732318841179886
4,7.3594736754024375,0.9087016140480833,0.6563841426876097
4,6.86282826589499,0.9069889905143853,0.6651772261510914
4,7.228837464065781,1.3422888994796116,0.7078206020302735
4,7.228837464065781,1.3422888994796116,0.7078206020302735
4,8.312514980707874,1.924021885659801,0.6896293228081415
4,8.312514980707874,1.924021885659801,0.6896293228081415
4,8.312514980707874,1.924021885659801,0.6896293228081415
4,6.752484924208842,1.2818669245503371,0.7308152181066938
4,6.192230484539002,1.0531626160574912,0.7363878962311124
4,9.532642775642273,1.3311167008573976,0.715490432676731
4,6.950432018820398,1.62120849909366,0.7066373487647409
4,6.950432018820398,1.62120849909366,0.7066373487647409
4,6.950432018820398,1.62120849909366,0.7066373487647409
4,6.950432018820398,1.62120849909366,0.7066373487647409
4,6.222593380857403,1.423534589929373,0.6975306092867652
4,7.228456190603493,0.9023695787810969,0.7016128127796835
4,9.777758452685784,1.7389517607530418,0.6696618243718198
4,8.023167745662828,1.0939889776539333,0.7096395935719769
4,7.99147311286635,1.3265436208301495,0.7041036374384889
4,7.99147311286635,1.3265436208301495,0.7041036374384889
4,7.99147311286635,1.3265436208301495,0.7041036374384889
4,7.597829242244428,1.6735984620790532,0.6965355644600508
4,7.597829242244428,1.6735984620790532,0.6965355644600508
4,7.597829242244428,1.6735984620790532,0.6965355644600508
4,6.393694823765885,1.0684841176100024,0.6806059743643479
4,6.393694823765885,1.0684841176100024,0.6806059743643479
4,7.255212332922512,1.289045679483918,0.6612601006787008
4,6.7116040470427984,1.2985571712491484,0.7036965738121667
4,6.7116040470427984,1.2985571712491484,0.7036965738121667
4,8.453890870171453,2.11350352744309,0.7462540857124073
4,8.453890870171453,2.11350352744309,0.7462540857124073
4,8.66103227280222,1.9534345290678095,0.6991468542800856
4,8.66103227280222,1.9534345290678095,0.6991468542800856
4,6.921134181355534,2.3912568422706206,0.7994957969969885
4,6.022739737305399,0.9221404990846774,0.6782651649226932
4,7.809859432803004,1.035089173967528,0.7075375968484344
4,7.809859432803004,1.035089173967528,0.7075375968484344
4,7.809859432803004,1.035089173967528,0.7075375968484344
4,6.608817631652059,0.8880590220541622,0.7397128236872054
4,6.608817631652059,0.8880590220541622,0.7397128236872054
4,7.799392103712788,0.8725796138740853,0.6452044610223333
4,8.555815983848333,0.831195319227034,0.6466120300302102
4,8.698655423009283,2.401969080118847,0.7081394121164176
4,8.698655423009283,2.401969080118847,0.7081394121164176
4,8.698655423009283,2.401969080118847,0.7081394121164176
4,7.3800601474849055,1.3988610113187265,0.7223785762844871
4,7.3800601474849055,1.3988610113187265,0.7223785762844871
4,7.3800601474849055,1.3988610113187265,0.7223785762844871
4,6.397508526148242,1.2192786464376706,0.7406132971245145
4,5.705978514392882,1.2929953857129477,0.7349344022660794
4,9.440149699094802,1.8733675336940228,0.6814684240210293
4,5.699061787635742,1.9711853073870245,0.678310148733473
4,4.510361648127963,1.0171971668442834,0.7942565043951532
4,7.272293717725855,1.603782066108843,0.7276362830261106
4,7.7825279446826325,1.6615305385642614,0.7457445139971752
4,7.7825279446826325,1.6615305385642614,0.7457445139971752
4,7.51910339753188,2.0483826999938355,0.7405369431791858
4,7.51910339753188,2.0483826999938355,0.7405369431791858
4,8.726091657194125,1.8533929114153211,0.7315686776889347
4,7.9967160465928195,1.8203468580671798,0.7169963396392643
4,7.9967160465928195,1.8203468580671798,0.7169963396392643
4,7.9967160465928195,1.8203468580671798,0.7169963396392643
4,8.803308361033695,1.5919530472430503,0.6792987695880466
4,8.330377188620627,1.9263946297738652,0.6961387747570603
4,8.330377188620627,1.9263946297738652,0.6961387747570603
4,8.330377188620627,1.9263946297738652,0.6961387747570603
4,8.63394893993529,2.041114664038008,0.7511959628046717
4,8.154640197145568,1.558553960929106,0.7298874451633305
4,8.154640197145568,1.558553960929106,0.7298874451633305
4,7.4309147789033245,1.459565838687324,0.7270390243064807
4,7.4309147789033245,1.459565838687324,0.7270390243064807
4,7.0140210368903535,1.3300194420882858,0.7419294059642458
4,5.819106321942047,1.1960159650344657,0.7471628063838
4,7.662857262884465,1.6218163359650877,0.7760924590877878
4,6.119911612351337,0.8376584106741329,0.7100703639622618
4,6.119911612351337,0.8376584106741329,0.7100703639622618
4,6.119911612351337,0.8376584106741329,0.7100703639622618
4,6.119911612351337,0.8376584106741329,0.7100703639622618
4,6.057423123145786,0.877284192889966,0.6936900238432882
4,6.057423123145786,0.877284192889966,0.6936900238432882
4,6.057423123145786,0.877284192889966,0.6936900238432882
4,6.959117847975379,1.2121878296677115,0.7284507998584709
4,8.584998329475688,1.210010018914148,0.6428259566379122
4,5.952349339852935,1.1353242327195883,0.7019389591226336
4,5.952349339852935,1.1353242327195883,0.7019389591226336
4,6.204071918981402,0.7888029544414167,0.6519396631625352
4,6.322317303626616,1.0520850969666833,0.697112751044469
4,6.59455675989419,2.1157268757479333,0.6866560956206238
4,6.6026167470156345,0.7637495168079046,0.6787530862871375
4,5.83059940827972,0.9767222706854204,0.7574202373199688
4,6.262649249963744,0.6487644389044425,0.6822898549302436
4,6.262649249963744,0.6487644389044425,0.6822898549302436
4,6.51990414155233,0.6702262048912967,0.7159186121744813
4,6.054638566845723,0.6322363843940226,0.6865470947697855
4,6.105127686919333,0.6929379812278564,0.64725099986806
4,6.105127686919333,0.6929379812278564,0.64725099986806
4,6.289181124177068,0.7798215593884494,0.670351728800284
4,7.780653505400867,0.7213001456556142,0.7510665264484291
4,7.911100545997937,0.603881644097475,0.7014102182627704
4,6.4556266595707426,0.817255832901127,0.6422115168994341
4,5.035253646963067,0.7891705523796053,0.6464140778862735
4,5.035253646963067,0.7891705523796053,0.6464140778862735
4,5.035253646963067,0.7891705523796053,0.6464140778862735
4,5.906788109794831,0.629941273736764,0.6122095755587996
4,6.0003171161820665,0.6690028370012526,0.6520964820383519
4,6.0003171161820665,0.6690028370012526,0.6520964820383519
4,6.5281177182029015,0.7395207336462639,0.6997718643556134
4,7.333590946604483,1.1766169773874213,0.7477219493560036
4,6.402178190377474,1.0484956352533759,0.6738157289537102
4,9.111826068378518,1.2883261230939445,0.7143661808974799
4,7.677899313166159,1.066807400833195,0.7333559294272283
4,5.384123676671873,1.1483019233526943,0.8006099897284484
4,7.3027033781401585,1.9857546839486824,0.841672202520203
4,7.340479006050185,1.1174663002902334,0.7857157290998401
4,5.2333751162418505,1.1244024326484965,0.6806771784655766
4,5.2333751162418505,1.1244024326484965,0.6806771784655766
4,5.960766413617732,1.2517861368409662,0.7167608563581043
4,7.090328191925171,1.6424621025092492,0.6661151377012858
4,7.090328191925171,1.6424621025092492,0.6661151377012858
4,7.248320897705278,1.6445781981850625,0.684842874670441
4,7.248320897705278,1.6445781981850625,0.684842874670441
4,6.468712096973932,1.5265895290394105,0.742836299597749
4,5.789790041152818,1.2361726434298697,0.6741805130578113
4,6.880141797259371,1.0942277867327204,0.6554737384627441
4,9.811057026476101,1.685535833765524,0.7340805336249823
4,8.236719597532694,2.2139473190436467,0.7498739803414863
4,6.320300214126411,1.7574256313433896,0.6426904497100578
4,6.66228028003743,0.8902493507999334,0.7216992841789199
4,7.218566084878526,1.9848148731012478,0.7178400943646245
4,7.467832423793026,1.2989733160789017,0.7115762516288665
4,6.936765633246469,1.1011126015658463,0.6683335717837672
4,7.1605117894481385,0.7469429593544713,0.7055693633018697
4,5.318427475864826,0.6538799874506022,0.66142527186096
4,6.0037586270083665,0.7699384434931102,0.7742408629952109
4,6.335415334432167,0.9813188159435873,0.6959659693453194
4,6.335415334432167,0.9813188159435873,0.6959659693453194
4,7.042070432807866,2.0517441515350794,0.6918808502606211
4,6.943819330974408,0.9048311643738509,0.7331463288588399
4,6.531749236032227,1.3077011320079033,0.7570159828558541
4,5.665580448302803,1.081206970074357,0.6606156705526808
4,6.236990419014183,1.4416361889203908,0.6675681371619685
4,7.00800660454474,0.8310132809266275,0.7581168253814082
4,5.446030445443409,1.0938318932879152,0.751951458552878
4,5.2482753482448485,1.1694824710051153,0.7103981048495529
4,7.072382553282291,1.4933716652637097,0.6802178431926457
4,7.072382553282291,1.4933716652637097,0.6802178431926457
4,7.236406565264106,1.1308136177216275,0.7239149361497343
4,6.742931055096227,1.0947456953301535,0.6945392468174434
4,6.56571295737324,1.1772073686895557,0.6870797709174011
4,6.56571295737324,1.1772073686895557,0.6870797709174011
4,6.56571295737324,1.1772073686895557,0.6870797709174011
4,6.759843110012634,0.7900480676307801,0.8317052520244338
4,6.3989900466633145,1.0102312640054874,0.7314810169795771
4,5.678089971620755,0.9508308942692989,0.6884586959726724
4,5.678089971620755,0.9508308942692989,0.6884586959726724
4,6.868632184086694,1.4128320719354468,0.6541727144333785
4,8.714289814290096,1.7190317879773838,0.7367877933392664
4,8.740583342965806,2.134228326957057,0.6635185331611688
4,6.971191093817594,1.2610872681954461,0.6490122219651545
4,6.971191093817594,1.2610872681954461,0.6490122219651545
4,7.2981869616445705,1.3444764647192164,0.6994948891181957
4,7.2981869616445705,1.3444764647192164,0.6994948891181957
4,7.2981869616445705,1.3444764647192164,0.6994948891181957
4,6.764177401464591,1.8253967498833936,0.7042547185014034
4,6.1755470926678075,1.222488475105722,0.6953402095970427
4,6.1755470926678075,1.222488475105722,0.6953402095970427
4,5.932118205564884,1.227149027047948,0.6424703168882451
4,8.141071311145755,2.4924250342273906,0.697605118570239
4,6.980099076616366,2.341173164652412,0.705853058426924
4,8.151756194951474,2.200072028055291,0.7042301754360777
4,6.785488022252577,1.348611429575923,0.6778115991488284
4,6.16969972345102,0.6181834997665605,0.7944508842840583
4,6.543805549863234,0.7994445533215456,0.6736707064049797
4,6.543805549863234,0.7994445533215456,0.6736707064049797
4,6.543805549863234,0.7994445533215456,0.6736707064049797
4,5.898421979201327,0.7809154443805258,0.6741048198951352
4,6.025947297293166,0.8221805083173728,0.7483325562850371
4,6.392541999371397,0.8619875795474907,0.6414779603299663
4,6.95284690254154,0.7838602986668204,0.7455577776185613
4,5.774267835533246,0.6475251059171979,0.7020575473178609
4,5.774267835533246,0.6475251059171979,0.7020575473178609
4,5.686738972444576,0.5561329430843718,0.6849377929668438
4,5.686738972444576,0.5561329430843718,0.6849377929668438
4,6.500138335364051,0.5322632381141148,0.7271269219259299
4,5.905346393647483,0.5089625107168136,0.7616026527617656
4,5.021571348550272,0.5071336085461837,0.624835859685578
4,7.818172665214875,0.517056441912595,0.6206585542063208
4,8.207700135857534,0.9338939155366045,0.7117885393720795
4,8.357922110234439,1.888261705529698,0.7333347985896075
4,8.357922110234439,1.888261705529698,0.7333347985896075
4,7.649144566179781,1.875582772263579,0.7066688966114493
4,7.649144566179781,1.875582772263579,0.7066688966114493
4,7.649144566179781,1.875582772263579,0.7066688966114493
4,7.649144566179781,1.875582772263579,0.7066688966114493
4,7.215701855089881,1.0579064430947571,0.7577065325186481
4,7.215701855089881,1.0579064430947571,0.7577065325186481
4,6.635406444793648,1.087533501857426,0.690481343228193
4,6.635406444793648,1.087533501857426,0.690481343228193
4,6.635406444793648,1.087533501857426,0.690481343228193
4,6.635406444793648,1.087533501857426,0.690481343228193
4,6.635406444793648,1.087533501857426,0.690481343228193
4,5.464443165414315,1.1766645098710249,0.7443781060721991
4,5.243210277642718,1.1456363641399459,0.7305810190530189
4,7.290662523997574,1.1458305078790683,0.7640119906487245
4,7.290662523997574,1.1458305078790683,0.7640119906487245
4,6.7758682086681405,1.0613170052847372,0.6789394316542445
4,6.7758682086681405,1.0613170052847372,0.6789394316542445
4,7.082017450154654,1.3479872020813561,0.759557595639716
4,7.082017450154654,1.3479872020813561,0.759557595639716
4,7.082017450154654,1.3479872020813561,0.759557595639716
4,5.679601215534421,0.6289042536137393,0.7691806347940914
4,6.226796558177252,0.6199127046434209,0.7156340101036761
4,6.226796558177252,0.6199127046434209,0.7156340101036761
4,5.716924846199491,0.6366459313073511,0.7071675899581755
4,5.716924846199491,0.6366459313073511,0.7071675899581755
4,5.869902887595252,0.7925749846864125,0.7264282064949003
4,6.363778946403121,0.8491607886404569,0.7192888214495076
4,6.248495550930724,0.7303318013426546,0.7414516252924489
4,6.8736943734132145,0.6183433897812175,0.7229409079597384
4,8.592036697932826,0.5505481019566604,0.6669663883288175
4,5.738485382220263,0.5090790425290291,0.8013552345200234
4,6.34016199399889,0.5105474347349152,0.7128069912726996
4,6.34016199399889,0.5105474347349152,0.7128069912726996
4,6.972142933056038,0.5330784324495539,0.6824517411581257
4,7.249688559270089,0.5710586179704685,0.7052965782812153
4,7.249688559270089,0.5710586179704685,0.7052965782812153
4,6.1324241289403165,0.6042927880579155,0.8029309796917995
4,6.1324241289403165,0.6042927880579155,0.8029309796917995
4,6.631437541110089,0.5959106137541856,0.7841305203598982
4,9.267731581009093,0.6834754480513405,0.6698099028896535
4,6.314580719866541,0.5697432405709874,0.7363983688062132
4,6.955842204452657,0.5456968220854711,0.7050591990009699
4,6.955842204452657,0.5456968220854711,0.7050591990009699
4,5.3421063038539165,0.5384689077317842,0.7460166103374729
4,5.3421063038539165,0.5384689077317842,0.7460166103374729
4,5.28808122153161,0.6094544121276935,0.6862787865994798
4,5.28808122153161,0.6094544121276935,0.6862787865994798
4,5.28808122153161,0.6094544121276935,0.6862787865994798
4,5.28808122153161,0.6094544121276935,0.6862787865994798
4,4.731522723389191,0.6181230175221678,0.7706267048769756
4,5.755764258688156,0.6471126943028022,0.7953789440789746
4,4.9927016060210345,0.5852429946928857,0.7587730162472421
4,6.00417094987861,1.3449619142886198,0.6787061880031531
4,6.065187375462768,1.6439009384173158,0.7079572179881913
4,7.455518689931585,1.4924320293158162,0.7548084405815617
4,8.234203254525273,2.140078667177934,0.7631923626862499
4,7.385281771761442,2.2783326031508615,0.7923888271244901
4,8.100509261129364,1.3338194185512426,0.7073000524179487
4,9.167207825352067,1.2804499809267866,0.6629089578871249
4,7.09453616392005,1.7926400618571474,0.7193267232543579
4,7.09453616392005,1.7926400618571474,0.7193267232543579
4,6.463029472584966,1.099382303564623,0.7177614355396358
4,7.9367740575543575,1.273242524822897,0.7135123523728856
4,7.9367740575543575,1.273242524822897,0.7135123523728856
4,7.9367740575543575,1.273242524822897,0.7135123523728856
4,7.9367740575543575,1.273242524822897,0.7135123523728856
4,7.9367740575543575,1.273242524822897,0.7135123523728856
4,7.542461510618167,1.8689222146628495,0.6452163539983583
4,6.710979826495506,1.665412677402923,0.7024416634055409
4,6.710979826495506,1.665412677402923,0.7024416634055409
4,8.109021854026725,1.862271704223603,0.7407081645132954
4,8.109021854026725,1.862271704223603,0.7407081645132954
4,7.4478307406547195,1.2343589227369272,0.6792665493880118
4,6.938348380093494,1.0947735860859789,0.6889490556367907
4,8.007718802526238,1.5557455050934892,0.6189888287233154
4,8.007718802526238,1.5557455050934892,0.6189888287233154
4,6.497840217299135,1.0839794749689253,0.6372873712361657
4,7.2748567962007025,1.1715613235432525,0.6326504713421706
4,6.126283814851291,1.4214346015610837,0.6979435302580705
4,7.650596662269988,1.9264803036140998,0.6788557067260732
4,8.380346974038492,2.8722259249645967,0.6944079414310453
4,8.663716454275068,2.095341964608002,0.7285302316513687
4,8.663716454275068,2.095341964608002,0.7285302316513687
4,8.663716454275068,2.095341964608002,0.7285302316513687
4,8.663716454275068,2.095341964608002,0.7285302316513687
4,8.2511381835319,1.7230260371337847,0.6809440833352286
4,6.2397170867314316,1.6771369179975757,0.6780107058742083
4,5.617761930447236,1.2786902387179868,0.7482760864016803
4,5.617761930447236,1.2786902387179868,0.7482760864016803
4,5.617761930447236,1.2786902387179868,0.7482760864016803
4,6.709504133763788,1.2019391504434438,0.74947638339214
4,6.068134999107307,0.7897970685037714,0.6931905690098283
4,5.994529426399143,0.8243458629005415,0.6247143939412446
4,5.851778711940297,0.6567412208314134,0.6916473882142896
4,6.474224462732447,0.7780238903867646,0.6944993528491716
4,6.218829327049703,0.6755656908596331,0.6754809297490678
4,5.966869576772898,0.6383557091746743,0.7120313883560836
4,6.64882935570254,0.6649077149178529,0.6991205459749569
4,10.210496943501948,1.6377707477415533,0.776662382156499
4,6.700835479772131,1.4697418932825106,0.7961527880254293
4,7.10461789958559,1.7764685616977034,0.778854297565171
4,6.825525812941599,1.7661505092784624,0.713690266226089
4,7.213576835985139,2.4613550713656984,0.7051853868864171
4,7.9606046397972365,1.4696178026904507,0.7124844234407974
4,7.9606046397972365,1.4696178026904507,0.7124844234407974
4,7.9606046397972365,1.4696178026904507,0.7124844234407974
4,7.9606046397972365,1.4696178026904507,0.7124844234407974
4,7.9606046397972365,1.4696178026904507,0.7124844234407974
4,7.378736694199833,1.9393566674734706,0.734380291745849
4,7.378736694199833,1.9393566674734706,0.734380291745849
4,7.378736694199833,1.9393566674734706,0.734380291745849
4,5.991522648089887,1.6260453843466107,0.6911781023601161
4,8.89797517633366,2.371505195814118,0.6775944101255263
4,6.757884878118426,1.479773686374285,0.7364006932222613
4,6.757884878118426,1.479773686374285,0.7364006932222613
4,6.757884878118426,1.479773686374285,0.7364006932222613
4,6.611455496505716,0.9409440424967961,0.7092120765861137
4,6.611455496505716,0.9409440424967961,0.7092120765861137
4,6.751873194165265,0.9194540397612089,0.6830708327525904
4,8.273474723116808,1.1349301332449273,0.6508734180543854
4,8.273474723116808,1.1349301332449273,0.6508734180543854
4,8.273474723116808,1.1349301332449273,0.6508734180543854
4,8.125872559772484,1.4234638640360682,0.7110008035719835
4,8.125872559772484,1.4234638640360682,0.7110008035719835
4,6.664246659863582,1.0557112186947664,0.7100134764980407
4,6.664246659863582,1.0557112186947664,0.7100134764980407
4,4.57396282314809,1.2928337991076955,0.7256196717081697
4,6.988393008313034,1.285601457264538,0.645825793097777
4,5.51210015234177,1.082302071171823,0.7264148996099474
4,5.51210015234177,1.082302071171823,0.7264148996099474
4,5.899292786235489,0.8112573666909664,0.6549444079824757
4,5.4722066522143065,0.9867739110845819,0.7142244435670293
4,6.153853450215845,1.0964576024722383,0.695926724481786
4,7.443286523872496,1.236260914274141,0.7161619355788562
4,6.784370067816832,1.4292002604386143,0.7009093686772372
4,6.784370067816832,1.4292002604386143,0.7009093686772372
4,6.784370067816832,1.4292002604386143,0.7009093686772372
4,6.784370067816832,1.4292002604386143,0.7009093686772372
4,6.784370067816832,1.4292002604386143,0.7009093686772372
4,6.784370067816832,1.4292002604386143,0.7009093686772372
4,6.784370067816832,1.4292002604386143,0.7009093686772372
4,6.784370067816832,1.4292002604386143,0.7009093686772372
4,6.784370067816832,1.4292002604386143,0.7009093686772372
4,6.784370067816832,1.4292002604386143,0.7009093686772372
4,6.784370067816832,1.4292002604386143,0.7009093686772372
4,6.784370067816832,1.4292002604386143,0.7009093686772372
4,6.784370067816832,1.4292002604386143,0.7009093686772372
4,6.784370067816832,1.4292002604386143,0.7009093686772372
4,6.784370067816832,1.4292002604386143,0.7009093686772372
4,6.784370067816832,1.4292002604386143,0.7009093686772372
4,6.784370067816832,1.4292002604386143,0.7009093686772372
4,6.784370067816832,1.4292002604386143,0.7009093686772372
4,6.784370067816832,1.4292002604386143,0.7009093686772372
4,6.784370067816832,1.4292002604386143,0.7009093686772372
4,6.784370067816832,1.4292002604386143,0.7009093686772372
4,6.4624626348358385,1.3283432803882227,0.7119313748190614
4,5.30488814969114,1.017749752349237,0.6454587008019996
4,7.143860044028757,0.9514448992085698,0.7417370870309128
4,7.661838034906055,1.3193523157140488,0.7706932252322217
4,8.666268964744681,1.424643573603961,0.6864793358471647
4,6.6388295334386225,1.9009094931395407,0.8269900934467672
4,8.541612571170447,1.8104104405409942,0.7627948530221828
4,6.638721780501995,1.4042706953779516,0.7501630816148251
4,6.638721780501995,1.4042706953779516,0.7501630816148251
4,7.43293650399086,1.7111651331508713,0.7781553460381494
4,7.43293650399086,1.7111651331508713,0.7781553460381494
4,7.706618167035677,1.8752290986651756,0.7976875251379952
4,8.437691811270021,0.9827149489029281,0.688156666311463
4,9.272198701066866,2.063982201817736,0.674607085846547
4,6.848029125761711,1.5042199314906006,0.7201942280231739
4,7.760919055464131,1.3093530598070577,0.811119742736477
4,5.97787860413313,0.9711877333289882,0.6519704503116261
4,6.335245548083815,0.9608650243813117,0.7743786926253118
4,6.1891332115883335,0.7514832047468354,0.7414928272266963
4,6.1891332115883335,0.7514832047468354,0.7414928272266963
4,6.1891332115883335,0.7514832047468354,0.7414928272266963
4,6.1891332115883335,0.7514832047468354,0.7414928272266963
4,6.501803142867517,0.726852917323993,0.7014423348329127
4,5.630002472729523,0.8288997556799722,0.7614964335926859
4,6.423126486165266,0.865410404715006,0.7466486779649236
4,6.623358776968614,0.8679940046608394,0.700747322599523
4,6.623358776968614,0.8679940046608394,0.700747322599523
4,6.5832277353925255,1.0707657703134053,0.735214574355909
4,5.622983302715437,0.9204079223089734,0.7730940568820537
4,7.83185934810559,0.8888155474035679,0.7310648743387024
4,4.574192454746835,0.8911466103951681,0.7588121856810419
4,6.348882794979558,0.839470789653399,0.6869927097120362
4,6.370851981813256,1.6669875204163171,0.693336142845256
4,6.568301721597945,1.2179771369436252,0.7402784599046865
4,6.568301721597945,1.2179771369436252,0.7402784599046865
4,7.765660549018168,1.4330133163731036,0.7268168018093243
4,6.2662968507075885,1.3399128868872687,0.7251064940507943
4,6.2662968507075885,1.3399128868872687,0.7251064940507943
4,6.2662968507075885,1.3399128868872687,0.7251064940507943
4,7.7170254685528334,1.6847844313716167,0.6577413442780491
4,7.061639642524868,1.5434948961570123,0.7350581807713527
4,7.061639642524868,1.5434948961570123,0.7350581807713527
4,6.472969016061247,1.1362912499481996,0.7090774206586878
4,6.472969016061247,1.1362912499481996,0.7090774206586878
4,7.919782359310661,1.4282193810187023,0.7451898982760693
4,7.919782359310661,1.4282193810187023,0.7451898982760693
4,7.411996176880693,1.0046902310116756,0.6586872755333285
4,7.7239639556281015,0.820600993212897,0.6903767981742155
4,6.026401050361066,1.1417025081247578,0.7856689819218636
4,6.654415602372632,0.7870989359135563,0.7474231934214457
4,7.309345500793884,0.8792085304724959,0.69347995808503
4,7.609165173725299,0.8514733341493418,0.7529835808031617
4,5.93074216927999,1.1566844650463906,0.7961765874897612
4,5.93074216927999,1.1566844650463906,0.7961765874897612
4,5.571560075124971,0.9184894090130387,0.7065670116032762
4,6.708786801415159,1.4216281696072741,0.7674570991319715
4,6.136130025613842,1.1401335943735376,0.6971392148721504
4,6.136130025613842,1.1401335943735376,0.6971392148721504
4,6.423515157764057,1.503060787415122,0.70743520661742
4,6.423515157764057,1.503060787415122,0.70743520661742
4,6.423515157764057,1.503060787415122,0.70743520661742
4,6.791850909831088,1.750706286455705,0.679314142950265
4,6.878898906246942,1.6408865724223483,0.6961391389916354
4,6.878898906246942,1.6408865724223483,0.6961391389916354
4,8.605194186815876,1.8806014089318968,0.7139003274201434
4,6.312416114706174,1.683585585783562,0.7787862742409672
4,4.95543784532502,0.8238110386445678,0.7575063243287677
4,4.933685041844149,1.171918884090608,0.6918425283213329
4,5.935615770014965,1.6060746636027277,0.6594939273579589
4,5.872012022388502,1.8355875805757405,0.6492779855209585
4,8.08871934536957,1.1162433728443246,0.6034799495774864
4,9.340813288273225,0.8610674495088748,0.580738571153241
4,7.956669868212943,1.0964033006437175,0.7031767868111829
4,6.782445411060045,1.1176749669028068,0.6598601107342391
4,6.354154791733591,0.933687894012192,0.7010136258009039
4,6.668285210475284,1.6235531853249843,0.6707299596764582
4,8.828884135783493,2.3868031035978214,0.7500306811176719
4,8.316650587267114,1.31809927714946,0.6638953127476744
4,8.316650587267114,1.31809927714946,0.6638953127476744
4,8.316650587267114,1.31809927714946,0.6638953127476744
4,9.132237720968499,2.208629071975944,0.6761094105178402
4,9.132237720968499,2.208629071975944,0.6761094105178402
4,8.318793762073238,2.4545301879024537,0.7111278262150854
4,6.165330119021081,0.864512700875034,0.6775754798211494
4,6.982404455576506,0.995774135105806,0.7395540993585207
4,6.83479326484273,0.7255670081804473,0.687225809733993
4,6.83479326484273,0.7255670081804473,0.687225809733993
4,6.83479326484273,0.7255670081804473,0.687225809733993
4,6.83479326484273,0.7255670081804473,0.687225809733993
4,6.776527289904622,0.7493908578902532,0.7546317640319419
4,7.099483557230366,0.7311602351277737,0.7687850975160256
4,5.651541352870745,0.5955138913404521,0.7554659206837823
4,6.364546672707273,1.3748649391671024,0.6405100478591963
4,6.753189040035257,1.5193859296636907,0.7229889581832255
4,5.78125656892629,1.1271132393520893,0.6873580848407422
4,8.140070534916461,0.9024124939822435,0.7161463857720703
4,8.140070534916461,0.9024124939822435,0.7161463857720703
4,7.3631881579061185,0.6985572103085165,0.6741908363149042
4,7.6931415674061014,1.1601319894387943,0.6815459479166892
4,8.12226898496039,1.4509510279724915,0.7399994219522048
4,8.087611298872378,2.155164894135556,0.7916311387298779
4,8.087611298872378,2.155164894135556,0.7916311387298779
4,8.087611298872378,2.155164894135556,0.7916311387298779
4,8.651154566134341,1.67967431672024,0.7120779021311262
4,9.743968676871223,2.072471297622029,0.7509576394035049
4,9.248605413188729,3.4751627620374648,0.7013628693456645
4,7.075921828997809,1.5045664710296274,0.7131318403210932
4,7.075921828997809,1.5045664710296274,0.7131318403210932
4,7.075921828997809,1.5045664710296274,0.7131318403210932
4,7.075921828997809,1.5045664710296274,0.7131318403210932
4,6.694151828658143,1.2067960829870699,0.7814791168416056
4,7.811178790865507,2.1625704853996366,0.6972790380836386
4,7.811178790865507,2.1625704853996366,0.6972790380836386
4,7.811178790865507,2.1625704853996366,0.6972790380836386
4,7.9666451152297215,1.2378739790452218,0.7821891841711182
4,7.013835537366571,1.131201248608864,0.7280685004638872
4,8.220310076501395,1.1813206387338722,0.680511552623043
4,6.409236145778277,1.3672581533939652,0.7297528953267027
4,6.832755359463931,1.6070532479834485,0.7436007138598552
4,8.198378150913506,1.1535966986422848,0.7184986342932247
4,8.198378150913506,1.1535966986422848,0.7184986342932247
4,5.697269349030683,1.003744265659106,0.7308407567290337
4,5.697269349030683,1.003744265659106,0.7308407567290337
4,5.697269349030683,1.003744265659106,0.7308407567290337
4,6.270119416734482,0.8775472308533585,0.6993524299277057
4,7.62147045592504,0.8102509587841948,0.6885067901507362
4,7.14692194775319,1.7190650199777395,0.7269899207487514
4,9.126050574891893,3.1318451799417275,0.6994233095666714
4,9.126050574891893,3.1318451799417275,0.6994233095666714
4,7.097093568971937,1.5523588767460867,0.6787305826809106
4,7.94481810930339,1.233813003340998,0.6186259027245492
4,7.94481810930339,1.233813003340998,0.6186259027245492
4,6.81377425908895,1.8457466252765538,0.6768052523061701
4,6.81377425908895,1.8457466252765538,0.6768052523061701
4,6.416074789829598,1.2292770436938518,0.7073131811452075
4,6.443988175995618,1.4668248029284283,0.7233965213587872
4,7.755453630138054,1.7484714989896217,0.7551169421714975
4,5.498768259692355,1.1858226423072247,0.7434291733801748
4,5.498768259692355,1.1858226423072247,0.7434291733801748
4,5.498768259692355,1.1858226423072247,0.7434291733801748
4,5.498768259692355,1.1858226423072247,0.7434291733801748
4,6.0710240251401695,1.1655982047433726,0.752699297209773
4,5.98032349407963,1.467975019008937,0.6988328108247445
4,5.98032349407963,1.467975019008937,0.6988328108247445
4,5.98032349407963,1.467975019008937,0.6988328108247445
4,5.950818496636223,0.9791751324898081,0.7330774731387755
4,5.950818496636223,0.9791751324898081,0.7330774731387755
4,6.195031603413762,0.8567939776447988,0.7662396940436221
4,7.074861904593135,1.3979325819316124,0.6853674556232582
4,7.4859184902823355,1.1791303020879762,0.7586379154691573
4,7.421572575194228,0.9467633128929852,0.6616209835276978
4,6.348528505412413,1.410567967596791,0.7477269815129203
4,8.109800833066297,1.907483782258419,0.6982967384128147
4,8.109800833066297,1.907483782258419,0.6982967384128147
4,7.427311749535516,1.5975391005814812,0.6655111004702362
4,7.427311749535516,1.5975391005814812,0.6655111004702362
4,7.427311749535516,1.5975391005814812,0.6655111004702362
4,7.99458271827362,2.32765950201903,0.7427021042506418
4,8.080871680735154,1.408073720203204,0.75028161496803
4,8.309344859374843,2.4371798428717195,0.7205168819312004
4,7.3691056677912705,1.8062691370517763,0.6814480440735573
4,7.875506240580459,1.6903545110089677,0.6271447782843169
4,10.194558107569586,2.3290470659573637,0.692614886424676
4,7.018980158999933,1.7106632832069393,0.6802092838804831
4,6.069206492988795,1.1747692568125505,0.688424371380711
4,7.339268903427359,1.4981252238471585,0.6815291280919257
4,7.5209247104715855,1.2562283202046878,0.6336753123181484
4,5.507983652739338,1.6548558111156504,0.6703754532132778
4,5.507983652739338,1.6548558111156504,0.6703754532132778
4,6.562103422609205,1.3961333611817992,0.7804675048442721
4,5.0015927784103305,1.8482801775169033,0.7991345519052516
4,5.0015927784103305,1.8482801775169033,0.7991345519052516
4,5.588063571502337,0.773053570567928,0.8212325822992422
4,7.20241924250238,0.8533567397757587,0.7909043929149292
4,7.610801452069611,1.1228557182595365,0.6316282416097276
4,6.594491326806101,0.8073442217324523,0.6841712723947975
4,7.215109068992052,1.2414752246441378,0.7362308546796849
4,5.639770845723213,0.9523899079326645,0.721137742764861
4,8.400516596933347,1.2449036313850637,0.6247486199629023
4,6.002505226034519,1.3986598397341674,0.8066872252985108
4,7.62370243754133,1.785990573951923,0.7232896490495163
4,9.26721198036971,1.5394420496106525,0.7432017641430364
4,9.26721198036971,1.5394420496106525,0.7432017641430364
4,9.26721198036971,1.5394420496106525,0.7432017641430364
4,7.620194544535515,1.2230536801659988,0.7493524635278667
4,6.109239517533507,1.4822352304821464,0.7110764344540043
4,8.393002964724715,1.4792736717117365,0.721869476395684
4,6.1824456803823296,1.2625496888064658,0.7036669641328213
4,6.283282712959404,0.9786444661141571,0.7334141449530582
4,6.19509307770531,0.7612440194922329,0.7202797178410129
4,8.733632555398774,1.0626371671700254,0.6653823089750512
4,8.942269390919812,1.3341017768563557,0.7530417854935435
4,9.514666557419805,0.8532530360845549,0.6792156671374173
4,4.826680952347057,0.6271276155503034,0.723530035972883
4,5.48636845497698,0.5840206513546277,0.7235641420883666
4,6.060834162457676,0.5509054869924045,0.6869687641793024
4,7.148743934441893,0.5738860508755363,0.6669663479382547
4,8.277520596953995,0.8277905410356192,0.7234369874187303
4,9.03042366663053,1.2086251202470026,0.7940737877755871
4,9.03042366663053,1.2086251202470026,0.7940737877755871
4,8.475786738113905,1.710891719895506,0.7370945030190421
4,8.475786738113905,1.710891719895506,0.7370945030190421
4,8.475786738113905,1.710891719895506,0.7370945030190421
4,9.111293599395966,2.040357944110109,0.7234147233903642
4,9.50520741815519,1.9081423606322712,0.7269310166804253
4,9.50520741815519,1.9081423606322712,0.7269310166804253
4,9.50520741815519,1.9081423606322712,0.7269310166804253
4,5.324248263997575,1.4703866914056383,0.7258770719897427
4,6.417580370689699,1.8996192957439795,0.6636172401540569
4,8.871278713870456,2.0779297012231805,0.717410962623149
4,7.49699102673594,1.5539307754625775,0.6583685450125584
4,7.635024164583571,1.4520474733069584,0.6664999631409319
4,7.284285132182515,1.4618528343840405,0.7571775315234928
4,7.290273140197951,1.95867560325076,0.7771333317150659
4,7.290273140197951,1.95867560325076,0.7771333317150659
4,9.02726602880808,1.5715019160637782,0.7056652820789291
4,6.635318813790229,1.895190496727467,0.663611752832599
4,8.335288449899874,1.7727692968509927,0.6478316357853626
4,9.73423596317317,2.986654516633742,0.6835551077332855
4,7.087530730948516,1.262472911664704,0.7299027043359785
4,8.733736260307861,1.7168134806058868,0.7050525919243757
4,8.733736260307861,1.7168134806058868,0.7050525919243757
4,8.733736260307861,1.7168134806058868,0.7050525919243757
4,6.965440757814591,1.330654649818327,0.6584550084536815
4,6.214422347178974,1.6601811198749081,0.7363207270458388
4,6.214422347178974,1.6601811198749081,0.7363207270458388
4,6.725220249154372,1.552023283950965,0.6787944281152373
4,8.067288731705657,1.0383334723509647,0.6840593903161583
4,4.588650638420626,0.5618096087612275,0.6478234713278846
4,4.334103276496799,0.7660731674946608,0.6615874264807926
4,4.9647388193414965,0.6546670935157062,0.7131177221292935
4,5.442824869549219,0.7747169458209131,0.6783682614660849
4,5.442824869549219,0.7747169458209131,0.6783682614660849
4,5.442824869549219,0.7747169458209131,0.6783682614660849
4,5.442824869549219,0.7747169458209131,0.6783682614660849
4,5.679502773230039,0.9851924358085159,0.6720593761415216
4,5.679502773230039,0.9851924358085159,0.6720593761415216
4,5.571465022219568,0.6952444794705283,0.7365619669117136
4,5.571465022219568,0.6952444794705283,0.7365619669117136
4,5.571465022219568,0.6952444794705283,0.7365619669117136
4,6.057710340758931,0.8443788010942633,0.7394371694650888
4,6.057710340758931,0.8443788010942633,0.7394371694650888
4,7.660372709704601,1.3227168015074433,0.7032794837420374
4,6.938479255870265,1.7775694148073498,0.7000317945560475
4,7.787559826160289,1.9433673572631702,0.6583103833142718
4,5.725596405747055,0.9625945216047229,0.7238209855402913
4,7.623475453401111,0.8824018327696581,0.6488923047138649
4,7.623475453401111,0.8824018327696581,0.6488923047138649
4,9.534653956109542,2.4588642813860435,0.7355384520555005
4,6.5063915374247205,1.3865722077729417,0.6964910118034976
4,7.54955799751805,1.1494790772667107,0.6814595606992659
4,7.54955799751805,1.1494790772667107,0.6814595606992659
4,7.54955799751805,1.1494790772667107,0.6814595606992659
4,6.965327682180066,0.9493229951705127,0.7580881324185142
4,9.407755318388814,1.6473332183797194,0.7435909138280526
4,8.468994102256815,2.392676409131621,0.7132764831379357
4,8.468994102256815,2.392676409131621,0.7132764831379357
4,8.468994102256815,2.392676409131621,0.7132764831379357
4,7.185124258346738,1.2142306908077822,0.7075211936711409
4,8.31247446567582,1.8425965705974197,0.7349094057388351
4,7.414365204257736,1.2379997490445835,0.7274477837997816
4,6.220806605036022,1.9841159156429606,0.6944057920551217
4,6.220806605036022,1.9841159156429606,0.6944057920551217
4,7.261082295492004,1.3777042160382686,0.7851611960630778
4,7.261082295492004,1.3777042160382686,0.7851611960630778
4,5.694111733956338,1.461702798314405,0.6706107207711722
4,6.227789466739229,1.361263986722748,0.6622352871264572
4,5.033793414306246,0.9623198464456197,0.7020726729123304
4,7.281909060419655,1.8346935284903116,0.735861376770515
4,7.635852560853963,2.0337438316772785,0.669764815845285
4,8.051062182293734,1.6747663934386867,0.7406305053156952
4,8.228000284488392,1.6807095683897737,0.6955928405200896
4,7.744480886102047,1.4640327869463317,0.6435069111407717
4,7.744480886102047,1.4640327869463317,0.6435069111407717
4,7.744480886102047,1.4640327869463317,0.6435069111407717
4,7.0593953583399935,2.3279397791019294,0.6281082880785045
4,7.236770111889482,0.9834274952849502,0.7146696750514628
4,9.577634071092454,2.180032446416237,0.6951717027746928
4,8.631529355623261,2.334306981801339,0.7022712601795015
4,6.000028177283839,1.2978787540347065,0.7276771987778486
4,7.634114896572088,1.8572197557940666,0.743418862016338
4,6.798177420697417,2.0546063355751576,0.6588188605290434
4,8.177806778178422,1.581294663032795,0.7505642533947884
4,8.177806778178422,1.581294663032795,0.7505642533947884
4,6.374369798645964,1.2930117332592417,0.676162917553447
4,6.374369798645964,1.2930117332592417,0.676162917553447
4,6.374369798645964,1.2930117332592417,0.676162917553447
4,7.172004059996407,2.0358820305760803,0.7051871623939993
4,6.3889199574832345,1.9420139485282437,0.7165780849401774
4,8.52186146585568,1.6129869951417033,0.6266132111749657
4,9.419097147220254,1.8825320342478458,0.7000733251018847
4,9.419097147220254,1.8825320342478458,0.7000733251018847
4,9.419097147220254,1.8825320342478458,0.7000733251018847
4,9.899163015763902,1.6284066405804574,0.7194978018928787
4,9.70711943805031,2.403319295910565,0.677226138740527
4,8.42663270731153,2.340785296040557,0.6625742734340013
4,10.016828056475685,2.561708853216734,0.7450533059933302
4,10.206898407949643,2.852077377596008,0.705716546469028
4,6.852324182579007,1.3282381437820387,0.7165026388925568
4,8.689999749709584,1.6709141539445613,0.70171430111311
4,8.749907553904073,1.5113107854725685,0.7069917195553704
4,8.749907553904073,1.5113107854725685,0.7069917195553704
4,7.382967434603597,1.1903459670523011,0.7269492822495752
4,7.382967434603597,1.1903459670523011,0.7269492822495752
4,6.485600539754537,1.9307485623886655,0.7241117637158991
4,7.719699134546468,2.5130025641065807,0.6281926051170205
4,7.719699134546468,2.5130025641065807,0.6281926051170205
4,9.593046101343527,2.3766515016958336,0.7276027692385113
4,9.780016830212489,1.5630475390837795,0.7647035378506701
4,7.122159741222574,1.4353372714540225,0.6785804355401489
4,7.122159741222574,1.4353372714540225,0.6785804355401489
4,6.274185619619816,1.3095626586087674,0.7631764993081961
4,7.343657453577209,1.5536704680101157,0.7453218642578664
4,5.183299573560713,1.6612787275090721,0.7619053437032524
4,5.183299573560713,1.6612787275090721,0.7619053437032524
4,4.829331650909708,1.4507336965931865,0.7215373021804162
4,5.249011620566226,1.0395086607251103,0.7901227489376986
4,4.52330791368631,0.7210822358767639,0.7364282372577285
4,4.514088856765936,0.612147096700019,0.7197627644794846
4,5.185222596001582,0.5274509369758388,0.7214707979206529
4,7.586277592714804,0.5396753174588631,0.6574159006860653
4,4.932047905223356,0.5164509260200617,0.604082094374659
4,4.514334920797248,0.5336787745941031,0.7760893552142499
4,5.424766216749392,0.5864164972864528,0.8134350553313643
4,4.587743276588599,0.5827978408829999,0.6930406691571666
4,6.357158217813332,0.6174823811451642,0.6264291360617861
4,7.150466093277346,0.6627921263595694,0.6644945408591494
4,7.097791727701527,0.8378581207285096,0.7178535803387889
4,7.097791727701527,0.8378581207285096,0.7178535803387889
4,7.097791727701527,0.8378581207285096,0.7178535803387889
4,8.967587471845416,1.507673875519362,0.7213407643467008
4,8.185657237811327,2.4272387037480194,0.697735791636312
4,8.185657237811327,2.4272387037480194,0.697735791636312
4,7.8159694654887035,1.5952272897859325,0.7626788103565344
4,7.8159694654887035,1.5952272897859325,0.7626788103565344
4,9.333700846711512,2.973368251964231,0.6446200392694124
4,8.309678204828776,2.061493744734083,0.7476684239716441
4,7.798116945598116,1.8025630479540806,0.7247176053791813
4,7.0464708281633355,0.997243318238243,0.6956374755720273
4,7.9789564714084635,1.6469964794632497,0.7245851375784618
4,6.7603272705101665,1.519524374977303,0.7354183751670684
4,6.810849833770765,1.315639557630183,0.682889853374427
4,6.810849833770765,1.315639557630183,0.682889853374427
4,7.809841149114965,1.1403846307927132,0.7991677263683524
4,7.7912091817296325,1.662716693121245,0.6897379476086941
4,7.312638253834854,1.5156676856090736,0.791593935408289
4,6.2567468453952015,0.8323257450606689,0.6378923682557619
4,6.329662856032199,0.6329133204516393,0.737812330345643
4,6.201114215462394,0.7291948652502815,0.7553574601349702
4,7.465327286179499,1.0121122813088856,0.7079988389399927
4,8.04507006657811,1.3525149498063709,0.6892185538014872
4,8.04507006657811,1.3525149498063709,0.6892185538014872
4,7.35797989738465,1.1629588543897242,0.721438122219052
4,7.35797989738465,1.1629588543897242,0.721438122219052
4,7.903314516621793,2.0630154702891557,0.7372515108651185
4,9.011878684011533,1.533884650331582,0.6820929375971665
4,7.549235380213905,0.9695619562206352,0.731529916849923
4,7.549235380213905,0.9695619562206352,0.731529916849923
4,6.707456765030847,1.6682311984858051,0.7297618338155101
4,6.707456765030847,1.6682311984858051,0.7297618338155101
4,7.615096826397354,1.6791145871153297,0.7895267638480359
4,7.615096826397354,1.6791145871153297,0.7895267638480359
4,9.488226676215724,1.6525678330506046,0.7101681047562769
4,8.380214700925507,1.4556981124386166,0.7669714412164776
4,8.380214700925507,1.4556981124386166,0.7669714412164776
4,6.98568697370018,0.6466747688517419,0.6718285348809365
4,6.183101351640449,0.9532974289886089,0.7467879977284156
4,6.748313320553812,1.4710965979008186,0.7801717574318484
4,7.479351234706533,0.7299806643758109,0.7474527044329587
4,5.487469341124299,0.6314543427084693,0.7901771053126053
4,5.782314069943317,1.2039921001581444,0.6363048117696775
4,5.670235299833858,1.0647069633682866,0.739050265592117
4,7.695283866224041,1.667365399787003,0.7360107233934051
4,7.695283866224041,1.667365399787003,0.7360107233934051
4,6.69218682234254,1.3214373813077605,0.7316108299758506
4,8.004572530259901,1.0456108808617406,0.6973761874663175
4,7.110368926898918,1.6537631041870824,0.6718662780079114
4,6.595038169800154,1.6520043209587443,0.7494034634245632
4,6.595038169800154,1.6520043209587443,0.7494034634245632
4,8.513620063257946,2.181534802688545,0.68057740653903
4,8.513620063257946,2.181534802688545,0.68057740653903
4,6.117000841655346,1.3623287662397465,0.6960800284545038
4,6.117000841655346,1.3623287662397465,0.6960800284545038
4,6.117000841655346,1.3623287662397465,0.6960800284545038
4,7.956098170957809,1.9888459068802,0.7232265594730651
4,7.956098170957809,1.9888459068802,0.7232265594730651
4,7.560800327321982,1.5625514298100747,0.7151259394911365
4,7.560800327321982,1.5625514298100747,0.7151259394911365
4,7.476386950916468,1.3193691781152723,0.699924278852831
4,5.555253356431724,1.1996284365055654,0.6502525554702102
4,4.764559992108947,0.7124814302381298,0.7286183414140928
4,4.371381145244969,0.6781601018830967,0.7621301284116763
4,6.526760917489222,0.7613068743939305,0.7461028993871716
4,6.955937165867936,0.9909208492591578,0.72378791409016
4,7.793989393087128,0.8119525821049527,0.6754967450989431
4,8.880975438046121,1.366093438941085,0.6971053692628096
4,8.880975438046121,1.366093438941085,0.6971053692628096
4,9.438944223578812,1.5872071327403303,0.718062712754152
4,6.509348227335038,1.1150265604645113,0.7821516949752599
4,5.972766707910849,1.4972138562762694,0.7904410710413331
4,8.503123936873596,1.6701376586355048,0.73549185949432
4,6.550862331878852,0.8828806668124018,0.6396538351731167
4,6.356519943489982,0.6861179705405531,0.6777322527082745
4,6.356519943489982,0.6861179705405531,0.6777322527082745
4,7.387843152961331,0.9599758991427655,0.6398311497139302
4,5.851827549374147,1.869420870825013,0.7091195584831579
4,7.866575547460233,1.627602851167277,0.6619020494020218
4,6.805442679717625,1.2459035776758827,0.7823952953309214
4,8.569040305009402,2.119852866057385,0.7276938776871616
4,8.182873045117038,1.2316368571474923,0.6900938932255366
4,7.771942314285409,1.7536556300068866,0.6886600549500198
4,7.0426024437136885,1.3365361494465133,0.7039816115301553
4,7.0426024437136885,1.3365361494465133,0.7039816115301553
4,7.37105498834874,1.5040721771046315,0.7090297992114253
4,8.062405303976552,1.397610709615312,0.7634826129272075
4,7.375751612511585,1.407446915403094,0.8065199292450591
4,7.226302787224601,1.0105482384693814,0.7506387708245831
4,6.311469767907699,0.592051856506989,0.700229211412203
4,6.311469767907699,0.592051856506989,0.700229211412203
4,6.68492004309205,0.578863151113635,0.7388564191305187
4,6.1447302805301796,1.6515489617112826,0.6992906888381316
4,6.580795267360395,2.1440562437957813,0.7264646879658511
4,8.620078569789449,2.3147140233792336,0.7252297048600077
4,6.285586446563708,0.8698058832212852,0.7163058543899168
4,5.686266260656503,0.8258506626183735,0.7310515482127276
4,8.221781764171997,1.2074113246739548,0.654068618130393
4,9.408515085144563,1.3976942904086422,0.6193631479649647
4,9.408515085144563,1.3976942904086422,0.6193631479649647
4,9.817023913364968,1.7474573827283801,0.6430524547811934
4,7.0100891611676985,1.3898307022661949,0.7393577360189741
4,7.0100891611676985,1.3898307022661949,0.7393577360189741
4,7.622115821154669,0.9391307045757953,0.6502868916430057
4,8.782393331400185,2.610866655917227,0.6964771979665941
4,8.782393331400185,2.610866655917227,0.6964771979665941
4,7.366451181666024,1.1353494107076438,0.6923740598521042
4,7.152970421522338,1.3608235026670066,0.6863910762723904
4,7.152970421522338,1.3608235026670066,0.6863910762723904
4,6.75223928493884,1.3637990052570297,0.6479234780852686
4,8.652086936820833,1.6904788818015823,0.6355035864843704
4,7.560291205339063,1.4397842062665853,0.6017073951950048
4,7.030887104119383,1.4319168323778335,0.6491322177091955
4,7.030887104119383,1.4319168323778335,0.6491322177091955
4,6.501781760041374,1.1773918041989686,0.747732404705058
4,6.501781760041374,1.1773918041989686,0.747732404705058
4,6.501781760041374,1.1773918041989686,0.747732404705058
4,6.501781760041374,1.1773918041989686,0.747732404705058
4,6.501781760041374,1.1773918041989686,0.747732404705058
4,7.567037673242262,2.0765001292623877,0.6859457162540196
4,7.567037673242262,2.0765001292623877,0.6859457162540196
4,7.577758717057275,1.3261523193599385,0.6920324779262907
4,7.577758717057275,1.3261523193599385,0.6920324779262907
4,7.577758717057275,1.3261523193599385,0.6920324779262907
4,6.060846155457695,1.4488018977099855,0.6671299827152493
4,5.620887799456907,0.7519225970204702,0.693908124495328
4,5.620887799456907,0.7519225970204702,0.693908124495328
4,7.334132595378804,1.4690262172520898,0.6754226044792894
4,7.334132595378804,1.4690262172520898,0.6754226044792894
4,7.345958527085705,1.1986170677491756,0.7626090697859098
4,6.747208795245216,1.0255850610310573,0.6808809068116187
4,6.536030511558133,0.7196276235554511,0.7610823643360412
4,6.561715856746245,0.8136001076191479,0.7430000754013067
4,7.273242906624945,0.6018822751837045,0.6536094320015656
4,5.362658985787641,0.6261192072100362,0.7248765701211645
4,6.7860733754127756,0.5826477556507247,0.7460532751669958
4,6.1060583589268305,0.7805774319143788,0.6295414789436294
4,9.256456808651446,1.9024450949222396,0.6680586418799888
4,9.256456808651446,1.9024450949222396,0.6680586418799888
4,7.830740102049201,1.8651724241905674,0.5994878811843799
4,7.830740102049201,1.8651724241905674,0.5994878811843799
4,6.8310986766312425,0.9755477653811768,0.6678761198509425
4,7.850719694451544,1.012859223653348,0.7623266058768354
4,7.850719694451544,1.012859223653348,0.7623266058768354
4,6.770440996542467,1.5152949462421832,0.6899988415249846
4,6.770440996542467,1.5152949462421832,0.6899988415249846
4,7.837972570043598,1.1913642027805702,0.7478321776165363
4,6.418833248484014,1.0549987591348082,0.7653025543937061
4,8.333692060505765,1.1175308072359118,0.7661656359694787
4,7.137013624149644,1.0765628622792094,0.6661706667125992
4,7.137013624149644,1.0765628622792094,0.6661706667125992
4,7.137013624149644,1.0765628622792094,0.6661706667125992
4,7.198064246852781,1.3710973877169712,0.7275661049039
4,7.198064246852781,1.3710973877169712,0.7275661049039
4,7.198064246852781,1.3710973877169712,0.7275661049039
4,7.802738589259274,1.7727618620191805,0.6567881178596985
4,7.802738589259274,1.7727618620191805,0.6567881178596985
4,7.802738589259274,1.7727618620191805,0.6567881178596985
4,7.235305143450167,1.1155565359287365,0.6725873623753046
4,6.109274149285896,1.2883367296203103,0.7379060092643052
4,7.6293290057487395,0.8863485241473792,0.7400775765449427
4,6.956810798210622,0.8219547017326604,0.6608948509030476
4,7.99044011130584,0.9787003114899162,0.6934518951530513
4,5.831104409262138,1.056243796506278,0.7388479776462528
4,6.266930839183776,1.182566193185691,0.697648994852441
4,7.27528171049207,1.317204957899817,0.6520948462364606
4,8.345991336151002,2.0617255416475686,0.7381269057939395
4,8.345991336151002,2.0617255416475686,0.7381269057939395
4,8.345991336151002,2.0617255416475686,0.7381269057939395
4,8.345991336151002,2.0617255416475686,0.7381269057939395
4,8.345991336151002,2.0617255416475686,0.7381269057939395
4,8.345991336151002,2.0617255416475686,0.7381269057939395
4,8.167124885971088,2.1296516751898023,0.7387461723170128
4,6.416139215191588,1.0738441013645386,0.7157815603295204
4,5.528026194343364,1.0648602121982935,0.6638376032837452
4,5.319995013813875,0.87761419414075,0.6620489205489376
4,7.499998737684557,0.8202360634399279,0.8207619198392478
4,5.937800225618786,0.8273130495551204,0.8303925800294868
4,6.37742295976205,0.7123598536387912,0.8761356530322583
4,9.159703294977792,0.9094404152793,0.7387531610775138
4,9.395722189280045,1.0660429358832224,0.7712954796114913
4,7.88143692990992,0.9287537991845761,0.8347470345477678
4,7.88143692990992,0.9287537991845761,0.8347470345477678
4,7.9789435337519405,0.8951228929075377,0.7717818253637192
4,7.090966769905432,1.2078381375747955,0.708215370616469
4,7.274492986394538,1.4888476132938482,0.7188300309910538
4,7.274492986394538,1.4888476132938482,0.7188300309910538
4,7.587161878288601,2.077941018852506,0.6160889305019226
4,5.871651092979105,1.7524006744495335,0.6561577635117669
4,5.983316080432923,1.1987616107155863,0.6588122093391737
4,7.350822007032359,0.8607823768561292,0.6651982762199455
4,5.607440190661589,1.717853446158281,0.6207700988881711
4,8.219941513120254,2.6877010189231143,0.6086222997564258
4,8.219941513120254,2.6877010189231143,0.6086222997564258
4,9.621162433131932,1.3488847485574318,0.7417679723689284
4,9.507951244933075,1.3178213379805794,0.6726238782323315
4,7.387493964218452,1.1314956202655617,0.7629424809241855
4,7.701827068425183,0.9012856238910554,0.7376285861767107
4,9.35223858622329,1.5786187774201792,0.6655078257231577
4,8.844154203160752,2.7949808532966265,0.5910832735796621
4,7.9100490524497875,1.7362663555729543,0.6357835677488378
4,8.199148903567169,2.2805055096963844,0.647997871840993
4,7.642377426144704,2.1087725167738016,0.7356602179188344
4,6.952275838354962,2.242928434244205,0.6972220401975558
4,10.191358374887002,2.8218222887232263,0.712059358524501
4,9.008409496254922,1.5338121007692134,0.6259582304196092
4,9.008409496254922,1.5338121007692134,0.6259582304196092
4,6.2755217951242,2.634905327586758,0.6666666937808401
4,9.499673864129308,1.7272204689513486,0.7518349322705732
4,6.589648809464754,1.216304884760636,0.6990712569933204
4,5.7360349336108305,0.8083250657762553,0.7284516385992037
4,6.11299859542392,0.7091850490114951,0.7673841240197127
4,6.141695464922156,0.8335151406963623,0.7717901664943825
4,6.117352168938415,1.0303148329809213,0.7356131541326912
4,5.286583026318257,0.7522119445547042,0.7421883692451309
4,5.644858734689474,0.7363206852395339,0.7581212780545442
4,6.450214865291913,0.7269333001252313,0.7285614436921265
4,6.121367315254161,0.628800069754524,0.7321141304237673
4,5.294493600853184,0.6497534175218509,0.7136336404279878
4,5.675982154479686,0.8084146240028143,0.6520672007743136
4,5.508857962161464,0.6409754589785954,0.7497704310258637
4,6.261332587960411,0.6096138386305128,0.5918879361794614
4,6.633735464712975,0.9501721388086879,0.75367688226114
4,6.1741077511112445,1.3048750745778643,0.6512217630375177
4,6.6679637014252435,0.8417189996456135,0.7483797464957046
4,6.190270596940586,0.6791548688630277,0.7074748744876065
4,6.28320225348881,0.7175287888815625,0.6618832443205465
4,6.28320225348881,0.7175287888815625,0.6618832443205465
4,6.28320225348881,0.7175287888815625,0.6618832443205465
4,7.168739865186207,0.933229440047505,0.6924002373614777
4,6.8438765418974405,1.3482762927271659,0.7440268031780031
4,7.954608408230176,2.1675024169407417,0.7062140384279322
4,7.867702048487046,2.1971723348778243,0.7417888530376094
4,8.227121560838386,1.4140757396847519,0.6308583345248444
4,8.617548417391266,1.6028970594278562,0.6997832019377028
4,8.617548417391266,1.6028970594278562,0.6997832019377028
4,9.45356817979622,1.7710052435265604,0.6475177489447959
4,7.8242033044949455,1.1020809288800106,0.6153434599501985
4,7.228022210713087,0.8182952521476183,0.6881071382033989
4,5.601014235114495,1.0263055146004092,0.6666366423713543
4,5.601014235114495,1.0263055146004092,0.6666366423713543
4,5.601014235114495,1.0263055146004092,0.6666366423713543
4,5.601014235114495,1.0263055146004092,0.6666366423713543
4,6.503083462429887,1.1667482082429914,0.7506208303501075
4,6.503083462429887,1.1667482082429914,0.7506208303501075
4,6.503083462429887,1.1667482082429914,0.7506208303501075
4,9.209128989630678,1.950807825139369,0.7681857138326803
4,6.896880835808922,2.4179622671382948,0.7530466169532514
4,7.123041638558652,2.2070190028744627,0.7806227711795597
4,7.123041638558652,2.2070190028744627,0.7806227711795597
4,7.123041638558652,2.2070190028744627,0.7806227711795597
4,6.700017655626421,1.3423405410016085,0.7765277544423272
4,6.700017655626421,1.3423405410016085,0.7765277544423272
4,6.109073151816609,0.9860980953472007,0.7874383217873222
4,7.385068266403732,0.7690866322021553,0.7641139676540469
4,7.420627027130233,2.155986590754406,0.6976778355124547
4,7.420627027130233,2.155986590754406,0.6976778355124547
4,7.989318169703687,1.7641692806902025,0.7086753010756867
4,7.989318169703687,1.7641692806902025,0.7086753010756867
4,7.989318169703687,1.7641692806902025,0.7086753010756867
4,8.049456318745214,2.0019898893468,0.7374088827539975
4,7.286025960186113,1.5569092306231038,0.7026934049592266
4,7.286025960186113,1.5569092306231038,0.7026934049592266
4,7.022012418905825,1.6787094981928405,0.6981949022709086
4,8.249697574721843,1.2573726579251676,0.7347490258908077
4,6.305075769173463,0.9918511727803845,0.7276155075203588
4,7.901765278782053,1.1413806035221552,0.7015561421150309
4,7.228898088673894,1.1099075096465272,0.7508130066072938
4,7.989307030906707,1.4313262868690346,0.7343954934135389
4,7.989307030906707,1.4313262868690346,0.7343954934135389
4,6.720400498374497,1.4217822747502908,0.7307969799019433
4,6.712007842667094,1.4569485278789898,0.6746500466749227
4,7.721553230529881,1.2747626225372755,0.7239760488992776
4,7.291323663235716,1.893762320239871,0.7554819295118048
4,7.319105708238144,1.7917821565201253,0.6317424544785489
4,7.288801267983001,1.3224121976785745,0.6520931704596313
4,7.288801267983001,1.3224121976785745,0.6520931704596313
4,7.288801267983001,1.3224121976785745,0.6520931704596313
4,7.862266627943874,1.2953943434679562,0.6887932452197234
4,7.519293983680255,2.3283024454398915,0.7256780527263532
4,7.519293983680255,2.3283024454398915,0.7256780527263532
4,8.442050485086598,1.9328355521170175,0.6672793617452083
4,8.442050485086598,1.9328355521170175,0.6672793617452083
4,7.280667835649637,1.4669462865950553,0.7461081937172573
4,7.535033080541948,1.198029475077408,0.7664329850333573
4,7.679524181630796,1.6608332650002724,0.7911108822822988
4,5.798163783578244,1.7395429076302935,0.7189202900361709
4,5.798163783578244,1.7395429076302935,0.7189202900361709
4,8.59555082430758,1.6005121490267102,0.7189287220815421
4,7.404266920791698,1.7518336384387814,0.6473991695547477
4,7.404266920791698,1.7518336384387814,0.6473991695547477
4,8.048674311683456,1.8076875022477574,0.6833265016437435
4,8.159941022799003,0.9315358741481672,0.674726837924146
4,7.290967555981293,1.836785454138342,0.715527987742135
4,6.5257673276325825,1.0801449554197444,0.7157968454005026
4,6.5257673276325825,1.0801449554197444,0.7157968454005026
4,6.5257673276325825,1.0801449554197444,0.7157968454005026
4,5.858227142663857,1.028588662927877,0.8017889984080765
4,8.565650792032315,1.3440257636251571,0.7262546111851641
4,6.050262368462968,0.9324388722062535,0.7180822837933197
4,6.552369609287578,0.871734258031779,0.6608027637419659
4,5.850112192753673,0.9502954559162553,0.7257095752688277
4,6.614332191192984,0.8925668903877657,0.6939286132860153
4,7.418130079896866,0.781437490478361,0.6890978884353262
4,6.594286199748989,0.8686429227853008,0.7182087810965196
4,6.594286199748989,0.8686429227853008,0.7182087810965196
4,6.127405373554168,1.029610453907262,0.6922522630038439
4,5.902212918318348,1.4863940382349194,0.6713206182556679
4,5.606900671605317,1.5278415606146674,0.637228780551131
4,6.416660269965484,1.572888190797467,0.6799486534508907
4,7.801479797945467,1.272260912914698,0.701468067131034
4,7.801479797945467,1.272260912914698,0.701468067131034
4,9.6120916888013,2.116930376761089,0.6911015759981944
4,6.0015064856921,1.0267983525182565,0.7070887978144905
4,7.684273542968804,2.756778661265384,0.7835450090481807
4,6.0982558512708005,1.0528238655960376,0.7599808994018656
4,6.968322623384089,1.302483195201153,0.7612305517911345
4,8.325245966129174,0.9327918437801408,0.7317735373221512
4,6.738152114742041,1.9221504231547117,0.6775280752008676
4,7.733991300341029,1.2599451623845666,0.7040962220537073
4,7.408234135929935,1.0189434744600314,0.7188720869680257
4,7.408234135929935,1.0189434744600314,0.7188720869680257
4,6.574375636438175,1.2637735168296182,0.7389604619313999
4,7.328864653167811,1.2479677776775016,0.7504962953327904
4,8.189397379992666,1.5803830171540212,0.736723897287494
4,8.189397379992666,1.5803830171540212,0.736723897287494
4,8.189397379992666,1.5803830171540212,0.736723897287494
4,7.809723202026384,1.6772247351303715,0.6660593505701585
4,6.871108301683129,1.3659007265112084,0.684326623084407
4,6.871108301683129,1.3659007265112084,0.684326623084407
4,6.871108301683129,1.3659007265112084,0.684326623084407
4,6.871108301683129,1.3659007265112084,0.684326623084407
4,6.871108301683129,1.3659007265112084,0.684326623084407
4,7.809936689016867,1.7292044636714805,0.6644108074600811
4,8.122326358580487,1.9888936792297296,0.6769730496783102
4,7.4431009257721685,1.4667689604982002,0.6279007935391221
4,9.07913810525506,1.590262716111792,0.6428583909265468
4,7.600189552462181,1.2830726031503892,0.7261069243580338
4,7.661125295700276,2.0178185383989513,0.691470685505956
4,7.3985209029703825,2.044721802089996,0.716643433425062
4,7.8676028862013885,1.7542659159798368,0.7504885105635383
4,8.375313661944054,2.07133989922822,0.6536621571537846
4,5.524123944243382,1.077785754907113,0.7467625161762209
4,6.29767687404907,1.489315784427229,0.7163342316180044
4,5.693154249668527,0.6994640776950803,0.7504736270895906
4,7.353036229308139,0.9585801937484086,0.7430225325308032
4,6.554451266832764,0.769716698028122,0.6899120200080481
4,8.990675357007952,1.408337994689526,0.688341541003957
4,6.145025293975017,1.0570169670843308,0.7836992385262698
4,6.145025293975017,1.0570169670843308,0.7836992385262698
4,5.173050085496494,1.2740755483668704,0.7221138934508449
4,5.990239666693557,0.8613071103305612,0.7519155569075617
4,8.26723811527583,2.0229954838094084,0.7507227687641773
4,8.619984761898817,2.2533651914711523,0.7077854317689318
4,8.619984761898817,2.2533651914711523,0.7077854317689318
4,6.751549899262836,1.9958946223766463,0.7518187735009001
4,8.194700861104167,2.263484038576329,0.7411336919121483
4,8.194700861104167,2.263484038576329,0.7411336919121483
4,7.308899098582723,1.5470351785663945,0.7604800231627314
4,8.682115325182771,2.213153186781427,0.7412604569423085
4,8.620006308190604,1.0230411227067093,0.7137919251666125
4,5.766046498800942,0.9114712626435603,0.7074376780669667
4,6.18750375679987,0.7893890294650632,0.7023958387186262
4,6.614290530490545,1.1815587002035977,0.6843844892062741
4,6.5124611835342305,0.8977652114680081,0.639477099977164
4,5.257034644384964,0.9155746375675478,0.6529051977275971
4,7.938678075205547,1.211571978769454,0.6748707454954374
4,7.738117165600926,1.575905996409551,0.7580024523488731
4,7.738117165600926,1.575905996409551,0.7580024523488731
4,9.133072842882084,1.3570183703201524,0.66429356352825
4,5.7288050471782,1.4067344464747458,0.7059361104125378
4,6.770460793206131,1.3991302508671077,0.676651071583249
4,5.140810405677684,0.7070484072497024,0.6529524181840805
4,7.366160663820188,2.165810388237194,0.667749691907921
4,8.182548481660096,2.094944891429454,0.769113493175156
4,9.527821752864426,2.3447510171714927,0.7570983023173781
4,5.463806725821224,0.9078877805338942,0.7108365813483342
4,5.36424034893578,1.0211164389374277,0.7053941293836342
4,6.487964197336985,0.7293887209483411,0.6555173202841099
4,6.1684043204768795,0.918923946054595,0.7299418336764798
4,5.538353922315322,1.0263324679333126,0.7356462833961795
4,8.136985707366339,1.4203450507361501,0.6578161262239054
4,7.78614273706934,1.3605706540871627,0.7439989320792171
4,6.656167510360302,1.3274051540015992,0.7404530988406939
4,6.074240379824418,1.0770853667541231,0.6420126036944577
4,8.001333708175874,0.934511415486406,0.6862298710040023
4,8.376778912906158,1.2891060330841007,0.7587569842976225
4,8.376778912906158,1.2891060330841007,0.7587569842976225
4,6.103318629616722,1.0984685138434018,0.6584343888405336
4,6.758883514711973,1.7156866500723147,0.7592334243315576
4,6.758883514711973,1.7156866500723147,0.7592334243315576
4,5.881767522788553,1.8842187188296953,0.763745136661922
4,5.881767522788553,1.8842187188296953,0.763745136661922
4,7.006277298124547,1.5334313515028077,0.7153589319093332
4,6.14004637922642,1.215495917051225,0.6909360827645447
4,6.14004637922642,1.215495917051225,0.6909360827645447
4,6.14004637922642,1.215495917051225,0.6909360827645447
4,6.55518257111597,1.2972468871702119,0.6913472536839309
4,7.084232820675553,1.0050871737908191,0.746344409710862
4,7.084232820675553,1.0050871737908191,0.746344409710862
4,7.724002826369057,1.8038380821915427,0.7323184340142522
4,7.724002826369057,1.8038380821915427,0.7323184340142522
4,7.724002826369057,1.8038380821915427,0.7323184340142522
4,8.536721717842632,2.3178999666376807,0.6345064108054331
4,7.455792453030017,1.3325837813403332,0.7278237656653703
4,7.021414259780893,1.0554937314174215,0.7693140488223587
4,5.469249887929705,0.8430855178942901,0.6344701486414847
4,6.861212477036131,0.8033926645756666,0.6335948763229582
4,6.339240530452329,0.8677059845199417,0.6596817085717117
4,6.339240530452329,0.8677059845199417,0.6596817085717117
4,6.801054805429318,0.904887444018236,0.6698675022554843
4,4.990547499543119,0.9017426507873015,0.7279063575820779
4,6.991751687602552,1.0721590269435857,0.6749773114744243
4,8.782826193966363,1.4438362730265326,0.6581834024319241
4,6.87902530931288,1.2778998454630988,0.7586013491961232
4,9.516876339183726,1.612513799347001,0.7410479024983044
4,8.497252660282523,1.7877893813809396,0.6786372873881439
4,8.497252660282523,1.7877893813809396,0.6786372873881439
4,6.555251618852889,1.3408251843044408,0.6994763143176613
4,6.555251618852889,1.3408251843044408,0.6994763143176613
4,6.153792156814322,1.1712020012524524,0.7255757987125555
4,6.153792156814322,1.1712020012524524,0.7255757987125555
4,4.903088727575286,1.0669129980236622,0.6375113376133422
4,4.780215563565637,0.6020355559568283,0.7605089499474482
4,5.848724997045911,0.6490512233241642,0.6868255265526783
4,7.83873939085023,1.073855387290648,0.6943953364369225
4,8.104464746329501,1.5680940327755553,0.6718408137384876
4,5.18744426343546,0.8424316406329513,0.7702634092648053
4,7.169693148323056,1.6609676376824203,0.8388469160843507
4,10.31805630896815,2.1476109286458875,0.806861325108705
4,8.502774112136922,1.1960573461083177,0.6280601009028023
4,6.281207447930217,1.6762559305184384,0.8015863568847105
4,5.5046771034729405,1.138040665604918,0.7365959690414917
4,6.98227206856279,1.3056174873105224,0.7104313238854792
4,6.98227206856279,1.3056174873105224,0.7104313238854792
4,6.976721074742528,0.976088401405187,0.7101575711831936
4,6.976721074742528,0.976088401405187,0.7101575711831936
4,6.360875728229958,1.0688001625805197,0.7515419867394995
4,8.09287486583856,1.3494302375690808,0.729561212779705
4,8.890622237449284,1.8990371019616603,0.6621370331448893
4,6.197049315522036,1.0004775944142184,0.7633388439804202
4,8.480317818024965,1.4977909104463123,0.6913120211727778
4,7.23045422748475,1.6854429400982571,0.624623542767295
4,7.23045422748475,1.6854429400982571,0.624623542767295
4,7.23045422748475,1.6854429400982571,0.624623542767295
4,5.869551260723731,1.2479379099872852,0.766583802904484
4,5.869551260723731,1.2479379099872852,0.766583802904484
4,6.483375568452683,1.6041522726548465,0.6935546393108438
4,6.483375568452683,1.6041522726548465,0.6935546393108438
4,6.00745874967373,1.4280505098725589,0.7482448704019693
4,6.00745874967373,1.4280505098725589,0.7482448704019693
4,6.00745874967373,1.4280505098725589,0.7482448704019693
4,7.704867721098255,1.5291387462828225,0.7239774386095973
4,7.402246741179474,1.7474351517871094,0.7046044973672944
4,7.402246741179474,1.7474351517871094,0.7046044973672944
4,7.402246741179474,1.7474351517871094,0.7046044973672944
4,8.197930376121864,1.7308335134016226,0.7265468515212832
4,8.653578824860402,2.5645715696520073,0.669335278877674
4,8.653578824860402,2.5645715696520073,0.669335278877674
4,7.637552827564756,1.7780764153663415,0.7128106234137437
4,8.432133406354215,1.834949126891777,0.7280795527848373
4,8.432133406354215,1.834949126891777,0.7280795527848373
4,8.432133406354215,1.834949126891777,0.7280795527848373
4,5.484418405777938,0.7617818242230131,0.7270607317815523
4,8.63423829597074,1.0994402020634175,0.7566305903377826
4,7.470005718656216,1.2350241694538089,0.7358960868004486
4,7.470005718656216,1.2350241694538089,0.7358960868004486
4,7.470005718656216,1.2350241694538089,0.7358960868004486
4,7.470005718656216,1.2350241694538089,0.7358960868004486
4,6.368620768999497,0.6742115535436646,0.6849510083307379
4,5.371056445602041,0.5778353925270805,0.6770336841000499
4,5.371056445602041,0.5778353925270805,0.6770336841000499
4,4.628657148562609,0.5746734901551942,0.6801265706175038
4,4.628657148562609,0.5746734901551942,0.6801265706175038
4,4.628657148562609,0.5746734901551942,0.6801265706175038
4,4.628657148562609,0.5746734901551942,0.6801265706175038
4,4.656307125581263,0.5523981681754068,0.6997401875243616
4,4.31211254388082,0.51011582223404,0.6839401007792486
4,7.432697033677528,0.5611695081667204,0.7152405590827862
4,4.715041335375481,0.5880007320861161,0.7851848135545675
4,7.335542241727524,0.649352062933491,0.7683785702071713
4,4.881268231032059,0.519774251104543,0.6822329885429562
4,4.659830609618814,0.5092083798745473,0.7473579909217228
4,6.128573474570488,0.5126980828363223,0.7190654742092607
4,6.128573474570488,0.5126980828363223,0.7190654742092607
4,6.128573474570488,0.5126980828363223,0.7190654742092607
4,6.016567888758767,0.5056324252935871,0.7335656968475635
4,6.016567888758767,0.5056324252935871,0.7335656968475635
4,6.016567888758767,0.5056324252935871,0.7335656968475635
4,6.016567888758767,0.5056324252935871,0.7335656968475635
4,6.016567888758767,0.5056324252935871,0.7335656968475635
4,5.296808891904856,0.5068011722148016,0.7061959398776017
4,6.675399904746444,0.5098579852652535,0.6991389123574223
4,6.257730222524953,0.5061947594179146,0.7529939938999284
4,6.654665167808568,0.5191417860093845,0.6536780380814073
4,5.341318773594218,0.5239539595328564,0.7446589032041185
4,5.956452749130604,0.516613143852444,0.738007841474424
4,5.956452749130604,0.516613143852444,0.738007841474424
4,5.956452749130604,0.516613143852444,0.738007841474424
4,5.875308064856772,0.544895878844339,0.7447625627902215
4,5.53869492300186,0.5519123468644795,0.7220256442962621
4,6.2145533717338175,0.5638870427568795,0.6726597980656418
4,6.0812944850390105,0.607842565036254,0.6356768022078211
4,7.262462991768186,0.8709155110260706,0.6565892016372076
4,7.262462991768186,0.8709155110260706,0.6565892016372076
4,4.598244256827407,0.5612771051835446,0.7457000476803229
4,5.930661457359321,0.605528036209432,0.7031564638328613
4,5.258614658551123,0.6780087082046319,0.6782488561325928
4,7.309264485370759,0.9303996755735182,0.6467400957761379
4,7.680181523527234,0.9495565300742406,0.7564713178616221
4,5.287076434691487,1.2180036175979043,0.7796182083157351
4,6.454668844931953,0.9396113309167959,0.6885446708829313
4,6.454668844931953,0.9396113309167959,0.6885446708829313
4,7.927185917949602,0.7347627461423478,0.6929984904146782
4,5.052091652269104,0.6538534448178505,0.8066946841653975
4,6.850451018596404,1.7740087553971744,0.7950117556588996
4,7.4582567417101915,1.3796035099920811,0.7459221740055303
4,7.4582567417101915,1.3796035099920811,0.7459221740055303
4,7.666338243536616,1.7677396173296864,0.6551101006012634
4,7.666338243536616,1.7677396173296864,0.6551101006012634
4,7.666338243536616,1.7677396173296864,0.6551101006012634
4,7.666338243536616,1.7677396173296864,0.6551101006012634
4,7.666338243536616,1.7677396173296864,0.6551101006012634
4,7.7554477496794,1.3015111757239368,0.7238461683907641
4,7.878673309297376,1.15762178409091,0.718619358830348
4,7.878673309297376,1.15762178409091,0.718619358830348
4,9.622580381031467,3.4781741983538286,0.7033148153195208
4,9.719241650197915,2.3390397195992003,0.7137743015095039
4,9.719241650197915,2.3390397195992003,0.7137743015095039
4,9.719241650197915,2.3390397195992003,0.7137743015095039
4,9.719241650197915,2.3390397195992003,0.7137743015095039
4,6.583944394459678,1.2524159320593045,0.7286321549603213
4,6.583944394459678,1.2524159320593045,0.7286321549603213
4,7.382666774493555,1.2572439353331548,0.7049555249804599
4,6.485332742225584,0.9116363583463731,0.7378246598336252
4,6.704003246380191,1.1134399092677216,0.7139885631925499
4,7.510294579356435,1.1158625146825696,0.6978029864148718
4,6.9464837796742085,0.8727886926943744,0.7182991353063158
4,6.9464837796742085,0.8727886926943744,0.7182991353063158
4,6.9464837796742085,0.8727886926943744,0.7182991353063158
4,6.593196387926441,1.3608729537468052,0.6366609786685298
4,6.593196387926441,1.3608729537468052,0.6366609786685298
4,6.593196387926441,1.3608729537468052,0.6366609786685298
4,6.593196387926441,1.3608729537468052,0.6366609786685298
4,8.64768866524664,1.3945230125410735,0.6890132398386938
4,8.64768866524664,1.3945230125410735,0.6890132398386938
4,9.26722299215122,1.3826595697048076,0.5934839163611866
4,6.143183216140875,1.0260075779140951,0.5792860300094678
4,5.833108885214702,1.5771433731040891,0.5994535243261584
4,4.173377710374286,0.9252555324687183,0.8095064321842703
4,7.452399995231669,1.3912334638707153,0.7457602324629754
4,7.452399995231669,1.3912334638707153,0.7457602324629754
4,7.452399995231669,1.3912334638707153,0.7457602324629754
4,7.452399995231669,1.3912334638707153,0.7457602324629754
4,7.452399995231669,1.3912334638707153,0.7457602324629754
4,7.452399995231669,1.3912334638707153,0.7457602324629754
4,7.561777014274232,1.62594273490571,0.7172332135146131
4,7.561777014274232,1.62594273490571,0.7172332135146131
4,7.561777014274232,1.62594273490571,0.7172332135146131
4,9.245283606724195,1.5440597647386212,0.6947704305456897
4,9.245283606724195,1.5440597647386212,0.6947704305456897
4,8.191271582327843,2.1021215788996863,0.7982093532145448
4,8.680583811170763,1.2819832758236753,0.7857636504185874
4,8.812306391795708,1.0314645317892204,0.7712097527346743
4,6.978354238585659,0.7312504202977859,0.6755728772496441
4,6.978354238585659,0.7312504202977859,0.6755728772496441
4,7.666827096752564,0.7980529271095522,0.6924960497720245
4,7.01195128624957,0.8417647599152005,0.6894650045994855
4,7.069823152704793,0.8330291680326833,0.6783256647617989
4,6.3455609288088395,1.1124845992379309,0.6452366616734504
4,7.473205470244485,1.1845049329001371,0.6045953316568912
4,7.471508548025776,1.2624355324691738,0.6365611820204995
4,7.471508548025776,1.2624355324691738,0.6365611820204995
4,7.471508548025776,1.2624355324691738,0.6365611820204995
4,7.471508548025776,1.2624355324691738,0.6365611820204995
4,7.662870698848968,1.7358335539871557,0.7438630875929989
4,8.388855576386682,1.7983243095467027,0.6940557431247193
4,8.416845040661077,1.5303860190736764,0.6695310500987648
4,8.416845040661077,1.5303860190736764,0.6695310500987648
4,8.416845040661077,1.5303860190736764,0.6695310500987648
4,7.92158390388325,2.131435106033909,0.7564831598895639
4,7.92158390388325,2.131435106033909,0.7564831598895639
4,7.92158390388325,2.131435106033909,0.7564831598895639
4,7.888158379464275,1.1054127857800102,0.7590596951857282
4,7.43791571984762,1.1150275836679682,0.7111560030506495
4,8.184481648207555,1.551907076228177,0.7131521868310273
4,6.944750062621744,1.128151618430425,0.7591398582766133
4,6.944750062621744,1.128151618430425,0.7591398582766133
4,6.1355789606160736,1.9656212901341064,0.7520559119403039
4,7.654462581494643,1.6572289688880775,0.7009910460226606
4,6.305177243688813,1.1254569370320895,0.7516017253680234
4,6.40631421055531,1.2908774847218611,0.7488413569969667
4,6.40631421055531,1.2908774847218611,0.7488413569969667
4,6.40631421055531,1.2908774847218611,0.7488413569969667
4,6.40631421055531,1.2908774847218611,0.7488413569969667
4,6.40631421055531,1.2908774847218611,0.7488413569969667
4,5.868198715655421,0.848953393581098,0.7184341960247282
4,7.1487086158943765,1.0360726592638931,0.7108662844360102
4,7.1487086158943765,1.0360726592638931,0.7108662844360102
4,6.036573956005023,1.2929835092357904,0.6977281916336653
4,6.036573956005023,1.2929835092357904,0.6977281916336653
4,7.883854310896798,1.1566944656689517,0.6755796947121925
4,7.57189077117315,0.8925545370754024,0.6487310657649045
4,7.57189077117315,0.8925545370754024,0.6487310657649045
4,8.106574380846741,0.9763465036268779,0.6544865800606013
4,6.494458089961124,0.6900864569891794,0.6764123664678195
4,5.220945728230801,0.8297567755502684,0.6961475485058649
4,6.6138802041884075,0.921135447636651,0.7539706570186594
4,6.6138802041884075,0.921135447636651,0.7539706570186594
4,6.6138802041884075,0.921135447636651,0.7539706570186594
4,7.413938544928468,0.8696307483176413,0.7279600463591589
4,6.428959296804388,0.613371064117125,0.7240174852691984
4,6.436482838314324,0.8234163004275142,0.6858179310794781
4,6.436482838314324,0.8234163004275142,0.6858179310794781
4,6.451924497160732,0.7133336123953766,0.7305429246947513
4,6.526739062385912,0.842341226266311,0.7140867387876605
4,7.60807690889091,1.3002496132325816,0.6887551835656396
4,6.360147677119515,0.8139253238230353,0.6726339427151493
4,6.360147677119515,0.8139253238230353,0.6726339427151493
4,7.579169529930338,1.1116706431855623,0.6710490433326561
4,9.453012127250357,2.06991191027117,0.6623990569542887
4,7.708591127393038,2.3357050456745867,0.663663199758485
4,6.168477728186579,1.4039608954598872,0.7335143870560967
4,7.275108971592311,0.9196489223532618,0.6784414159541416
4,7.275108971592311,0.9196489223532618,0.6784414159541416
4,6.880526915245705,1.3455709676886172,0.738938640887912
4,6.56602706112956,1.58659814021161,0.6980075349763911
4,7.227173985364163,1.3307110907320427,0.6235890449432733
4,6.710722097996123,0.78768489254959,0.6812496813310659
4,5.893519464004213,0.7609692016035902,0.7902462773056415
4,7.857324057106766,0.8386585925288756,0.7424314769629418
4,5.166434987067421,0.7281244891787082,0.7457653913546975
4,5.166434987067421,0.7281244891787082,0.7457653913546975
4,6.760475434914909,1.7269647206060241,0.7147266713418042
4,6.321001785501276,0.8635829292881128,0.6454777934880503
4,6.650648842450688,1.1573584115857765,0.6451801900320374
4,5.517418740864524,1.2702937832845238,0.6735762182610135
4,7.701056362014638,1.0568375749970764,0.6486893008298972
4,6.977079654172432,1.670736231068168,0.6693982609038452
4,6.977079654172432,1.670736231068168,0.6693982609038452
4,7.129071775541995,1.3138125144103971,0.6913476067281683
4,7.129071775541995,1.3138125144103971,0.6913476067281683
4,6.742957620939592,1.6761075187148624,0.7100997642451893
4,8.616481045622884,1.8262432798044315,0.7536204409529499
4,11.198916908610508,3.7452612035192927,0.7234605366074096
4,7.564847773779683,1.4816016359525133,0.7212775575852882
4,6.24776146146888,1.620983051989335,0.7464944143965319
4,7.988328556675203,1.7835857238556747,0.747317110492604
4,7.988328556675203,1.7835857238556747,0.747317110492604
4,7.988328556675203,1.7835857238556747,0.747317110492604
4,8.829125627293381,2.132794654364206,0.7671520373909759
4,6.223042738119814,1.204621190472582,0.7111497716491453
4,6.223042738119814,1.204621190472582,0.7111497716491453
4,7.375178006314706,1.430389293529148,0.6319002432423363
4,6.862805713757091,0.8535134696959596,0.7195417558366914
4,6.430881023689034,0.6647259846632496,0.7355034201134759
4,4.502266512154698,0.5469461736497839,0.7716438784191039
4,5.807328055142125,0.5299636673598894,0.7128174868552706
4,6.144657963154273,0.5193702079048589,0.7577466550530393
4,6.144657963154273,0.5193702079048589,0.7577466550530393
4,6.144657963154273,0.5193702079048589,0.7577466550530393
4,6.144657963154273,0.5193702079048589,0.7577466550530393
4,6.144657963154273,0.5193702079048589,0.7577466550530393
4,5.054583458475874,0.5087321549626085,0.7553927034500217
4,6.185589430989655,0.5041671366181958,0.7256182656524767
4,5.984326597984529,0.5023326157841792,0.6736614201273474
4,4.985062857400071,0.5038128805651212,0.6748739587938675
4,5.861382873836488,0.5034639725283935,0.7105128937962439
4,6.696642840185535,0.5022674085329543,0.757857979514768
4,6.696642840185535,0.5022674085329543,0.757857979514768
4,4.276897548118061,0.5048587967687053,0.7140823509457033
4,4.872204965007931,0.5081566555493483,0.7328365266663329
4,6.131273163744894,0.6028445686357201,0.668942183541764
4,6.131273163744894,0.6028445686357201,0.668942183541764
4,4.9175808944910315,0.5722714855889394,0.6805230613457626
4,4.9175808944910315,0.5722714855889394,0.6805230613457626
4,5.8801674906485175,0.6334052758271106,0.6661345279509642
4,6.501631690085629,0.6826678843964005,0.7611073496564233
4,5.597189646185467,1.1616170769223406,0.7086617988590572
4,5.2936656118096375,0.7021770251581181,0.7087935683733587
4,5.4605136383679795,0.9392438475358591,0.6756149863528098
4,5.428047298197025,0.7895538819048598,0.7128361389773563
4,6.398470959673449,1.0261643786837946,0.7703641639575649
4,6.398470959673449,1.0261643786837946,0.7703641639575649
4,6.050430031825179,0.8522902432476449,0.7200788442407162
4,6.050430031825179,0.8522902432476449,0.7200788442407162
4,6.004971631952016,0.8244071134575839,0.7104024750959005
4,8.083704578740793,1.1130691744955115,0.6829790331783948
4,7.924145231454655,1.7873710054472105,0.7349263670909596
4,7.541614131396848,1.3191373748767545,0.6844883515662097
4,7.541614131396848,1.3191373748767545,0.6844883515662097
4,7.541614131396848,1.3191373748767545,0.6844883515662097
4,7.541614131396848,1.3191373748767545,0.6844883515662097
4,7.541614131396848,1.3191373748767545,0.6844883515662097
4,7.541614131396848,1.3191373748767545,0.6844883515662097
4,6.391197158359124,1.2672489809450092,0.6307047719755221
4,6.391197158359124,1.2672489809450092,0.6307047719755221
4,7.7962783108364535,1.3559824019714297,0.7432659363316722
4,7.688077088885529,2.522251000864546,0.6988516201453464
4,8.65933745599529,2.4511363711736402,0.6420001526223339
4,7.816935410605946,3.119666593851898,0.599445794023565
4,9.436960456668412,2.1797088432602507,0.6702698114288657
4,9.436960456668412,2.1797088432602507,0.6702698114288657
4,6.480759466059084,2.0287870765599143,0.6840461115540954
4,6.480759466059084,2.0287870765599143,0.6840461115540954
4,6.794942245863073,2.2802712838441197,0.6439965576220098
4,7.617472367614958,1.9292731215461523,0.7493513555935049
4,5.260724533670968,0.5516187902253108,0.765734735805318
4,5.855158653320654,0.5345353662166713,0.7249024985043159
4,6.718202333116688,0.5465215567339213,0.7001925067558709
4,6.840056484184708,0.6569751722864157,0.647308238853535
4,6.198783280114149,0.7568662681368086,0.6635259027965741
4,5.3801965524181385,0.7394537226319365,0.6476964224129099
4,7.242875034762389,0.9245319383586259,0.7117475786926547
4,7.661024243694179,1.3792118625911525,0.7207588157533729
4,5.678536389251505,1.1090687053226074,0.7802249227015047
4,7.116485622189792,0.9460507009030885,0.6912141942925997
4,7.2338972826975665,1.192519432641002,0.718089632091358
4,7.2338972826975665,1.192519432641002,0.718089632091358
4,7.2338972826975665,1.192519432641002,0.718089632091358
4,7.2338972826975665,1.192519432641002,0.718089632091358
4,7.2338972826975665,1.192519432641002,0.718089632091358
4,7.2338972826975665,1.192519432641002,0.718089632091358
4,7.2338972826975665,1.192519432641002,0.718089632091358
4,7.2338972826975665,1.192519432641002,0.718089632091358
4,7.679918058151598,1.3218512717715643,0.6909310779561275
4,7.679918058151598,1.3218512717715643,0.6909310779561275
4,7.3401471167234185,1.3498936942829838,0.6979510076072903
4,6.055213945334412,1.335507877102549,0.7009625753216059
4,7.614492596636788,1.4264248327389057,0.7354514603375497
4,6.509447246432284,0.988984270852463,0.815669532307119
4,7.732384256449994,1.4732474358396952,0.8071336463740518
4,6.540415829850328,1.7866130468153885,0.8188465958302239
4,6.129441330862396,1.1130566264847732,0.7246358459102523
4,8.031810461782113,1.8396974957379781,0.7182183629535706
4,8.433258784573374,1.7377846036198186,0.6443229826425485
4,7.603223927988166,1.46584315218435,0.7148331226300262
4,7.603223927988166,1.46584315218435,0.7148331226300262
4,7.603223927988166,1.46584315218435,0.7148331226300262
4,7.603223927988166,1.46584315218435,0.7148331226300262
4,7.603223927988166,1.46584315218435,0.7148331226300262
4,7.603223927988166,1.46584315218435,0.7148331226300262
4,7.603223927988166,1.46584315218435,0.7148331226300262
4,7.603223927988166,1.46584315218435,0.7148331226300262
4,7.603223927988166,1.46584315218435,0.7148331226300262
4,7.603223927988166,1.46584315218435,0.7148331226300262
4,7.603223927988166,1.46584315218435,0.7148331226300262
4,7.075579213277435,1.049311906353943,0.707730154681847
4,5.139850665288684,0.7648538315881916,0.6898615390792526
4,5.139850665288684,0.7648538315881916,0.6898615390792526
4,5.139850665288684,0.7648538315881916,0.6898615390792526
4,5.139850665288684,0.7648538315881916,0.6898615390792526
4,5.92593243229557,1.1564622196606278,0.7292678464761015
4,6.270812308317323,1.198415472220137,0.7666450576539852
4,6.270812308317323,1.198415472220137,0.7666450576539852
4,6.933237216528047,2.2589653551585616,0.6462953689149187
4,6.066458188195526,1.5096245940182267,0.7303343768257816
4,6.252504330138948,1.5133291811320557,0.8410080308585361
4,5.402952607067072,1.3462550467731886,0.8090653520340977
4,5.02668209214323,1.6612617789926583,0.7156579740142508
4,5.008662194487906,0.6711373541881571,0.7778605964937491
4,7.468546952743279,0.9764780007017562,0.7206509157432632
4,7.468546952743279,0.9764780007017562,0.7206509157432632
4,7.173682903384201,0.9351392807809328,0.7130933953569173
4,7.173682903384201,0.9351392807809328,0.7130933953569173
4,7.173682903384201,0.9351392807809328,0.7130933953569173
4,7.173682903384201,0.9351392807809328,0.7130933953569173
4,7.173682903384201,0.9351392807809328,0.7130933953569173
4,8.491633123659485,1.7323228315588888,0.6895287970009558
4,9.12450399426932,1.295517287138897,0.7223723935853531
4,8.158970589479086,1.0014868721597074,0.6839959592775767
4,8.762971100063842,1.300810900387304,0.647721135460424
4,8.050586453312292,1.051691074039609,0.7201747906694616
4,6.269412624434416,0.8553581683160065,0.7034765764494151
4,6.269412624434416,0.8553581683160065,0.7034765764494151
4,6.674425211217105,0.9717776831950415,0.7186290257967066
4,7.216147157809193,1.2316029023788113,0.806657727414908
4,5.38726862900421,1.3449069361532082,0.7623945636913286
4,7.2259009291249034,1.1643829461833577,0.8081266913077134
4,9.689205190611297,1.4886816532935343,0.7350028133189775
4,8.305819895290982,1.7597316854897687,0.7543886377485732
4,6.493378223852642,1.1607658023180463,0.7590768276661615
4,7.314134686976167,1.6520279180460837,0.7645306940589051
4,6.357148262340631,1.423157114159625,0.7746760718654997
4,6.372180878863716,1.8073167205004037,0.6756341364228464
4,6.372180878863716,1.8073167205004037,0.6756341364228464
4,6.372180878863716,1.8073167205004037,0.6756341364228464
4,7.0164408503705475,1.9833261672115239,0.6842127490823396
4,8.990115813646135,1.7703002713108735,0.7386700994901689
4,8.990115813646135,1.7703002713108735,0.7386700994901689
4,8.990115813646135,1.7703002713108735,0.7386700994901689
4,8.990115813646135,1.7703002713108735,0.7386700994901689
4,8.990115813646135,1.7703002713108735,0.7386700994901689
4,8.990115813646135,1.7703002713108735,0.7386700994901689
4,7.459036167522347,2.2614254766715485,0.7358367801175456
4,9.346549271960814,2.365631997988789,0.6626336290147243
4,9.346549271960814,2.365631997988789,0.6626336290147243
4,8.676462439150669,2.211480931662386,0.7825460834377206
4,8.80136392126405,1.0199731467052677,0.7775612357450528
4,7.108125501222095,1.3687885299970823,0.7751644184033597
4,8.545125290487535,1.6000960635718982,0.7408857623500479
4,8.545125290487535,1.6000960635718982,0.7408857623500479
4,7.188163779483726,1.7259570953677468,0.7866168071434402
4,6.203560072663574,1.4005576853542445,0.7579465043109581
4,5.6158277531047895,0.8629811428545753,0.701848784805932
4,5.5497183625278765,1.277245610809488,0.7947208359806177
4,6.658199304154556,1.254865429082693,0.8017922989655265
4,7.020741656196487,1.042576723487933,0.8183312995260502
4,4.925162770009919,1.0053516405099743,0.8050078056242259
4,7.22063202526298,1.8867666213341827,0.7760111133553284
4,7.22063202526298,1.8867666213341827,0.7760111133553284
4,5.709253884800381,1.0281585569904466,0.6863872036982883
4,5.709253884800381,1.0281585569904466,0.6863872036982883
4,7.029223416803156,1.3912338760591116,0.7571103036386425
4,7.029223416803156,1.3912338760591116,0.7571103036386425
4,6.202612517223047,0.99248416630984,0.7459934061982187
4,10.126896777111819,2.384581232411983,0.7159252430148522
4,8.956511982205186,1.6426050421222496,0.7917349927070642
4,6.753069837211984,0.7429997979883562,0.7307308941851066
4,5.512685667677238,0.7353293051658509,0.7625576816222788
4,5.461313592775874,0.828718279974992,0.7028627879210363
4,7.7586399547016764,1.4124637313169468,0.7904806960769089
4,6.633229895419305,1.0016370763789224,0.7161597534719156
4,6.748941323288784,0.9231734323731311,0.7427559204491893
4,6.040288883547293,0.9937368226026226,0.6723320873046935
4,5.812626285432289,1.1023912005615801,0.6592190054356892
4,7.9132126854803,1.8151055901751767,0.6438586732846162
4,7.958508413908152,2.132373905411698,0.6688759306475324
4,7.958508413908152,2.132373905411698,0.6688759306475324
4,7.958508413908152,2.132373905411698,0.6688759306475324
4,7.958508413908152,2.132373905411698,0.6688759306475324
4,7.958508413908152,2.132373905411698,0.6688759306475324
4,7.494617373846077,1.73186402134277,0.6783245459108467
4,7.494617373846077,1.73186402134277,0.6783245459108467
4,7.494617373846077,1.73186402134277,0.6783245459108467
4,8.542550460087877,2.2223755055141963,0.6610047052302802
4,6.914419914622242,1.0682595131022259,0.6817112980052573
4,6.914419914622242,1.0682595131022259,0.6817112980052573
4,6.914419914622242,1.0682595131022259,0.6817112980052573
4,6.436361365055334,1.2993403564859345,0.748571272586852
4,6.436361365055334,1.2993403564859345,0.748571272586852
4,10.446596643576436,1.4160017386812727,0.6926582121378181
4,8.616526976550578,1.7878217062180852,0.6648721055964165
4,7.104076165515662,1.3810153190001038,0.7222466987580096
4,7.175154269231352,1.658197559265071,0.6806335642776264
4,8.15954267716112,1.3175629614288078,0.6909696343900833
4,7.383981049973763,1.3203851259498323,0.7875804668753791
4,6.209294293044077,1.2730199176804555,0.6754519172713007
4,6.209294293044077,1.2730199176804555,0.6754519172713007
4,6.209294293044077,1.2730199176804555,0.6754519172713007
4,8.061132326855802,1.4867256576244638,0.6980749253679231
4,6.321801646093645,0.9392112079663186,0.7964357107981419
4,5.379263646074791,0.9001386437891747,0.666221470344326
4,6.901527577400137,1.4601183487029576,0.7986080007228155
4,7.806960426174677,1.1229727514869101,0.7804926355848903
4,7.19745252447119,1.3983868023095662,0.8111213038292939
4,6.387404936002824,1.2211941837612645,0.7603227421208537
4,8.134987027844478,1.5778148457041727,0.6904543702183005
4,8.829674382457847,1.6902209081246504,0.6554471182789356
4,6.748452687173092,1.523883539302132,0.710773340262814
4,8.189343397691207,1.7013641099523407,0.6998619834717705
4,8.189343397691207,1.7013641099523407,0.6998619834717705
4,9.006481155536042,2.6220895945860527,0.7927952198306867
4,7.414128280232899,2.4509605510609846,0.7738017226775152
4,7.414128280232899,2.4509605510609846,0.7738017226775152
4,7.414128280232899,2.4509605510609846,0.7738017226775152
4,6.426484871359222,1.6724677384831739,0.715285811361728
4,6.703519896691654,1.4313805558179364,0.7577556196620936
4,8.329178095652242,1.1217354369024601,0.6548953003592339
4,6.595952107325517,0.7134461522135269,0.7107119415806327
4,6.786696786952131,0.9191804355804944,0.6926315557814586
4,6.786696786952131,0.9191804355804944,0.6926315557814586
4,6.777987984274364,1.152507157112029,0.7636143528741606
4,6.006113281712509,1.8170037463725497,0.6883447360154681
4,10.15868184367986,1.4313417749832775,0.6552326438213961
4,7.4284030914551735,1.3457207983311212,0.7435783279482918
4,7.4284030914551735,1.3457207983311212,0.7435783279482918
4,7.000033254201198,1.4191336521433406,0.6657185618934668
4,8.214682294938084,2.3666350498484094,0.6575445248457196
4,5.34336581751397,0.9114833098997793,0.7178689442597243
4,5.34336581751397,0.9114833098997793,0.7178689442597243
4,7.072577480321966,1.2429777633767478,0.7591902716306929
4,8.071982367970115,0.6730665778102598,0.8054350240101079
4,8.071982367970115,0.6730665778102598,0.8054350240101079
4,5.37846008496401,0.5479872864674521,0.8147023107712044
4,6.187793377313437,0.5588564220137734,0.8575870031409459
4,3.9059848599232416,0.5635264497673471,0.816923676205425
4,5.658091164592042,0.5450935335057921,0.7707290999951676
4,6.843724427693514,0.5583937972014041,0.7274465021997485
4,8.024122197436451,0.5830701232777846,0.7561340173038227
4,7.06246217010852,0.7451749748973062,0.6270317551039493
4,7.521298140385118,0.5487959984912033,0.670192199356888
4,5.443345659328948,0.6006700949374633,0.7329167131155699
4,6.035453099012012,0.6708335201967348,0.6599638890216739
4,6.849668551574152,1.05156806105906,0.6133550111800227
4,7.174323647411322,1.468531972344056,0.7254356504964397
4,9.534349657149857,1.7517960311490677,0.6885949073338807
4,8.658675987380573,1.744449134065757,0.7655408977181141
4,6.5383872845579685,1.115369313490279,0.7142287442207922
4,6.622993263753956,1.0238195495686333,0.7173869354173849
4,6.609924520208003,1.4479361870312037,0.7357954188959636
4,6.609924520208003,1.4479361870312037,0.7357954188959636
4,7.331019984878491,1.3437627713420477,0.649847747920559
4,8.458457484247806,2.0820107397721834,0.7145826315854468
4,8.911744020988868,1.8620273466753652,0.6950556666188625
4,8.911744020988868,1.8620273466753652,0.6950556666188625
4,6.7477371370303505,1.2059791870200751,0.7122561445756335
4,6.7477371370303505,1.2059791870200751,0.7122561445756335
4,6.7477371370303505,1.2059791870200751,0.7122561445756335
4,6.7477371370303505,1.2059791870200751,0.7122561445756335
4,6.7477371370303505,1.2059791870200751,0.7122561445756335
4,6.7477371370303505,1.2059791870200751,0.7122561445756335
4,8.935098704063758,1.494758648507319,0.7579907418281379
4,8.261264155017514,1.558616297299545,0.7270700730237541
4,8.261264155017514,1.558616297299545,0.7270700730237541
4,8.524257655600831,1.59632576143068,0.72814732107592
4,8.524257655600831,1.59632576143068,0.72814732107592
4,8.408902776015214,2.398992046013814,0.7337414357006432
4,8.16643526713641,1.7353481334678136,0.7019967410342258
4,8.16643526713641,1.7353481334678136,0.7019967410342258
4,7.826675472426682,1.2972042034363995,0.6913370329145972
4,6.731027337869009,1.0043071742857457,0.7277451409159513
4,8.379917247485247,1.0968937285348197,0.6386964682283962
4,8.116150835289552,1.7009757775510095,0.6956468641744572
4,9.151583352631741,2.67846028192452,0.7057111135413543
4,7.320083511682019,1.8361985932180043,0.687933262899474
4,7.320083511682019,1.8361985932180043,0.687933262899474
4,8.372565112023747,1.406757124255936,0.7496328507201478
4,8.372565112023747,1.406757124255936,0.7496328507201478
4,7.4627128444975,1.2624870317395804,0.792551002105039
4,6.439145316905459,1.0005605992468243,0.7544403351318949
4,6.439145316905459,1.0005605992468243,0.7544403351318949
4,7.890086102860782,0.7582241195798192,0.7759551642259503
4,4.749351849132228,0.5173960892402049,0.7927892101624472
4,6.341028846338697,0.5148304599830488,0.6929646155121685
4,6.538926237277242,0.5280633445608462,0.7487539172106554
4,7.294084349565354,0.5390127388971014,0.7277624784760112
4,5.075550073725833,0.5158099345077016,0.7226026457770679
4,8.185044960863816,0.541071426292964,0.7458704806301766
4,8.185044960863816,0.541071426292964,0.7458704806301766
4,6.576207533250006,0.5279621237855365,0.8056913854979788
4,5.371931346187129,0.5298116464499849,0.7762454532836978
4,6.026455525221844,0.5287667394238151,0.6515173060104265
4,5.910794736335141,0.5261858688931581,0.6316034707518137
4,6.684154235502631,0.5143817308094513,0.6758807155272957
4,6.662359760155623,0.5902178118381332,0.7311518436850382
4,4.565813811522202,0.6297793374616341,0.7508843092821621
4,5.4749721793005595,0.6688040383200785,0.747114642820909
4,5.4749721793005595,0.6688040383200785,0.747114642820909
4,5.619832749965776,0.6677230546608354,0.7798702813448217
4,5.619832749965776,0.6677230546608354,0.7798702813448217
4,7.653393072993241,0.9343714696255322,0.758016375005522
4,6.919775595741554,1.416314948467703,0.8019786927324646
4,6.555282775662472,1.1407974998969144,0.7204252093848802
4,6.555282775662472,1.1407974998969144,0.7204252093848802
4,6.645558100567914,1.2242400224805792,0.6790469041107535
4,8.64403562179011,2.288669719151442,0.7021223469540896
4,8.64403562179011,2.288669719151442,0.7021223469540896
4,8.64403562179011,2.288669719151442,0.7021223469540896
4,8.64403562179011,2.288669719151442,0.7021223469540896
4,8.64403562179011,2.288669719151442,0.7021223469540896
4,8.64403562179011,2.288669719151442,0.7021223469540896
4,8.64403562179011,2.288669719151442,0.7021223469540896
4,8.64403562179011,2.288669719151442,0.7021223469540896
4,8.289735030047433,1.6798636792680124,0.7125086932056516
4,8.289735030047433,1.6798636792680124,0.7125086932056516
4,8.289735030047433,1.6798636792680124,0.7125086932056516
4,6.314571674678577,1.326990799189454,0.671758730521261
4,6.314571674678577,1.326990799189454,0.671758730521261
4,6.314571674678577,1.326990799189454,0.671758730521261
4,6.314571674678577,1.326990799189454,0.671758730521261
4,7.4205815553111805,1.8888307465316987,0.6889266528792566
4,7.564741627529467,2.334916205770925,0.6942209642983747
4,7.564741627529467,2.334916205770925,0.6942209642983747
4,7.564741627529467,2.334916205770925,0.6942209642983747
4,7.05002492666613,1.6916323937644868,0.7618734856306395
4,7.05002492666613,1.6916323937644868,0.7618734856306395
4,7.05002492666613,1.6916323937644868,0.7618734856306395
4,8.042596739160846,2.419298428824032,0.6647250127648475
4,8.042596739160846,2.419298428824032,0.6647250127648475
4,7.461532639242945,1.5797664817833534,0.717486268492456
4,7.268985430349569,0.9374749543000267,0.6929858565868571
4,7.268985430349569,0.9374749543000267,0.6929858565868571
4,6.973714399476667,1.2677299396747048,0.6744468592088055
4,6.554015947821515,1.0610488716553148,0.7043086958545677
4,5.469720310110174,0.7229910178264912,0.7728716202712027
4,5.8889555993635465,0.8084652344148113,0.7647581449548543
4,7.628287227376235,0.7098949915322915,0.7199418087810696
4,7.0985714666186865,0.9311073838427306,0.6368427631480478
4,7.902360911879409,0.9360787546185028,0.7215685963857178
4,6.006837016885497,0.7237622894821015,0.7698350881601705
4,6.886345679387692,0.5792455786919103,0.7037552435715199
4,6.047786520507656,0.6390951700553095,0.752289365467441
4,6.304049952173747,0.9319266557856045,0.8106863277538502
4,6.304049952173747,0.9319266557856045,0.8106863277538502
4,8.440665394486246,1.9652075104485027,0.8716461243263264
4,6.895269924212909,2.949902919003251,0.7896743159156266
4,9.985141285120351,2.9284085039212497,0.6853959778886247
4,8.951607890416774,3.0279874304762178,0.6928570168381266
4,5.87358466692899,1.4062045586125937,0.7655081845929171
4,6.677079454808525,1.1252963587322657,0.7858729200515706
4,6.677079454808525,1.1252963587322657,0.7858729200515706
4,7.6109805624861275,1.2183326493809112,0.7776762137317864
4,7.620809286377241,1.1430265587795443,0.7077565868116188
4,9.00168055347738,1.5847866202464296,0.6999966880045058
4,6.617747485302878,0.8769690551696543,0.6608668880316267
4,6.935834952597286,2.1245234504438795,0.666877762035236
4,7.797663988511561,1.5957628445622583,0.6182511652492123
4,6.325771023213638,1.1338570925220406,0.6787228495197616
4,6.325771023213638,1.1338570925220406,0.6787228495197616
4,6.325771023213638,1.1338570925220406,0.6787228495197616
4,6.876115399921276,1.6872390330309168,0.7073510257165866
4,9.376753899072476,1.857386272239513,0.6570532706639811
4,9.069676830407845,1.5890128112911217,0.7603624038885466
4,6.938507335441898,1.8728436910592137,0.7641446825777763
4,6.068337150490884,1.3155705409709335,0.6852819457949229
4,9.788680857568268,2.5850069304485523,0.7385980291525936
4,9.132428082923454,2.6911592540163025,0.7173819301752623
4,9.132428082923454,2.6911592540163025,0.7173819301752623
4,6.650474341872943,2.231002155764012,0.6986377335747018
4,8.028913096269417,1.6700939530926262,0.6459485761349552
4,5.787487282970011,1.403862313790814,0.6832920276004446
4,5.787487282970011,1.403862313790814,0.6832920276004446
4,7.092846436042608,0.9268558040921644,0.7646835688588602
4,6.16361966612242,0.7940957970353945,0.71415449111829
4,6.16361966612242,0.7940957970353945,0.71415449111829
4,6.16361966612242,0.7940957970353945,0.71415449111829
4,6.16361966612242,0.7940957970353945,0.71415449111829
4,6.16361966612242,0.7940957970353945,0.71415449111829
4,6.773607608568033,0.9130657657646253,0.7705485630641898
4,7.9365490879177365,1.105391230473792,0.7082994376549723
4,9.301693430753506,1.9535620683494386,0.7323157677404144
4,9.301693430753506,1.9535620683494386,0.7323157677404144
4,9.301693430753506,1.9535620683494386,0.7323157677404144
4,9.301693430753506,1.9535620683494386,0.7323157677404144
4,5.848828341850393,1.189714487133691,0.7904837521639301
4,7.041177629590083,0.7154953260302387,0.6153428482444409
4,7.795775162143691,1.1628474527286226,0.7239633255376511
4,7.795775162143691,1.1628474527286226,0.7239633255376511
4,8.509512304826117,2.123498177676142,0.6886413752932514
4,7.133997774030131,1.657298704505188,0.7220343223903366
4,6.644845434617333,1.593047443143573,0.8116208078350856
4,6.766544360330628,1.4324347657338943,0.7452034590491297
4,5.869920049492055,1.3391750228020203,0.7177726790234271
4,9.05006134304426,2.024278466539937,0.676261448115063
4,9.05006134304426,2.024278466539937,0.676261448115063
4,9.05006134304426,2.024278466539937,0.676261448115063
4,5.376407721062423,0.8527323401171725,0.7477983053348074
4,6.841697351991905,0.812531905846229,0.686728322692709
4,6.403733552983261,0.605338981567492,0.67992236839002
4,6.800528327604172,0.6277810243060454,0.7298546045485035
4,6.753107381141327,0.6841700036971106,0.740129314328944
4,7.944697772426922,1.4899924980242303,0.6302077781735442
4,7.944697772426922,1.4899924980242303,0.6302077781735442
4,7.095464692584337,1.1796621651241561,0.7470410444743508
4,7.502990955698346,1.1868762372402029,0.653030105816057
4,9.359543999752297,1.740447822358708,0.7039065449403982
4,7.540538634876982,2.471153363853566,0.7387524999015019
4,6.7617840273004255,2.2548897221467206,0.6811788874288328
4,7.9171675822146605,2.030731579046518,0.6060600816293821
4,7.9171675822146605,2.030731579046518,0.6060600816293821
4,8.233161725468483,2.3654578705292595,0.6464075179370585
4,8.233161725468483,2.3654578705292595,0.6464075179370585
4,8.791656404982572,1.6673502982040198,0.6717002556252764
4,7.163645665026982,2.1640883088435228,0.6700188245434229
4,7.2703245431549055,2.31836366719909,0.7436134411596105
4,8.168005152322245,2.2042320668621804,0.6948190731727105
4,8.412978908170576,2.127766280313785,0.7072965731249213
4,8.412978908170576,2.127766280313785,0.7072965731249213
4,8.412978908170576,2.127766280313785,0.7072965731249213
4,6.642230352903424,2.112105886410902,0.7688092646431436
4,7.435843186582277,1.8772750706343273,0.746873050640799
4,6.020907084070852,1.112142181293564,0.7109516917907494
4,6.864468341724453,0.8855904319621096,0.6881561664740198
4,6.864468341724453,0.8855904319621096,0.6881561664740198
4,6.541537136097978,1.0041052964562676,0.6794343649345311
4,8.091496413447128,1.2025568819337942,0.6272172872288372
4,4.958412027270995,0.8713526051073448,0.7110446042852071
4,8.747904389475208,2.5943027712991595,0.6304637796625715
4,8.747904389475208,2.5943027712991595,0.6304637796625715
4,7.5322146321736465,1.8054891455487379,0.6080615325898406
4,9.154511573010089,1.481660658060039,0.6399824395764285
4,9.60678675499502,1.1095781484428773,0.6731342506882937
4,7.091550147267758,1.133098205831028,0.7678266468340953
4,8.797292231446724,2.7358073304248687,0.7821395910041907
4,8.797292231446724,2.7358073304248687,0.7821395910041907
4,6.085966919120352,1.6192583557284992,0.7429839302243396
4,7.583912832172882,1.8907742626310453,0.7369987960119387
4,7.583912832172882,1.8907742626310453,0.7369987960119387
4,8.138487087078463,1.8702506533903653,0.7146171313370465
4,8.138487087078463,1.8702506533903653,0.7146171313370465
4,8.138487087078463,1.8702506533903653,0.7146171313370465
4,8.138487087078463,1.8702506533903653,0.7146171313370465
4,6.899417729550905,1.4999869864397868,0.7385264266445649
4,7.963446479484127,1.3159230801500694,0.6289828860505494
4,6.951974029277769,0.6799232417379727,0.6747270482328341
4,7.1426108539784625,0.7489697801281243,0.6678899262821031
4,7.1426108539784625,0.7489697801281243,0.6678899262821031
4,5.644718104644015,0.8887733196510312,0.7521044760614224
4,4.616641718933079,0.7186962172439627,0.7586954777679267
4,5.949413192498143,0.7301824808314564,0.7796146759801569
4,5.949413192498143,0.7301824808314564,0.7796146759801569
4,6.599004849078757,0.832590827504819,0.6829053280382275
4,6.8502882604890205,0.9606013253094128,0.693279614269034
4,6.099662755418221,1.1281861088737495,0.742428212539386
4,5.861360549768722,0.8306383093794761,0.7333764167938981
4,5.861360549768722,0.8306383093794761,0.7333764167938981
4,5.861360549768722,0.8306383093794761,0.7333764167938981
4,5.861360549768722,0.8306383093794761,0.7333764167938981
4,6.219383997845123,1.3791210737890838,0.6675107800893592
4,6.219383997845123,1.3791210737890838,0.6675107800893592
4,7.8791168418222215,1.6866992053886256,0.6362581555307144
4,7.8791168418222215,1.6866992053886256,0.6362581555307144
4,7.8791168418222215,1.6866992053886256,0.6362581555307144
4,7.353357662841456,1.7349520704123276,0.7604534500505792
4,7.353357662841456,1.7349520704123276,0.7604534500505792
4,7.353357662841456,1.7349520704123276,0.7604534500505792
4,7.90423482718241,1.4319778907603862,0.7134636952288247
4,7.90423482718241,1.4319778907603862,0.7134636952288247
4,6.380917670546872,1.5934637150425706,0.7759992696111995
4,6.023250235856466,0.8899923046197179,0.792762424519298
4,6.03851840946121,0.9181908761023245,0.7240299161036935
4,6.03851840946121,0.9181908761023245,0.7240299161036935
4,6.689000569741215,1.1806438660833658,0.7209031915095303
4,6.689000569741215,1.1806438660833658,0.7209031915095303
4,6.689000569741215,1.1806438660833658,0.7209031915095303
4,7.078435465532735,1.1642577790918311,0.7041599393034732
4,7.078435465532735,1.1642577790918311,0.7041599393034732
4,4.8458868493481635,0.7281199999470338,0.7424409297742617
4,6.603480349879511,0.7633811820548041,0.7500296448815452
4,6.345119329242458,1.0220838828058474,0.779933409330009
4,6.292893004138266,1.1551463386174707,0.6995658077994
4,7.238234806080281,1.424762237586641,0.6466828364622259
4,7.040681530432146,1.033054926780773,0.7280117816646559
4,7.040681530432146,1.033054926780773,0.7280117816646559
4,7.033009332645774,0.8297538826725757,0.6891827451150963
4,9.441401269294678,1.9824556269025726,0.6498080942668158
4,8.889330308071493,1.4225398196231218,0.7277037997249562
4,6.208856458154934,1.3470133229083308,0.7327276176550912
4,7.084129727508256,1.0202593142385876,0.6860410851484201
4,7.084129727508256,1.0202593142385876,0.6860410851484201
4,7.084129727508256,1.0202593142385876,0.6860410851484201
4,7.725663470052794,0.9525984495052321,0.722109515707749
4,7.725663470052794,0.9525984495052321,0.722109515707749
4,5.203235409838063,1.3198204372931823,0.7095403712005895
4,5.203235409838063,1.3198204372931823,0.7095403712005895
4,8.249357708576927,1.5445590376443903,0.7611063995719893
4,9.058610152898446,1.5170869429256204,0.6784070440886255
4,9.058610152898446,1.5170869429256204,0.6784070440886255
4,7.485037692595674,1.2001709544624253,0.6773016684791408
4,6.335179272025349,1.235623734505184,0.7187387464386839
4,7.011477903771172,1.0412526525855776,0.6695380705036483
4,7.011477903771172,1.0412526525855776,0.6695380705036483
4,7.011477903771172,1.0412526525855776,0.6695380705036483
4,8.211771127123878,1.4250527749025816,0.6381130291645436
4,6.743281994986674,0.7740119427704343,0.7619397361032036
4,6.92950987481854,0.853854621015458,0.7829228251445514
4,6.92950987481854,0.853854621015458,0.7829228251445514
4,5.998573735871482,0.7290180264216448,0.7836422251047905
4,7.22366370982504,1.0438911732068967,0.643649373534325
4,6.396155011607359,1.110993202338245,0.6222272301921011
4,6.528350869225444,1.7759871908496705,0.6630815025605071
4,7.805176220724178,1.7701948997238042,0.6724347695950282
4,7.805176220724178,1.7701948997238042,0.6724347695950282
4,7.805176220724178,1.7701948997238042,0.6724347695950282
4,7.227433238954532,1.4755202190694328,0.7340142181465118
4,7.943024411649993,1.4734392829630076,0.662603001263291
4,7.943024411649993,1.4734392829630076,0.662603001263291
4,7.943024411649993,1.4734392829630076,0.662603001263291
4,7.747957064381723,1.570096931486855,0.6792413208589028
4,9.6764817588048,1.3919415407112234,0.7193358411910477
4,7.2255216886178655,1.2863596365061527,0.720138117915475
4,7.2255216886178655,1.2863596365061527,0.720138117915475
4,9.089609187153767,2.23079830476134,0.7297994240267138
4,9.089609187153767,2.23079830476134,0.7297994240267138
4,7.826615968521461,2.259682554342766,0.7104380343254746
4,8.559312605805975,1.4977593051229399,0.759418743823172
4,7.789317130788711,1.3652890396781499,0.7314624367371169
4,6.42275077679868,1.640878866761038,0.7255614493519499
4,6.42275077679868,1.640878866761038,0.7255614493519499
4,6.42275077679868,1.640878866761038,0.7255614493519499
4,6.42275077679868,1.640878866761038,0.7255614493519499
4,6.42275077679868,1.640878866761038,0.7255614493519499
4,6.42275077679868,1.640878866761038,0.7255614493519499
4,6.42275077679868,1.640878866761038,0.7255614493519499
4,6.42275077679868,1.640878866761038,0.7255614493519499
4,6.42275077679868,1.640878866761038,0.7255614493519499
4,9.618610823687442,2.4058370621105762,0.6991203968508186
4,6.400906294999811,1.6484635873754026,0.7457750120082051
4,7.6429209734668335,1.091933775063708,0.6811541288176111
4,5.707307470822218,0.9638323896483385,0.7187536621724716
4,7.417286828041847,0.8164763272764031,0.7323446517001851
4,4.917340699441407,0.6246582005829524,0.7849156107983875
4,4.917340699441407,0.6246582005829524,0.7849156107983875
4,6.265620983112466,0.7287458691029515,0.7904876268879336
4,7.450061171667134,1.2537333483876227,0.6679742235045505
4,7.450061171667134,1.2537333483876227,0.6679742235045505
4,8.019069942318515,1.6157268729267118,0.6610217471394424
4,9.545546725073704,2.1899869568081805,0.6948093268980815
4,9.545546725073704,2.1899869568081805,0.6948093268980815
4,9.545546725073704,2.1899869568081805,0.6948093268980815
4,9.545546725073704,2.1899869568081805,0.6948093268980815
4,7.61369427999987,2.0307197463343853,0.7081621095039886
4,9.609713968067128,1.8389506990828939,0.7607282496578506
4,5.863163225607696,0.8252390732805612,0.7144535989624726
4,7.860088144869892,2.208686568600853,0.7883316208063142
4,11.56178911600595,1.3467995994747168,0.6945546558389386
4,10.232762561532253,1.8110067590171806,0.7372562387897856
4,6.447680392346747,1.3247901772780428,0.6353253399210762
4,7.567185053891766,1.3922912145991164,0.6944311997842496
4,7.868994279835603,1.5098963286189504,0.7460076039838867
4,7.868994279835603,1.5098963286189504,0.7460076039838867
4,7.868994279835603,1.5098963286189504,0.7460076039838867
4,7.868994279835603,1.5098963286189504,0.7460076039838867
4,7.018477528594298,1.1134418629840575,0.7453662742383605
4,7.05192261755703,1.249415512223581,0.745287094342278
4,5.661341981599223,0.9697804232682894,0.7477516294061235
4,5.416950299841656,0.9938316948683181,0.6997370500204387
4,5.416950299841656,0.9938316948683181,0.6997370500204387
4,6.683656856625389,0.866948356076068,0.7858292758764979
4,5.115848275602907,0.9394495923935344,0.6793782904066819
4,5.628921857162068,1.3994853808200778,0.7446425343668543
4,6.594607626040705,0.9287450360507561,0.6698880743127961
4,8.019313882391167,1.3370534985299232,0.7121925618999474
4,8.019313882391167,1.3370534985299232,0.7121925618999474
4,7.29872904152614,1.9096283386504191,0.6396101571236901
4,7.325802625360177,1.1897056083119464,0.7021852228103409
4,7.919491863570471,1.7025255788381972,0.6916132180922234
4,7.272907670600711,1.3740792653528426,0.7446534359683149
4,7.591561272727868,1.0446879044694815,0.7414064825490456
4,5.436915498139167,1.3534431003918703,0.7438451042682068
4,7.047459637006093,1.142270041706681,0.6693154360668913
4,8.02869550546407,1.4046406282404291,0.6890491905057873
4,8.02869550546407,1.4046406282404291,0.6890491905057873
4,8.346765900560545,1.5181479109535823,0.654249297273763
4,9.406966093535823,1.216901326636398,0.6824562961606107
4,5.845655911943203,1.65286835293463,0.7046734989049316
4,5.845655911943203,1.65286835293463,0.7046734989049316
4,6.460185720584511,0.6814638096189684,0.7622474297234824
4,6.6181780467739255,0.8886173686944092,0.7359530036621081
4,6.182195508452086,0.7417279152254982,0.7064581701727484
4,6.136366757940835,0.5711983049175644,0.7571737118149475
4,6.136366757940835,0.5711983049175644,0.7571737118149475
4,5.723416196664799,0.6185020578646426,0.8429267980104085
4,5.782314014794686,0.6312188086998293,0.7872750647671387
4,7.055179711308796,0.7085332341655365,0.7574342808658711
4,7.27923961135216,1.1537649895663076,0.6987283309413201
4,5.989949075509925,1.7777716965633632,0.7105137369492862
4,6.614386778069619,1.1761329443065733,0.6423292736170552
4,8.91205649343529,1.388810100745562,0.7404747585878896
4,8.281569156204883,1.0817130535609816,0.7039591779514074
4,7.5680412014419325,1.1513564815761201,0.7340849923069617
4,8.573252114309462,2.022077165969991,0.6614978791198103
4,9.451311126995144,2.6818802762370364,0.6256699904585147
4,9.575023945873768,3.0188550348306347,0.5860759371236067
4,9.575023945873768,3.0188550348306347,0.5860759371236067
4,10.418473985987909,3.2372560073291416,0.62041969389742
4,8.356227411910917,2.4129804845188243,0.7195909165274798
4,8.110718776246928,1.745354215999851,0.6746324216864445
4,5.908889309856908,1.5466201580957,0.7120650906456725
4,5.908889309856908,1.5466201580957,0.7120650906456725
4,8.232789569010446,1.5061521300002596,0.6629382809794797
4,10.466049431297844,1.8027672515661817,0.7622034005290551
4,10.494030424200714,2.197199457584884,0.6778073557076998
4,10.494030424200714,2.197199457584884,0.6778073557076998
4,6.748232340971102,1.6752370169116866,0.6252196902097817
4,9.700610089949231,3.0282980565090982,0.7128677101816889
4,9.700610089949231,3.0282980565090982,0.7128677101816889
4,8.511197679924441,1.865627971862575,0.6281472363937899
4,7.334172251186088,1.5510097672814074,0.6828710089074911
4,9.457770995026234,2.2034579780203942,0.7254749001045251
4,9.457770995026234,2.2034579780203942,0.7254749001045251
4,7.8427383834236615,1.1527000423957854,0.706098733664083
4,7.8533890519146095,1.4137508644383012,0.6394133511506146
4,7.8533890519146095,1.4137508644383012,0.6394133511506146
4,7.8533890519146095,1.4137508644383012,0.6394133511506146
4,7.8533890519146095,1.4137508644383012,0.6394133511506146
4,7.8533890519146095,1.4137508644383012,0.6394133511506146
4,7.176913888142282,0.9994764489901702,0.7483563468460632
4,5.308174710663383,1.0502835828329764,0.7207147474984121
4,6.041721512519001,0.8276880250249152,0.7184326068633182
4,6.041721512519001,0.8276880250249152,0.7184326068633182
4,10.417599153784513,2.13369771115451,0.675409554186224
4,6.379563048370539,1.268004295195333,0.712731958724628
4,6.732811853404207,1.6976256124882154,0.6924005713007334
4,6.732811853404207,1.6976256124882154,0.6924005713007334
4,6.097137146771753,0.7242661981092313,0.6395018076765236
4,5.301510683620638,0.9646873606029456,0.8379733302311136
4,7.296876662187478,1.759211808281308,0.8301153929694409
4,7.921520905230762,2.6769297384923347,0.7639394079358692
4,7.921520905230762,2.6769297384923347,0.7639394079358692
4,7.284262853598363,1.5332459836479184,0.7715065576203822
4,6.7984929287832045,1.708053198753322,0.6920754964814897
4,5.8992565120365175,0.7260388065684518,0.7072016532398092
4,5.904745990739107,1.1290292155087396,0.765442000604524
4,5.904745990739107,1.1290292155087396,0.765442000604524
4,5.215481963354404,0.7143044423593801,0.6878896648692376
4,6.087343143107083,0.7669886774773477,0.7675197301236646
4,6.087343143107083,0.7669886774773477,0.7675197301236646
4,6.087343143107083,0.7669886774773477,0.7675197301236646
4,5.611412681826494,0.7731959920739357,0.7692321796435181
4,5.611412681826494,0.7731959920739357,0.7692321796435181
4,5.611412681826494,0.7731959920739357,0.7692321796435181
4,5.611412681826494,0.7731959920739357,0.7692321796435181
4,5.5859704701812545,1.145718462729426,0.7128299120657482
4,8.161391561677664,2.066228575595831,0.7527352271208964
4,8.409009987576031,1.7306972447274833,0.7562283495772798
4,7.786622973566419,2.051775631188151,0.6851257001198184
4,8.029155483256222,1.2785232480279207,0.7477828033615178
4,6.659962580795898,1.0951147032018864,0.7785253191920298
4,8.84091544006132,2.5226656628104664,0.7117404830325655
4,6.445207071239458,1.248469299922406,0.7230345639433544
4,7.530215194613262,1.2034995631945946,0.7329342600771207
4,7.530215194613262,1.2034995631945946,0.7329342600771207
4,6.973573459471318,1.7121126825685125,0.6886392452963456
4,6.745742426507121,1.5011419283826568,0.6967940138412129
4,7.176043576525583,1.630282038633455,0.7276793427492492
4,7.176043576525583,1.630282038633455,0.7276793427492492
4,7.176043576525583,1.630282038633455,0.7276793427492492
4,7.25069040912944,1.4770920053360972,0.75217045691955
4,7.25069040912944,1.4770920053360972,0.75217045691955
4,6.801248051069751,1.630080218712329,0.7295504945806485
4,6.801248051069751,1.630080218712329,0.7295504945806485
4,9.067529456346628,2.3468976427854256,0.6709869082584679
4,6.449826400639731,0.8896786750359373,0.7383022681252099
4,5.785798126723868,0.7006584561547187,0.7506186837766563
4,5.671523862265566,0.6226076101398863,0.6551549276883065
4,5.180582596800515,0.6219356059852342,0.7857194284832834
4,7.487880465314562,0.6374902683134591,0.756555369486495
4,7.487880465314562,0.6374902683134591,0.756555369486495
4,7.060653503408746,0.6183279164889128,0.700310269408215
4,4.804896992147011,0.6992165285951887,0.7800312330650393
4,6.106896164361206,0.7255968906361578,0.7099201119240953
4,6.106896164361206,0.7255968906361578,0.7099201119240953
4,6.1346736639893535,0.6684717639538305,0.724673414302512
4,6.1346736639893535,0.6684717639538305,0.724673414302512
4,6.75136068245435,0.8430815177535553,0.7328568853348612
4,6.842891963265942,1.144299077212576,0.726969566987458
4,6.842891963265942,1.144299077212576,0.726969566987458
4,8.438707933044881,1.858808346856728,0.7378397083312787
4,8.438707933044881,1.858808346856728,0.7378397083312787
4,6.713727042040672,1.2265905111548934,0.6839954610074469
4,6.713727042040672,1.2265905111548934,0.6839954610074469
4,7.114236691015208,1.4448100453983965,0.6931523466250655
4,7.114236691015208,1.4448100453983965,0.6931523466250655
4,9.343363073313148,1.2801348943335857,0.6634713288735447
4,4.998295388524495,0.7975098195369485,0.7727760127306065
4,5.559332017446207,0.9306384586779068,0.6903025616117775
4,5.559332017446207,0.9306384586779068,0.6903025616117775
4,6.2536478232136075,0.87837388629905,0.724323368022267
4,7.0323738440941845,1.8973090947717868,0.7258127425282276
4,9.515111275339033,1.6739888024987175,0.7379646735962242
4,8.643695704239427,1.7583668559452332,0.7228842625531742
4,9.18148222725918,1.9610130766408715,0.7256020331023175
4,9.18148222725918,1.9610130766408715,0.7256020331023175
4,7.571091653631577,1.8480266920497619,0.708844029085238
4,8.031963582937886,1.5164907769475737,0.7479924375843917
4,8.031963582937886,1.5164907769475737,0.7479924375843917
4,7.88212377579198,1.32608707694424,0.7416700510542817
4,7.882422482109374,1.1156608815947244,0.7042497208692325
4,6.0749074523228535,1.2361592975727653,0.726444626041831
4,6.0749074523228535,1.2361592975727653,0.726444626041831
4,6.648667447290659,1.1092862316053336,0.6491410739081345
4,8.595391472614347,1.4523537083562394,0.7115501958409851
4,8.267402994832098,1.9204708536209418,0.7019584663585807
4,8.267402994832098,1.9204708536209418,0.7019584663585807
4,8.683094928999505,2.094485659032057,0.7179212679503408
4,8.35486055417573,2.0677989363123954,0.6808604985572595
4,8.35486055417573,2.0677989363123954,0.6808604985572595
4,7.03042721581813,2.0182608209634725,0.7295696217399672
4,5.902773823084144,0.8513672210479395,0.682505870641936
4,7.511622702717832,1.1290882874024897,0.6275523345985019
4,8.260927370081717,1.411679562864523,0.6898256577747276
4,7.736869787690357,1.4765634498180038,0.7035083747454942
4,7.736869787690357,1.4765634498180038,0.7035083747454942
4,8.51996598243191,1.141075630126681,0.7514095222506637
4,7.921507380825402,0.8265336730697164,0.7122112509154322
4,6.653711518933442,0.7670304758015412,0.6754337848431176
4,6.653711518933442,0.7670304758015412,0.6754337848431176
4,6.653711518933442,0.7670304758015412,0.6754337848431176
4,6.371818224913242,0.6076321880931302,0.728765144493765
4,8.721205842921384,1.743622232883154,0.6391939675472784
4,8.721205842921384,1.743622232883154,0.6391939675472784
4,8.387824241291234,2.31246477191465,0.6860347112069953
4,8.387824241291234,2.31246477191465,0.6860347112069953
4,8.387824241291234,2.31246477191465,0.6860347112069953
4,8.387824241291234,2.31246477191465,0.6860347112069953
4,8.387824241291234,2.31246477191465,0.6860347112069953
4,8.387824241291234,2.31246477191465,0.6860347112069953
4,6.5006932955301195,0.9192431783501294,0.6802727292806527
4,6.5006932955301195,0.9192431783501294,0.6802727292806527
4,6.958094297865768,1.0280301450299234,0.6419638666850139
4,6.958094297865768,1.0280301450299234,0.6419638666850139
4,7.75362467977347,1.2518273441873298,0.7434955424245216
4,7.75362467977347,1.2518273441873298,0.7434955424245216
4,7.036870021052512,1.3986656207686168,0.6397296036987767
4,5.400589782991252,1.0208928991269453,0.7784131631556179
4,5.400589782991252,1.0208928991269453,0.7784131631556179
4,5.592844801572758,0.9975425361644998,0.7559818401412227
4,6.5596861690870005,1.44118674356551,0.7556493743641535
4,8.187342052730937,2.001719751293411,0.7061790412006324
4,7.99611720979616,1.7691611260297513,0.7119340992487885
4,7.99611720979616,1.7691611260297513,0.7119340992487885
4,7.99611720979616,1.7691611260297513,0.7119340992487885
4,7.99611720979616,1.7691611260297513,0.7119340992487885
4,7.99611720979616,1.7691611260297513,0.7119340992487885
4,7.99611720979616,1.7691611260297513,0.7119340992487885
4,7.99611720979616,1.7691611260297513,0.7119340992487885
4,7.99611720979616,1.7691611260297513,0.7119340992487885
4,7.865882261325082,1.335141212992212,0.6484555235676714
4,8.288489781543404,2.327781726744778,0.6850988908598445
4,8.631286269968207,1.6830829780797116,0.6838388668070617
4,8.977021129221567,2.3150995726061674,0.7379101452356961
4,8.977021129221567,2.3150995726061674,0.7379101452356961
4,6.630232583411395,1.658825538670066,0.7356829402109974
4,6.630232583411395,1.658825538670066,0.7356829402109974
4,6.630232583411395,1.658825538670066,0.7356829402109974
4,8.174564449451555,1.543452904210006,0.7477945001778589
4,8.151201290306744,1.9744569826718399,0.7087238458500851
4,8.151201290306744,1.9744569826718399,0.7087238458500851
4,8.151201290306744,1.9744569826718399,0.7087238458500851
4,6.61981972861596,1.5849261932394862,0.7095216266231573
4,9.291261201605922,2.3191079204478386,0.6828656613174582
4,7.4241060289455705,1.7772809496049702,0.6797206175935353
4,7.4241060289455705,1.7772809496049702,0.6797206175935353
4,7.635907389425712,1.0667947025352782,0.6920447236619599
4,7.93644626086574,1.243186163328049,0.7145396989580224
4,8.50208418806665,1.393714794018507,0.7689582174868661
4,8.50208418806665,1.393714794018507,0.7689582174868661
4,7.637936105955907,1.848270985815064,0.7339754663004677
4,8.177430891356646,1.934660229390989,0.6992715706949126
4,8.177430891356646,1.934660229390989,0.6992715706949126
4,8.177430891356646,1.934660229390989,0.6992715706949126
4,6.5102556470011494,1.4487364106281562,0.6778424259119639
4,6.5102556470011494,1.4487364106281562,0.6778424259119639
4,6.5102556470011494,1.4487364106281562,0.6778424259119639
4,6.949013947053508,1.8299001125336498,0.7092562617600564
4,6.949013947053508,1.8299001125336498,0.7092562617600564
4,6.949013947053508,1.8299001125336498,0.7092562617600564
4,6.949013947053508,1.8299001125336498,0.7092562617600564
4,7.088961828375023,1.4354686965457875,0.7063502080557538
4,6.787240831461052,1.1018706786236039,0.7138158773573261
4,6.56095228828853,0.8523318733894611,0.7182682148379197
4,6.635856761759495,1.0983891789960825,0.7901923159800065
4,5.515563864497362,1.0733506060896603,0.6676045504369144
4,7.846494462516067,1.6837310371214287,0.7294132833241171
4,7.6036798475551945,1.4845112942672345,0.6939494961960514
4,7.6036798475551945,1.4845112942672345,0.6939494961960514
4,7.677371440608344,1.3394312000613051,0.6769913911696012
4,5.5748123299345655,1.1497497512932728,0.747783046856155
4,5.5748123299345655,1.1497497512932728,0.747783046856155
4,6.6462921193451825,0.9272207404092454,0.623829242724464
4,6.40748184682313,1.0546333806448593,0.7216012558443187
4,6.970242265762355,0.981857877984391,0.7216274019106683
4,6.970242265762355,0.981857877984391,0.7216274019106683
4,6.010903603785592,1.2973413534883198,0.7990751499402553
4,6.606633977303834,1.2494696056719548,0.7487445807099747
4,8.83425538843007,2.227423165323391,0.7726109403950917
4,8.83425538843007,2.227423165323391,0.7726109403950917
4,8.434124991952165,2.4921450553419975,0.7337347412459302
4,8.287608985143141,1.3585473121882488,0.6323416509406422
4,6.427054235867198,1.1102861092625336,0.678417133284097
4,6.427054235867198,1.1102861092625336,0.678417133284097
4,6.427054235867198,1.1102861092625336,0.678417133284097
4,6.427054235867198,1.1102861092625336,0.678417133284097
4,5.949134847942506,1.6467247983396833,0.6507923891374661
4,6.495276040046719,0.90136387452347,0.7133398944493314
4,7.070891597896682,1.7408745483521,0.6954043334702079
4,7.070891597896682,1.7408745483521,0.6954043334702079
4,8.994680708251739,1.5345421708162414,0.6472636142249878
4,8.994680708251739,1.5345421708162414,0.6472636142249878
4,6.9870449611835115,1.1357185666639098,0.706817481672488
4,7.833122473771283,1.2852612443767022,0.6929599320594758
4,6.357535971485892,0.931640409210477,0.6824149983640972
4,7.163662488993549,1.0798740313634656,0.6585508173542345
4,7.163662488993549,1.0798740313634656,0.6585508173542345
4,7.837729225619079,1.4561366525840373,0.6443020372330461
4,6.68287825445469,1.337334172523613,0.7165169047737122
4,7.9495721056101125,1.7986348433470076,0.6953087738410232
4,6.104766026568306,0.9200248314937699,0.7646241181525211
4,6.831571439967393,0.9731411718535667,0.695916806815134
4,6.831571439967393,0.9731411718535667,0.695916806815134
4,5.4206195453753026,1.45313180701282,0.7372184195113887
4,5.21950817277614,1.89973521539986,0.7059114774835816
4,6.427373811371164,0.7896536814218875,0.8291722484292465
4,4.774314845452918,0.877243150897218,0.6995419104564461
4,6.549027089844306,0.9274932254109445,0.6550818652856839
4,5.456779391087286,0.7329762471372625,0.6922481447787124
4,10.228620139863828,1.6754215889698023,0.7513481823248124
4,6.210435375434414,1.2229255360599383,0.7825961921417773
4,6.210435375434414,1.2229255360599383,0.7825961921417773
4,7.205975836131194,1.5746652428068315,0.7732398092022568
4,7.163960883512241,2.3402231832909424,0.7383010220176585
4,6.604723681382181,1.0232593641946188,0.7574007948293505
4,7.983546765780703,1.897931731144558,0.7197757771051929
4,7.215597733661113,1.8768584133988482,0.719594210686729
4,6.727779877089662,1.3717933725343476,0.7374360193202973
4,6.3256706615512925,1.1536465008211798,0.7287500922205574
4,6.3256706615512925,1.1536465008211798,0.7287500922205574
4,6.3256706615512925,1.1536465008211798,0.7287500922205574
4,7.330429700782608,2.1811753829315075,0.7297509323431993
4,6.970806113217464,1.0201349979447123,0.6999689970650959
4,5.733665781302039,1.363739768498955,0.6460416434160434
4,7.536259390096911,1.2228754966617186,0.7164075824243058
4,10.558525318404577,2.339147209939977,0.713444733711756
4,8.513112010406086,2.7132394482281317,0.6965107981610659
4,8.202553521486138,1.512751833923731,0.6506782739931803
4,6.994764018450891,2.006918873259637,0.6871710472857128
4,8.018486456712427,2.479481237593414,0.673719809598374
4,8.018486456712427,2.479481237593414,0.673719809598374
4,8.368796517544936,2.345372519510894,0.7385687236009442
4,8.368796517544936,2.345372519510894,0.7385687236009442
4,5.831783714868317,1.3342591788299907,0.6921484186592444
4,9.27188649632515,2.7543952649403516,0.7486014199585125
4,9.27188649632515,2.7543952649403516,0.7486014199585125
4,7.568731412384991,1.5806473079281977,0.7767328056303683
4,7.568731412384991,1.5806473079281977,0.7767328056303683
4,7.568731412384991,1.5806473079281977,0.7767328056303683
4,7.568731412384991,1.5806473079281977,0.7767328056303683
4,7.568731412384991,1.5806473079281977,0.7767328056303683
4,7.568731412384991,1.5806473079281977,0.7767328056303683
4,7.568731412384991,1.5806473079281977,0.7767328056303683
4,7.568731412384991,1.5806473079281977,0.7767328056303683
4,7.568731412384991,1.5806473079281977,0.7767328056303683
4,7.568731412384991,1.5806473079281977,0.7767328056303683
4,7.744339558219072,1.5973732183496865,0.7387533961535412
4,6.967000294515546,1.4707730144309443,0.7141301679359752
4,7.196445773767021,1.885188426932442,0.671704032790353
4,8.4232984019111,2.197939583841663,0.7188808435131209
4,8.4232984019111,2.197939583841663,0.7188808435131209
4,6.4923362121883,1.266781632404101,0.732066724330577
4,7.4083574578340325,1.3244718915512301,0.7306020989610239
4,9.340228930027417,1.2287560435291662,0.6905323043086191
4,6.383619998254627,1.5186695562963044,0.6513836154304535
4,7.808064093907301,1.2364749922492644,0.6420623665442636
4,7.624926256358701,1.201100891837562,0.6704986026647228
4,7.877390757163994,1.0773548648232216,0.6446213616284929
4,6.56309801745453,0.841136180729979,0.6818841575077859
4,6.56309801745453,0.841136180729979,0.6818841575077859
4,6.56309801745453,0.841136180729979,0.6818841575077859
4,5.977397663762158,0.977314320677886,0.7214198560266082
4,5.345484372615502,0.7436712604432745,0.8085566778910331
4,7.086436590679841,1.6114954226566793,0.7824454677970085
4,6.285315597811062,1.2193269621892644,0.7373394229122998
4,6.285315597811062,1.2193269621892644,0.7373394229122998
4,6.952979798838456,1.4979250314332049,0.6757805168757757
4,6.952979798838456,1.4979250314332049,0.6757805168757757
4,6.952979798838456,1.4979250314332049,0.6757805168757757
4,6.952979798838456,1.4979250314332049,0.6757805168757757
4,6.952979798838456,1.4979250314332049,0.6757805168757757
4,5.129961899466612,1.006563643240112,0.708802654605456
4,5.129961899466612,1.006563643240112,0.708802654605456
4,5.129961899466612,1.006563643240112,0.708802654605456
4,5.7729388099021,1.114990687262256,0.7288979221802522
4,6.178191263162525,0.856719810793352,0.7612566451048919
4,5.777439090360163,0.996301123338273,0.7588325757703833
4,6.816107002446512,1.805677239073738,0.7966474975052593
4,6.816107002446512,1.805677239073738,0.7966474975052593
4,6.816107002446512,1.805677239073738,0.7966474975052593
4,6.816107002446512,1.805677239073738,0.7966474975052593
4,6.816107002446512,1.805677239073738,0.7966474975052593
4,7.785545279592239,1.7941477331381477,0.70156715715174
4,7.785545279592239,1.7941477331381477,0.70156715715174
4,8.510612098955145,2.2635361024849665,0.6902784216776657
4,5.817913349854365,1.2933774373289129,0.7047258137101449
4,5.817913349854365,1.2933774373289129,0.7047258137101449
4,5.817913349854365,1.2933774373289129,0.7047258137101449
4,5.817913349854365,1.2933774373289129,0.7047258137101449
4,5.980119401602326,1.0669827999152672,0.7222614704712865
4,6.086650516969883,1.0567162863362909,0.7248665973659376
4,7.198751154826356,1.231127031430066,0.6321383484450083
4,8.583259179237494,2.3473242537898953,0.6973609631156883
4,7.598159080378666,2.2320744209299335,0.6729832930342343
4,5.834136906969652,1.095266438983708,0.7327587062120486
4,7.388840129948747,0.9618293034691815,0.7330923776008488
4,7.388840129948747,0.9618293034691815,0.7330923776008488
4,6.778524094541733,0.8078553157023374,0.7520940120824686
4,5.349761644532097,0.8022267884186819,0.6957069027107275
4,5.742285688841309,0.8032614396066918,0.785160738486194
4,5.742285688841309,0.8032614396066918,0.785160738486194
4,6.113307370457853,0.7375364964356316,0.7659048881623136
4,6.113307370457853,0.7375364964356316,0.7659048881623136
4,8.117888791644168,0.9551710048168821,0.7197704539347259
4,7.932246164954126,1.2178475788417784,0.7445687438341042
4,9.267014550408575,2.0603480107733825,0.6659471045705708
4,9.267014550408575,2.0603480107733825,0.6659471045705708
4,8.604452668670024,1.9047523755284226,0.6717927677120592
4,6.27234068562969,0.9496706811162686,0.6870126139171827
4,8.027231447227642,1.2874636323542714,0.6804056576819163
4,8.340497531692886,2.060687541119696,0.6928156324327337
4,8.340497531692886,2.060687541119696,0.6928156324327337
4,8.340497531692886,2.060687541119696,0.6928156324327337
4,7.42337165287207,1.4042678664687829,0.7403638530991637
4,7.069725203561506,1.5087508563279783,0.7288617279453327
4,7.23819479858019,1.5356827792087124,0.7281181237083288
4,7.275127875678125,1.368854888055335,0.7102434951366927
4,7.275127875678125,1.368854888055335,0.7102434951366927
4,7.263669698787539,1.690482388875323,0.7205834658580926
4,5.617846550420919,1.3629240485120255,0.7539833599966584
4,5.617846550420919,1.3629240485120255,0.7539833599966584
4,5.617846550420919,1.3629240485120255,0.7539833599966584
4,6.5677896062597165,1.0956489353060406,0.7114607619562293
4,6.5677896062597165,1.0956489353060406,0.7114607619562293
4,6.5677896062597165,1.0956489353060406,0.7114607619562293
4,5.6545696327970445,1.163061369140021,0.7295709017366423
4,5.6545696327970445,1.163061369140021,0.7295709017366423
4,5.243471946546024,0.8685146564027719,0.706845525001781
4,6.20726941733557,0.6801435965403977,0.7145270680325877
4,7.270331084331255,0.6617634026049546,0.67728495292531
4,6.9578235702118265,1.0345014006215743,0.7369324562628438
4,6.808056765361101,0.9841801379948683,0.7685177502844901
4,7.579487666768685,1.786884110435067,0.6782728391794024
4,7.579487666768685,1.786884110435067,0.6782728391794024
4,7.579487666768685,1.786884110435067,0.6782728391794024
4,7.579487666768685,1.786884110435067,0.6782728391794024
4,5.4917262919658585,1.0184097515401467,0.7290546603494256
4,5.4917262919658585,1.0184097515401467,0.7290546603494256
4,7.566551593296038,1.7970531971053547,0.7024115826927628
4,6.8533352047362985,1.6405372659207642,0.7428061457785553
4,9.833910605113905,2.897965602479552,0.68224058416911
4,9.833910605113905,2.897965602479552,0.68224058416911
4,6.825494737292638,1.5307104523663675,0.643675095359506
4,6.321157129101957,1.346076360591577,0.700100757240341
4,9.015001680405286,1.1697277126018673,0.7474915477443583
4,6.850681964403579,0.8138309159063672,0.8931238404352786
4,5.350845739426808,0.7779677521790329,0.8954116404511502
4,5.350845739426808,0.7779677521790329,0.8954116404511502
4,10.259238153421185,1.4374941069926792,0.7798259229880329
4,8.23501604209027,1.1998379106622876,0.7839535175569082
4,8.558515156070069,1.2310425928364097,0.6394208867641815
4,8.558515156070069,1.2310425928364097,0.6394208867641815
4,6.626773502539287,1.0854869025482614,0.6780371456163636
4,6.626773502539287,1.0854869025482614,0.6780371456163636
4,6.626773502539287,1.0854869025482614,0.6780371456163636
4,6.626773502539287,1.0854869025482614,0.6780371456163636
4,6.626773502539287,1.0854869025482614,0.6780371456163636
4,6.626773502539287,1.0854869025482614,0.6780371456163636
4,6.626773502539287,1.0854869025482614,0.6780371456163636
4,6.254786692532888,1.3643638692453997,0.6624061174678794
4,6.254786692532888,1.3643638692453997,0.6624061174678794
4,7.844294567387078,1.340354612107418,0.6301762248082684
4,7.844294567387078,1.340354612107418,0.6301762248082684
4,9.780068248032247,1.8450301816141423,0.6910866974462067
4,6.202843515175198,1.2933258047582807,0.7027069459652695
4,7.098817817744665,1.0531072014096587,0.7061528388664169
4,9.00147573428997,1.5047435444133912,0.730512056068748
4,9.00147573428997,1.5047435444133912,0.730512056068748
4,9.03520086032679,1.3968988218930125,0.784555022094095
4,9.174674743151321,2.3242257166300364,0.7325528766855725
4,9.174674743151321,2.3242257166300364,0.7325528766855725
4,9.631349390493996,2.273303322457516,0.7380517821917059
4,6.789050429561059,1.7575141200856226,0.7282715046558226
4,7.138249993438131,2.276067878612046,0.6497795775439716
4,8.875373209531805,1.5569778369054166,0.719104062254685
4,10.259217458550424,2.3872627987752804,0.7397721766693153
4,7.765599343099855,1.4109572932223338,0.7094743200630012
4,8.371841842240215,1.9858238903897176,0.741603927543395
4,8.371841842240215,1.9858238903897176,0.741603927543395
4,5.71623784578613,0.828021495706804,0.6727633560355487
4,6.221511368270488,0.8223521199181635,0.6984021264188643
4,7.339262833905267,1.0426265547277067,0.6768653713027597
4,7.339262833905267,1.0426265547277067,0.6768653713027597
4,7.339262833905267,1.0426265547277067,0.6768653713027597
4,7.339262833905267,1.0426265547277067,0.6768653713027597
4,6.286694763638764,1.0024693062591497,0.7227434268445716
4,4.886514580453214,1.1030980255879423,0.7655224121997831
4,7.6310755237393755,1.1909611479749689,0.6680826185161249
4,6.586820815480665,2.2220796679684613,0.751243987655603
4,6.945997929942127,1.9886216805354011,0.6438703472009761
4,7.341230518647332,2.2948028267254754,0.718231057900656
4,9.277278907442263,1.6743863652438795,0.7347668714404058
4,6.136568373605317,1.3052834645687845,0.6722453094271963
4,6.170343686305036,0.7349535483022291,0.7358883167164233
4,6.170343686305036,0.7349535483022291,0.7358883167164233
4,7.505193289631111,0.8284727987068997,0.6886921202603739
4,7.358543901068643,1.8666541249900952,0.714812868664207
4,7.358543901068643,1.8666541249900952,0.714812868664207
4,7.358543901068643,1.8666541249900952,0.714812868664207
4,6.84345053012843,1.519737881666357,0.6735509998274505
4,6.780656209305825,1.1565496363418521,0.6595455865713908
4,7.192988695717503,0.7929474502436675,0.7298328335637231
4,7.192988695717503,0.7929474502436675,0.7298328335637231
4,7.517510407955952,0.7879999980598691,0.693227773368513
4,9.74431129261496,1.8545675365995937,0.80778414300769
4,7.3345891895629345,2.3673640876811888,0.7179033264763609
4,8.683450654858014,1.8143983428431658,0.7230428622326265
4,8.683450654858014,1.8143983428431658,0.7230428622326265
4,5.4971141090602815,1.2909541402913771,0.6712557471082923
4,7.793652475585462,0.9586449039459275,0.6785916997426974
4,6.600190653967833,1.4062738742669165,0.6441312560130705
4,5.498863542941282,0.929118044813869,0.7585863391091721
4,7.72375400893438,1.2421566956769032,0.6468695767610175
4,9.595549419745753,1.9943888030808623,0.7121993213205328
4,8.368257816619458,1.7755420628417145,0.6615062220647748
4,7.5308830811676994,1.4319229597158685,0.7114369054724526
4,7.5308830811676994,1.4319229597158685,0.7114369054724526
4,6.860216365861637,1.1118033148483615,0.7338785687849667
4,9.0417763403637,1.4786515970744105,0.7227090826625193
4,9.0417763403637,1.4786515970744105,0.7227090826625193
4,7.337652304625772,1.421396486342951,0.7538847023118429
4,7.337652304625772,1.421396486342951,0.7538847023118429
4,8.749266846602794,1.6259632996102644,0.709437335463003
4,6.716347185271516,1.1316250125905591,0.742630481146527
4,8.052387961456315,0.8516221633958527,0.7186435493233911
4,5.752632843714566,0.96350983524497,0.7159416275614594
4,5.203292271368277,0.779589217874062,0.742666122267787
4,5.643079949646759,0.7384201643967451,0.7833223017469197
4,8.324178798292477,1.9338574702937799,0.7166191304293333
4,7.458914713744773,2.1254693258640125,0.6889056316865327
4,7.458914713744773,2.1254693258640125,0.6889056316865327
4,8.01496635067625,2.8266822772046356,0.6893082618156504
4,8.465045157764102,1.345621537093733,0.651110276795524
4,8.465045157764102,1.345621537093733,0.651110276795524
4,4.915082553803424,0.9854285612032537,0.7018365032591578
4,4.915082553803424,0.9854285612032537,0.7018365032591578
4,5.262680268940773,1.3255550661993876,0.7229322875463471
4,6.091677581746952,1.1853114939296563,0.7835677337122764
4,9.630922901278252,2.326440569813548,0.7447391713564331
4,9.630922901278252,2.326440569813548,0.7447391713564331
4,7.291771348850036,1.783503786235606,0.7459285652109916
4,6.159088063137499,1.3308111383716559,0.661986161650614
4,7.047194086807676,1.1516128593750206,0.7336811568874556
4,7.190102692958841,0.9642159359410329,0.7087243618771305
4,7.048505174049706,1.8367071930802246,0.7561777129256562
4,7.048505174049706,1.8367071930802246,0.7561777129256562
4,7.827389948981874,2.3202011044343402,0.7130280766133166
4,6.960395237298242,1.7544816087305888,0.6874650926730265
4,6.960395237298242,1.7544816087305888,0.6874650926730265
4,6.562265141278403,0.9674742178099024,0.7521020243640206
4,7.035690335620102,1.0971353915903326,0.6759416203024563
4,7.035690335620102,1.0971353915903326,0.6759416203024563
4,7.444159263039609,1.2166969705982713,0.7253304207097038
4,7.444159263039609,1.2166969705982713,0.7253304207097038
4,6.067351183686309,0.8587063471374431,0.6954135223563283
4,7.970392195294216,1.6079672245258918,0.7168787071220581
4,7.970392195294216,1.6079672245258918,0.7168787071220581
4,7.361129359360553,2.566831500286696,0.7071798761129489
4,8.143948014915523,2.2132235689039534,0.7025663010270863
4,7.981590793261731,1.0486782261528331,0.7236238522029534
4,7.981590793261731,1.0486782261528331,0.7236238522029534
4,6.188495923361065,0.8218926045885534,0.7392888604305106
4,6.188495923361065,0.8218926045885534,0.7392888604305106
4,7.048093202871191,0.9877009858322491,0.6771138102985361
4,7.048093202871191,0.9877009858322491,0.6771138102985361
4,6.864197917448153,1.085099514871782,0.6999334962839934
4,8.425179573276928,1.8509470036208422,0.6283315542846936
4,6.810587251293491,1.6989331445418783,0.6818280168879323
4,6.810587251293491,1.6989331445418783,0.6818280168879323
4,5.873093643709859,1.457240778733943,0.6458252158707313
4,6.977366844583963,1.1181539658258128,0.6865263780804909
4,7.49397301681758,2.104399718084398,0.7310647662696756
4,7.49397301681758,2.104399718084398,0.7310647662696756
4,6.6131035612148095,1.4076019209230664,0.6594035076240876
4,7.684974606448234,0.9812622571837839,0.7102746062949764
4,7.8167701859137715,1.5361493010844882,0.6898875003887973
4,6.301735994536687,1.3275617859536855,0.7122828388514403
4,6.655706855267825,1.0723908825166286,0.7176416854954127
4,5.662157474331616,1.3860934438274743,0.7079187320024182
4,5.7654099144785595,0.8495718040844868,0.7425504777625476
4,5.7654099144785595,0.8495718040844868,0.7425504777625476
4,7.991413006442714,0.9453126316289719,0.8150229238244661
4,7.897515560047127,0.8077258639503815,0.660575976863202
4,7.769186908020601,0.9201265461158988,0.7475851728553634
4,8.446884850419806,1.2424187989765105,0.6929214446101201
4,6.25159580671706,1.078123823318811,0.7233043211841068
4,8.811670438069555,3.1380046653898064,0.6918815463169604
4,8.138278175221256,2.49776818291022,0.6177265240631102
4,6.991510995489035,1.680549784788858,0.7635884214840101
4,8.877572203204391,1.902360365247074,0.6813570749816847
4,8.877572203204391,1.902360365247074,0.6813570749816847
4,8.400902046303816,1.8169353581880359,0.6972797190499417
4,7.952116159790412,1.1588481532673014,0.7182998978314354
4,8.806678533782303,0.9630469214787998,0.7487712350917913
4,9.293484117178489,0.8527390908489069,0.7502195895602147
4,9.293484117178489,0.8527390908489069,0.7502195895602147
4,6.476303029734692,0.7393085409781376,0.6983770962848584
4,6.476303029734692,0.7393085409781376,0.6983770962848584
4,5.796679333838594,0.7670304084000238,0.769140743720243
4,6.832916924674665,0.9380371071078579,0.7318938624370408
4,7.298452051702341,0.9761223674745967,0.790399775735872
4,5.453430292866833,0.7940083388532688,0.7352506917399645
4,5.452400916660106,0.6777639093964463,0.6321895383486601
4,8.53666035246723,0.7306900042416838,0.6746691385292535
4,6.36112186248098,0.8096809476776234,0.723183170533695
4,6.36112186248098,0.8096809476776234,0.723183170533695
4,7.359014843608862,0.8520301306423306,0.7659993640182581
4,6.181591532502276,1.1158985888699022,0.783867776514213
4,9.067627370733165,1.6381765571148534,0.6158827557262375
4,9.067627370733165,1.6381765571148534,0.6158827557262375
4,7.481425158453329,1.3662471740708004,0.6466895685264585
4,8.78503946227351,1.347624338516897,0.639551298285672
4,9.876184726791266,1.4648902807807112,0.6032112357803863
4,7.640971553914207,1.682195627103186,0.7484240993705452
4,7.31284947595148,1.2846269802518333,0.6811418220057786
4,6.543240253258628,0.9878600410633915,0.7199654142082529
4,6.543240253258628,0.9878600410633915,0.7199654142082529
4,6.609587506456407,0.820856492668331,0.7458712635458065
4,5.650246806216864,0.8245108047886,0.6766050625006347
4,6.624152532281091,2.0182487737963024,0.66563244055826
4,6.997742931240798,1.17514767620884,0.6641016452359886
4,7.373576738280931,1.6414330691826176,0.7313636561255911
4,6.9027538606542524,1.211078862338773,0.6757238312306365
4,5.70309521184612,0.8736708852229598,0.7244365113099004
4,8.838195679430433,2.218243674946998,0.6540208856736991
4,8.838195679430433,2.218243674946998,0.6540208856736991
4,7.863005205105174,1.4136946318716386,0.7035611724051108
4,6.152606211828374,1.3229381929337118,0.7144032649679685
4,9.28240109511564,1.1424746106855328,0.6654828237220431
4,9.28240109511564,1.1424746106855328,0.6654828237220431
4,9.05059272027452,1.096459604486693,0.6234285154481817
4,7.49699218969618,0.7697549461800579,0.6458795796814355
4,6.984818089106937,0.8706306651679467,0.6808066733075405
4,7.2906002448611265,0.9498948872125537,0.6451236199452701
4,7.2906002448611265,0.9498948872125537,0.6451236199452701
4,6.292561774461888,1.1141980550564339,0.6946663813678036
4,6.292561774461888,1.1141980550564339,0.6946663813678036
4,6.292561774461888,1.1141980550564339,0.6946663813678036
4,5.581277351091307,0.9328424694526851,0.6896473174439942
4,6.3686631286875865,0.813038753193419,0.6352187832681826
4,6.3686631286875865,0.813038753193419,0.6352187832681826
4,7.986827637154987,1.829607073331584,0.6194927844854926
4,7.218597067040933,1.4228722670002023,0.6471152946284401
4,6.381654430822569,1.1239148130720515,0.7141280351019945
4,8.705137643704326,1.482391286303327,0.7044189371284652
4,9.671076317029144,1.9574610312408929,0.654986898192167
4,7.920357572516858,1.386658482349065,0.6621908480448861
4,7.4773959688226235,1.7141875042169616,0.6646781899082262
4,5.59532862018712,0.9321854289178315,0.6743420349121968
4,6.335013373900001,0.8210503506144424,0.6398754810381074
4,6.335013373900001,0.8210503506144424,0.6398754810381074
4,6.496518562423471,0.7476404890848929,0.6592834345174287
4,6.496518562423471,0.7476404890848929,0.6592834345174287
4,4.807303555335541,0.7561789060789204,0.7604779300497923
4,8.243831417051641,1.9375196572995035,0.8311236458144945
4,8.90635026852874,1.9588722751632683,0.7471998289853881
4,8.90635026852874,1.9588722751632683,0.7471998289853881
4,5.954970773182362,1.4174117574895688,0.6942004888530897
4,6.437069042848699,1.2976627835357968,0.677577503707511
4,7.2153773566987764,1.365903915399163,0.7133345255823919
4,6.040422695021405,0.9395148122536807,0.6948400209429001
4,7.609110642377292,1.0637054551463816,0.7589346684795201
4,5.187708137238129,0.8474396795210472,0.7266893452756793
4,7.872425788494727,2.4657432703433275,0.6284589638036643
4,9.211908973985816,2.8746099143493655,0.7341675131901926
4,8.804048116717507,3.252622861819551,0.7474974131299068
4,6.454988508009405,1.3213113374370726,0.6758526767080362
4,7.017328297572502,2.3259033556347086,0.6645366801042939
4,6.595685458388222,1.4065827614011277,0.6208352040428231
4,4.732938861564028,0.826667007237766,0.7013345982234984
4,7.786764533906429,1.3975545124392859,0.7474267284150607
4,8.556619967066862,1.1856323691490909,0.7007806045579742
4,7.8256587562671,1.974116173948479,0.7202140869761117
4,7.749249190941645,1.9714153241823162,0.6851725836515637
4,9.552803940979977,1.9005915359436025,0.6934542195489892
4,4.643864601849888,0.7257512211911427,0.7031698285706472
4,4.643864601849888,0.7257512211911427,0.7031698285706472
4,5.659507967241839,1.0270941680984573,0.6136590522303645
4,7.135861404196296,1.5303136869529195,0.7318532165383117
4,8.737322712599212,1.5918223133154414,0.7327270607302659
4,7.097405112080494,1.405008878702309,0.7456754797013769
4,7.825073804375017,1.3208942225403868,0.7039392401063391
4,7.825073804375017,1.3208942225403868,0.7039392401063391
4,7.772695419816731,1.115555596219615,0.7214791397890936
4,6.778577700455674,1.0863118568518382,0.809428628219141
4,6.32375023614453,1.0260606798307086,0.8151367328509707
4,7.003168107020948,1.609954312428661,0.808861270475626
4,7.003168107020948,1.609954312428661,0.808861270475626
4,7.933626080651959,1.537419314147388,0.718210169802729
4,8.186063821032754,2.137672520719655,0.7557350645994955
4,8.522809127293424,2.2128988833466128,0.7142599393286191
4,7.212327979883127,1.4037257884301129,0.7188769538309439
4,7.212327979883127,1.4037257884301129,0.7188769538309439
4,7.700898475184187,1.0882976117816936,0.7313633446663347
4,7.275518250244684,1.421696108215234,0.6679530594121224
4,7.275518250244684,1.421696108215234,0.6679530594121224
4,7.275518250244684,1.421696108215234,0.6679530594121224
4,7.275518250244684,1.421696108215234,0.6679530594121224
4,7.275518250244684,1.421696108215234,0.6679530594121224
4,7.275518250244684,1.421696108215234,0.6679530594121224
4,7.275518250244684,1.421696108215234,0.6679530594121224
4,4.981253009307874,0.765833282376513,0.7384724752505851
4,5.102442203242377,0.7230000956505573,0.7104582130420083
4,7.535572342146663,1.6908249340581092,0.7642356346038778
4,7.535572342146663,1.6908249340581092,0.7642356346038778
4,7.535572342146663,1.6908249340581092,0.7642356346038778
4,7.535572342146663,1.6908249340581092,0.7642356346038778
4,7.535572342146663,1.6908249340581092,0.7642356346038778
4,7.535572342146663,1.6908249340581092,0.7642356346038778
4,7.535572342146663,1.6908249340581092,0.7642356346038778
4,6.7194048923480585,1.1375169910497678,0.7194042944179819
4,6.7194048923480585,1.1375169910497678,0.7194042944179819
4,6.7194048923480585,1.1375169910497678,0.7194042944179819
4,7.32319955727413,0.736224215246888,0.656644586036806
4,5.788444304184376,1.0728527607300722,0.6515688931937982
4,6.417191976482872,1.0872352868132467,0.6622302753308913
4,5.864547736470376,0.7925401635033269,0.6814248653825241
4,6.996809192394822,0.9527476321350126,0.6796747691862614
4,8.10250951539621,2.3732016163997045,0.6973060512190017
4,5.689993390373988,1.5418107302937154,0.6814073755499653
4,5.689993390373988,1.5418107302937154,0.6814073755499653
4,5.689993390373988,1.5418107302937154,0.6814073755499653
4,6.194938275388004,1.3615637674071173,0.6615552879403531
4,8.311269088141644,1.808383243988401,0.7542375936692436
4,9.653669370824804,1.5747300443760128,0.6851845603021718
4,8.505889273677392,1.4846116697224399,0.7149832223617973
4,10.33778632434571,1.805975890003094,0.8322057661005146
4,8.411828819778684,2.0350465495815326,0.8391885662621906
4,8.51090034270102,1.1091216739386516,0.8265865203609564
4,8.006576908286204,1.255421814634556,0.8102848130418098
4,7.199192429913094,0.9164145006315181,0.7669479571991688
4,7.591448183501765,1.0976501487361894,0.7246775323632759
4,6.312837599553688,0.9118836141126168,0.835842065236347
4,5.109473472753818,0.5987987471118673,0.7178179578054746
4,5.536196088999237,0.7332082191876506,0.7505051845555739
4,5.173436074873703,0.742707296471436,0.7301413967325358
4,5.173436074873703,0.742707296471436,0.7301413967325358
4,7.147809512983281,1.064473771984117,0.7296244239251874
4,5.3284790338335615,0.6239732492755247,0.7006944573409161
4,6.853176077600854,0.7255286023595305,0.7443626083131135
4,8.273379612512283,1.7098644457473278,0.7941674023951415
4,8.994714251549897,1.4951514814629152,0.7219356488864235
4,7.680008663801854,1.3677394757867123,0.7191432037753923
4,8.12834000482993,1.0598352725770974,0.757313322772248
4,7.297993331860955,1.3636338373464743,0.7793250191348836
4,8.021917874888864,1.9707737446727778,0.6528204490248438
4,8.31493534374125,2.176070859594958,0.7739843361623501
4,6.622166556827424,1.0122627323794822,0.8120246951412723
4,6.615810024435213,0.9942766154127114,0.7744363565285237
4,7.606706300318443,1.3470354357041092,0.7494481468071177
4,6.238931834732233,1.3954606388805604,0.7612075341218296
4,7.102631282336328,1.5505625537068128,0.7061778590510918
4,7.102631282336328,1.5505625537068128,0.7061778590510918
4,7.47865923717019,2.0255600304257975,0.7031470132024763
4,6.078546193997607,1.2710374584334887,0.6366971118111672
4,6.57094498059514,1.546260971064833,0.756229869687267
4,6.57094498059514,1.546260971064833,0.756229869687267
4,6.224421574904248,1.4295590004530392,0.7296218208961838
4,6.224421574904248,1.4295590004530392,0.7296218208961838
4,5.89674696264192,0.60027346645996,0.7480781968874225
4,6.019007203575949,0.562577490301728,0.7184187164636405
4,4.473818268046562,0.5263662494157858,0.6888344114827256
4,5.298768274240255,0.5272462430468033,0.6858048725462061
4,5.319594501432749,0.5105587363079556,0.7543191704180588
4,7.663258563236662,0.5124240998270734,0.7496524820248487
4,7.533014084383702,0.5468961577414713,0.8043294138202468
4,6.674655105261746,0.5660932242226977,0.7305028122446301
4,5.33759277878921,0.5281169755983205,0.741632164331587
4,5.33759277878921,0.5281169755983205,0.741632164331587
4,5.681967747594101,0.5615582539940838,0.6918412035048053
4,5.681967747594101,0.5615582539940838,0.6918412035048053
4,5.1606604724058345,0.5564380270335507,0.7865624035074523
4,4.363603577850039,0.5669208841912738,0.7673261682594761
4,6.920869681975142,0.5752057067529279,0.7845675213731258
4,5.55476360527964,0.5472431469706198,0.7367305490535905
4,5.7745527599435835,0.5924282818328167,0.6330796375480221
4,5.78678725228001,0.6688928009015134,0.7399660027867931
4,8.2701901923773,0.8256630221799061,0.7098045182839132
4,5.954455098909231,0.612533216692995,0.6499049778772881
4,6.053506764004241,0.6541872667037999,0.7380405519414166
4,6.24610426530809,0.7179129328330173,0.7194458034411556
4,7.246825653416858,1.3960741661613603,0.6614401588760378
4,9.012793060480492,1.8003263342015399,0.7063265427486481
4,7.126329129239428,1.720456627014337,0.7945633685601057
4,7.126329129239428,1.720456627014337,0.7945633685601057
4,7.835242683542766,1.2396453740737192,0.6991408405157072
4,8.46388660487721,1.3997128831435304,0.7754462208830092
4,7.644661007108114,1.986221131028302,0.6606136890355696
4,7.644661007108114,1.986221131028302,0.6606136890355696
4,7.644661007108114,1.986221131028302,0.6606136890355696
4,6.171291957740279,1.633885190210589,0.6790097332969162
4,7.561524477658599,1.3027559414092234,0.6010009964694574
4,7.6461217791547265,1.1032777113759957,0.6750327608489514
4,6.540827254955961,1.3927389211557393,0.7685666930737207
4,6.540827254955961,1.3927389211557393,0.7685666930737207
4,7.7150358783405,1.0736613173946878,0.7424836356441662
4,7.910817027615407,2.2378674654469446,0.7706380705571522
4,7.426903212919887,2.0919894424769807,0.7801113487943346
4,7.426903212919887,2.0919894424769807,0.7801113487943346
4,8.321992105867647,1.3385354884035539,0.6888822147811308
4,8.321992105867647,1.3385354884035539,0.6888822147811308
4,8.006146977822876,1.5032544524004339,0.6768098317436083
4,8.006146977822876,1.5032544524004339,0.6768098317436083
4,8.045085430654288,1.1574437889214986,0.7811701080763569
4,8.177192261761192,3.0800038145263025,0.7495808935581374
4,8.723709526236188,2.3858975494726735,0.7449795974398751
4,7.372317048951013,1.8364190234039766,0.7306854366502509
4,7.372317048951013,1.8364190234039766,0.7306854366502509
4,7.372317048951013,1.8364190234039766,0.7306854366502509
4,6.279313981120273,1.352059299201732,0.7659052922239171
4,6.279313981120273,1.352059299201732,0.7659052922239171
4,8.444868990308537,1.4433365695002172,0.6766000054759336
4,8.35259789511706,1.651997867678524,0.7298204250752774
4,8.162623411571406,1.7220114288354118,0.6932811848680414
4,7.661052357538366,1.369985058577605,0.6485944255361445
4,7.661052357538366,1.369985058577605,0.6485944255361445
4,5.856430534280018,0.9581350589846812,0.7192813282663438
4,8.303767447702615,2.3109144488068494,0.7088289591545784
4,8.303767447702615,2.3109144488068494,0.7088289591545784
4,7.997789240294598,1.6718944440041321,0.7248108366443424
4,7.997789240294598,1.6718944440041321,0.7248108366443424
4,7.518437920488401,1.7134236460838739,0.7094852924181227
4,6.333070118732981,1.2732039071197154,0.7137384462282461
4,6.537958780967097,0.9159869620617735,0.7282543183809344
4,6.537958780967097,0.9159869620617735,0.7282543183809344
4,6.537958780967097,0.9159869620617735,0.7282543183809344
4,6.244141919277247,0.9535905385231256,0.7321613384332887
4,6.709334623123396,0.8620080637191124,0.6835369842790411
4,6.709334623123396,0.8620080637191124,0.6835369842790411
4,6.925163803954919,0.9124153127294161,0.7135846570369159
4,6.316337554143997,0.8832232558826235,0.6366916122533564
4,7.050557567785453,1.0840749795605098,0.6206147048010071
4,5.641080996095861,0.8066657567814732,0.6469532880619975
4,6.6360436728597305,1.2570106817374298,0.6564268306193245
4,7.326548262828297,1.508711879146472,0.681842456872567
4,7.326548262828297,1.508711879146472,0.681842456872567
4,7.808360485281107,1.802152435349078,0.696892880731655
4,9.55234010229035,2.0919394100445983,0.6534861977432471
4,9.139955329599045,1.1474741276355855,0.6713858329757533
4,8.529480038234826,1.1158323274029067,0.6791854866786912
4,7.4628780531480725,1.7018025198492326,0.7964971282491378
4,6.773343086373624,1.1747500507493558,0.6470047840130593
4,8.840557382248424,2.1961848389551397,0.6670482750743613
4,7.564276196743115,1.7258503363146684,0.6672878902496219
4,7.564276196743115,1.7258503363146684,0.6672878902496219
4,7.564276196743115,1.7258503363146684,0.6672878902496219
4,9.331562599313116,2.311786229912488,0.6283070940422852
4,8.096929705676285,2.7719238792490826,0.6892985900142019
4,8.27408208694966,1.8728203477595904,0.6237026282318918
4,7.465560451681248,1.4733107929316906,0.722087455253587
4,6.785005418320164,1.3051864494505412,0.6353148213236889
4,7.071094719558734,1.0289975950375025,0.7068452260591157
4,7.071094719558734,1.0289975950375025,0.7068452260591157
4,7.071094719558734,1.0289975950375025,0.7068452260591157
4,5.884184952699072,1.0094447499435861,0.7039374295782668
4,5.884184952699072,1.0094447499435861,0.7039374295782668
4,5.884184952699072,1.0094447499435861,0.7039374295782668
4,8.675801281180206,1.4674555187439466,0.6673611707732682
4,8.675801281180206,1.4674555187439466,0.6673611707732682
4,8.675801281180206,1.4674555187439466,0.6673611707732682
4,8.675801281180206,1.4674555187439466,0.6673611707732682
4,7.229452833944792,1.0988158949222075,0.634671183065593
4,7.841850282075228,1.0087066107102909,0.6174469142950508
4,7.841850282075228,1.0087066107102909,0.6174469142950508
4,7.371972993704836,3.036064659457076,0.6699142492238789
4,9.0129730433562,2.9479726648778346,0.7069375131081161
4,10.069505212938218,1.9189631795235085,0.6548490604339972
4,9.642407772576297,1.539366225959456,0.6413112283115434
4,6.721994487584551,1.2451301106049382,0.723352364743251
4,6.721994487584551,1.2451301106049382,0.723352364743251
4,8.688625753706773,2.2645451728287656,0.6264643225999306
4,7.254727827458036,0.9515779526517969,0.6190700231904925
4,7.575873199169891,1.9817065056869567,0.6562130331956122
4,7.672549952956457,1.3808776426537583,0.667918985323197
4,7.261079032630129,1.2488085505212467,0.7323230250936908
4,6.07085763934708,1.4307641188695572,0.7187735051630314
4,7.430955583902787,1.3701836842238555,0.7218833800641138
4,6.155575666064102,1.2471058688108743,0.6875561180060354
4,8.12408921287808,0.9808344450592114,0.6882287959462409
4,8.922764743275783,1.4621409550896403,0.7773591919046087
4,7.412326757228704,1.1366780244601955,0.6880024074515995
4,7.412326757228704,1.1366780244601955,0.6880024074515995
4,8.13510105555907,1.2654917727094852,0.6654921779007489
4,8.13510105555907,1.2654917727094852,0.6654921779007489
4,7.5207154322601175,1.0820195664354835,0.6064423176772837
4,6.035715239451079,0.943357892700949,0.6348482128257061
4,7.045716921898386,1.0287698240389087,0.7195075936836545
4,5.292068922653713,1.0478087253479758,0.6978198552700556
4,9.339674314340385,2.1481444366197886,0.7077643084640344
4,8.2540279924274,2.0721289920425927,0.7585950885968489
4,8.2540279924274,2.0721289920425927,0.7585950885968489
4,8.2540279924274,2.0721289920425927,0.7585950885968489
4,8.2540279924274,2.0721289920425927,0.7585950885968489
4,6.545548137052607,1.345418294478954,0.7120151634346747
4,6.585503248373247,0.8978328211395269,0.686536482539439
4,8.46303344320395,1.4682601018410442,0.7019819923283006
4,9.131639753681444,2.1812688713962265,0.8079001247136923
4,6.424983369920561,1.2164188827191866,0.7026426476125416
4,6.424983369920561,1.2164188827191866,0.7026426476125416
4,6.424983369920561,1.2164188827191866,0.7026426476125416
4,6.424983369920561,1.2164188827191866,0.7026426476125416
4,6.424983369920561,1.2164188827191866,0.7026426476125416
4,6.424983369920561,1.2164188827191866,0.7026426476125416
4,6.377117878795107,1.2452028319037618,0.6793080592277112
4,6.881970311526185,0.8425183601174137,0.6545271066169289
4,6.881970311526185,0.8425183601174137,0.6545271066169289
4,6.391355211954882,0.8307846029373134,0.6807690379815862
4,6.391355211954882,0.8307846029373134,0.6807690379815862
4,6.391355211954882,0.8307846029373134,0.6807690379815862
4,6.391355211954882,0.8307846029373134,0.6807690379815862
4,6.391355211954882,0.8307846029373134,0.6807690379815862
4,5.651575586728296,0.7799344626498159,0.6979160177918976
4,7.804667611551475,1.988876241800551,0.7002500425957149
4,7.2057057319824915,1.3886765707613453,0.6675819764096553
4,7.2057057319824915,1.3886765707613453,0.6675819764096553
4,5.873918805323864,1.0307434626410656,0.695720191261429
4,6.83714138786985,1.921033564524404,0.7677719146790669
4,6.665421799434903,1.5635757257540526,0.8123576965153738
4,6.041612051578616,0.6605806403070901,0.7378770239578851
4,5.408337599044797,0.6887353453402639,0.7539555644041634
4,6.62593245977448,0.7718318619307654,0.6571048744545734
4,7.130801942482956,0.8805404738156225,0.7435961013644802
4,6.496429093616824,0.8746170357727168,0.6414773100473433
4,6.078626845932448,1.9935315183108013,0.6105392554203517
4,4.85265860754768,1.2383112709734583,0.8263695157932507
4,6.733249426433349,1.4435967849782738,0.6836849007728703
4,6.342988265261733,1.3548141620498568,0.7442249377105251
4,6.342988265261733,1.3548141620498568,0.7442249377105251
4,6.342988265261733,1.3548141620498568,0.7442249377105251
4,6.760019903438643,0.8844979357644471,0.6735001642559607
4,7.6926628963433545,1.334303563136297,0.7302150266452409
4,6.580640076044046,1.3852956072871405,0.7272507178005753
4,7.837494692766169,1.1770452573792327,0.684509061586797
4,7.837494692766169,1.1770452573792327,0.684509061586797
4,5.764602561242837,1.0057615411030874,0.7064202090195593
4,5.574571730623417,0.7768135011270489,0.6828923359916942
4,4.8129074902025355,0.6458716232138051,0.7751296330056728
4,6.21864522370287,0.7051554681087204,0.718167347965921
4,6.223950015161012,0.670645343781487,0.6904699179075829
4,5.985293138307497,0.6247522928257775,0.7202456346282855
4,5.688286386625161,0.7301674182710164,0.7341839391100281
4,8.163561908460638,1.1965824635565923,0.7122309508549662
4,6.550715355900671,1.0118560650193422,0.689074332211337
4,6.550715355900671,1.0118560650193422,0.689074332211337
4,6.301324810235051,1.7802621599831834,0.6752663053168748
4,6.375541051546156,1.3613347493267773,0.6607680000753339
4,6.375541051546156,1.3613347493267773,0.6607680000753339
4,6.375541051546156,1.3613347493267773,0.6607680000753339
4,8.91189429981265,1.4130532134000011,0.7270487294245366
4,7.653771857777743,2.410377755817106,0.7141840352311365
4,7.653771857777743,2.410377755817106,0.7141840352311365
4,7.653771857777743,2.410377755817106,0.7141840352311365
4,6.460117601755453,1.3704982789226998,0.6845161630972165
4,6.460117601755453,1.3704982789226998,0.6845161630972165
4,6.704624406129075,1.648756814809621,0.7836218416943986
4,6.704624406129075,1.648756814809621,0.7836218416943986
4,5.865403258682248,1.0172443498211876,0.7647024142478025
4,6.164459644706395,1.171147772682851,0.7820362379591125
4,10.26293805931725,1.4204720776742308,0.7196603269137686
4,5.933447466923852,0.8979515771412652,0.724584685875368
4,5.933447466923852,0.8979515771412652,0.724584685875368
4,5.933447466923852,0.8979515771412652,0.724584685875368
4,5.933447466923852,0.8979515771412652,0.724584685875368
4,5.933447466923852,0.8979515771412652,0.724584685875368
4,4.913928384494442,0.6496796905300254,0.761476596982193
4,6.517688792542411,0.5801708459138216,0.6767193688332812
4,7.575709425838936,0.7108503448672774,0.5797016265981926
4,4.624058445752849,1.2409633163202323,0.7135359353067744
4,4.565523937915062,0.5756401295576292,0.7668145975698852
4,6.850042192283279,1.0115709867227611,0.6241278123569042
4,6.850042192283279,1.0115709867227611,0.6241278123569042
4,6.375706604828411,0.7815954348338718,0.6525144102086821
4,6.573158549669383,0.754891073909828,0.6672389798987979
4,5.05405938706912,0.7005044556134385,0.7527469287076572
4,5.693580261847161,0.7032003658013077,0.7401028872413618
4,5.820019833607554,0.5637177360697712,0.7037514412932648
4,6.018665243963335,0.6173094193357186,0.7295199695784021
4,6.209284938889391,0.7738476155277914,0.7493656997055667
4,6.211609574525603,0.7825923086261173,0.7179132932767279
4,7.673266450488101,1.0840628083842383,0.7001086506769576
4,7.673266450488101,1.0840628083842383,0.7001086506769576
4,7.673266450488101,1.0840628083842383,0.7001086506769576
4,7.673266450488101,1.0840628083842383,0.7001086506769576
4,7.903389649336988,1.1711728012470468,0.6446684542821367
4,7.52749152195421,1.5569112699099519,0.6825986340046524
4,6.9813747975519025,1.3959031118270242,0.725964692072042
4,8.17524059654574,1.2417438458302574,0.6863552462775698
4,6.444120064846137,1.6082422794819287,0.7427051312405947
4,8.59218125490471,2.408099172900193,0.7391306966022191
4,7.916091989979001,2.5759722071202535,0.6844264869890567
4,9.259338920405547,2.0390906469820407,0.5993313181340186
4,8.633789673528149,2.486700570535209,0.7074731835169704
4,6.389077745788764,1.4354175851698812,0.6909521023053802
4,7.605348365751616,1.9773975198829261,0.6893903216172652
4,8.634559964626636,2.028573580591794,0.7260398246095382
4,9.224703179233853,1.751395542151119,0.7065574745746196
4,8.796822530466585,1.5995859147084395,0.6792098958738375
4,7.2029496108733575,1.412234889868159,0.6993483792148839
4,6.866774514739327,1.9512497258574657,0.692747400781631
4,6.992223269493914,2.2516531722828397,0.714612300014292
4,4.673903204561804,1.2988993559422874,0.7015520763755966
4,4.673903204561804,1.2988993559422874,0.7015520763755966
4,4.673903204561804,1.2988993559422874,0.7015520763755966
4,4.673903204561804,1.2988993559422874,0.7015520763755966
4,6.972001692699717,2.030808675505172,0.7101903715586658
4,9.21103854071575,2.0272900899442434,0.6975215357700696
4,9.21103854071575,2.0272900899442434,0.6975215357700696
4,7.580110671222286,2.188473220858235,0.6459000633575317
4,9.537694307744918,1.5206936278458036,0.6828731819794939
4,6.679421712786716,1.6134665899808653,0.7801193205991187
4,7.789043338722569,2.0231631972993127,0.7690000419192282
4,6.675421719463746,1.87071940309566,0.7609192726176888
4,7.820963511902871,1.8116061253279203,0.6343503378872302
4,5.372041372016167,1.497552019200981,0.6942684151001983
4,8.853389930963033,1.552007571613362,0.6254854235623628
4,8.853389930963033,1.552007571613362,0.6254854235623628
4,8.853389930963033,1.552007571613362,0.6254854235623628
4,8.507669577139936,2.0650889461675637,0.6916290207369119
4,7.457646476041778,1.4391000307621513,0.6912879039834702
4,7.457646476041778,1.4391000307621513,0.6912879039834702
4,7.01986373190927,1.2140176889145535,0.6429145457110531
4,8.351509648655806,2.2814961086792214,0.7658703040804096
4,8.351509648655806,2.2814961086792214,0.7658703040804096
4,8.351509648655806,2.2814961086792214,0.7658703040804096
4,7.5252699402404275,1.5268151539186003,0.7777748178864212
4,7.321888174425916,2.259777318539061,0.6787639599023134
4,7.410967419262525,2.4197160630429333,0.7422861574296328
4,6.974686201264192,1.558068863907216,0.7578932250044605
4,6.974686201264192,1.558068863907216,0.7578932250044605
4,6.974686201264192,1.558068863907216,0.7578932250044605
4,6.974686201264192,1.558068863907216,0.7578932250044605
4,6.974686201264192,1.558068863907216,0.7578932250044605
4,6.428064393884379,0.6502325811475658,0.6776167145185424
4,6.223179861621149,0.6019802275049769,0.7265052039394482
4,6.5911795505420905,0.6963858329463225,0.6685824222422347
4,5.3586565348530035,0.772660106037081,0.7582371233730362
4,5.8607346454110205,0.7640069535563838,0.7026603680285501
4,5.757315792281811,0.7794679687272188,0.74903759013166
4,5.186134153292141,0.9197167319710358,0.700443458577232
4,7.085463395650663,0.8560829042253102,0.742027891987364
4,6.262893121654562,1.3778030959693126,0.6764277694038973
4,7.362510049613926,2.308299944373827,0.7637167563120886
4,8.628270664574341,2.4215481055897685,0.684010398699074
4,9.05648909591007,1.8167405332275375,0.6382067280623055
4,9.05648909591007,1.8167405332275375,0.6382067280623055
4,9.03903685195943,1.5498236946047939,0.6848941304023448
4,6.250182767827153,1.0455402410644108,0.7026019627970205
4,6.3245763494097185,1.654807121065206,0.6796731813182906
4,9.581825608182235,2.1816333590806867,0.6823521212417003
4,7.138273957298207,1.727483745891139,0.6680060234384079
4,7.219545684903641,1.8997426854470874,0.668121038735659
4,7.205885634779702,1.419993713404508,0.642955818878052
4,7.205885634779702,1.419993713404508,0.642955818878052
4,7.14001860932938,2.151884308527051,0.6907808077265452
4,7.14001860932938,2.151884308527051,0.6907808077265452
4,7.14001860932938,2.151884308527051,0.6907808077265452
4,7.14001860932938,2.151884308527051,0.6907808077265452
4,7.14001860932938,2.151884308527051,0.6907808077265452
4,6.175502151358205,0.6413812130418126,0.6998690167982543
4,6.5184674579540225,0.6168803143494708,0.6898461279941178
4,7.745127477160582,0.5931023448434731,0.7061438608144551
4,7.745127477160582,0.5931023448434731,0.7061438608144551
4,7.745127477160582,0.5931023448434731,0.7061438608144551
4,5.376771013647952,0.605253595637788,0.701013429577956
4,5.376771013647952,0.605253595637788,0.701013429577956
4,5.376771013647952,0.605253595637788,0.701013429577956
4,5.376771013647952,0.605253595637788,0.701013429577956
4,7.731562391110425,0.7536154649405153,0.8013623170741059
4,5.971119665123296,0.773780111252385,0.7254378005527483
4,8.911830385228722,1.3669444530151211,0.6305545287308602
4,6.899137602360708,1.0462205690043649,0.6218949275590531
4,6.899137602360708,1.0462205690043649,0.6218949275590531
4,7.281086094163338,1.8044426610604987,0.6222479055952301
4,7.281086094163338,1.8044426610604987,0.6222479055952301
4,7.903103866784232,0.9951238045772339,0.7159784622770377
4,7.69931713656043,1.0833402161888037,0.7312710909942367
4,5.752315355577516,0.9245381902142542,0.7457552231766547
4,9.607136487778956,1.5291187289746346,0.6788168332108063
4,7.690048867845597,2.0021696480306854,0.7308535946976538
4,8.206082997903131,1.3981488128700639,0.7349093815611034
4,8.520458164202036,0.8864136513928518,0.6552782622603367
4,4.90087933415334,0.6427334401265581,0.7573695340599989
4,5.123579652062634,0.7073545175738997,0.7662470893982369
4,5.700901984418359,0.6437295621747319,0.7065513261183419
4,9.03794121688061,1.4470051593132276,0.7269919112292006
4,7.736875707233408,1.3379405684628076,0.6534361540233657
4,6.276522131735876,1.0340155833665183,0.6688548618365833
4,7.886227378070876,1.308427070925081,0.7462342001119303
4,6.738958523746511,1.5854220420092655,0.8215390743053119
4,7.772203031190862,1.039243214376937,0.7612571961923937
4,7.593829821806611,1.1132449802343902,0.6629315397676494
4,7.6472371263095695,1.1010086892988433,0.6876822731469586
4,8.918130712712358,1.0768563636161481,0.644405360503876
4,6.639638596881282,1.5813607888742343,0.7371596683157853
4,7.251521839308235,1.261173289314494,0.7188235026038665
4,7.934599265041377,1.750757591752183,0.7506552741047915
4,8.791127818838724,1.8106852432371499,0.7261884845154493
4,8.09840992065076,1.6108519764305282,0.6838818256316396
4,8.856377274665965,2.0256282002594745,0.6189037401632317
4,7.249258097653287,2.061610806271701,0.628845697340372
4,6.055958823320987,1.991065412106197,0.7053781835396895
4,8.48218413851963,1.8957759019158966,0.684948539423102
4,8.48218413851963,1.8957759019158966,0.684948539423102
4,8.028145892456745,1.3485932319474556,0.7163594773537025
4,9.44907456221504,2.475401196390098,0.7239236889543749
4,7.801315451244811,1.576684071925463,0.7017047896347822
4,9.041627639744235,1.9450413584688757,0.6947830620081794
4,9.041627639744235,1.9450413584688757,0.6947830620081794
4,7.512550750565998,0.9195462281489423,0.6546591226869848
4,6.2730625300644185,1.7160945836782897,0.6651648410608787
4,5.581334734322626,0.9193017722858088,0.7614546097654687
4,5.073153271874004,0.6963251097528328,0.7317349156271299
4,5.068961904831857,1.002584868280087,0.7077133645222459
4,5.920699853247682,1.6800140985126248,0.7619661315060753
4,7.554832428655594,1.7756902910129455,0.6629673422977539
4,8.289274545806725,2.1242080673171064,0.6725460599557143
4,10.221731415728323,1.7311986972862243,0.6138293712413798
4,10.221731415728323,1.7311986972862243,0.6138293712413798
4,6.732979866394639,1.6053808500182472,0.668577737576107
4,6.552814222645023,0.9191971380043011,0.7791359009439529
4,6.230393522000477,0.7963549219131513,0.7434923436425778
4,8.187285669826377,0.9408890664740512,0.7275278592232185
4,6.968210403752148,0.6217502039074758,0.7204856378478939
4,5.354376868259124,0.6333235800383683,0.6745623769584999
4,5.354376868259124,0.6333235800383683,0.6745623769584999
4,6.595881551385041,0.6065381865147411,0.7930673071374578
4,4.929041286547967,0.6408388487461957,0.6673950440149845
4,5.41389371511718,0.9335440362730113,0.6139019924521006
4,7.069449573169294,0.7205993191604263,0.7382479694333673
4,7.069449573169294,0.7205993191604263,0.7382479694333673
4,7.069449573169294,0.7205993191604263,0.7382479694333673
4,5.9320896974541935,0.8145348593305524,0.680544268234361
4,4.660122543443465,0.8256871297343438,0.6928941008777565
4,4.660122543443465,0.8256871297343438,0.6928941008777565
4,7.735694267960459,0.872381709399368,0.6729004515971999
4,6.7168090000006835,1.3709816294543669,0.6794803959822006
4,6.7168090000006835,1.3709816294543669,0.6794803959822006
4,7.452129965044307,0.9462802530687373,0.6626780330499379
4,6.34148229062488,0.9603958519859546,0.7016972858070302
4,6.8100004832244325,1.0024596250958635,0.6575814611413157
4,6.021301884188102,1.4240455720409053,0.7848201158896067
4,6.01788988057218,1.8894987900531368,0.6742639146331606
4,8.108721858918258,1.7399490810355984,0.6162453740844201
4,6.414353507223603,1.2692757815323166,0.710726057356292
4,7.384351014573154,2.146162596062175,0.6475524178465891
4,7.244883573145442,1.0262481643658252,0.7099684271277781
4,7.244883573145442,1.0262481643658252,0.7099684271277781
4,6.35917904524746,1.2488031127306556,0.683080500206481
4,6.526936795007751,0.9008869194016116,0.7017381596369501
4,6.479664064780005,1.2597605770564293,0.6817008138524986
4,6.479664064780005,1.2597605770564293,0.6817008138524986
4,7.4661256552930695,1.1057874906779332,0.725237214700124
4,6.75538191008574,1.3050817009714029,0.8029374965515801
4,6.2800454656708045,1.128891487199857,0.7334098029082862
4,5.416322641865332,0.5897247477437322,0.7628025212788468
4,5.158696125784219,0.5561783072670649,0.780210907018097
4,7.348018125777316,0.5389799119428746,0.6423189481533291
4,6.88720900542189,0.6445871940934227,0.6940137522955404
4,6.88720900542189,0.6445871940934227,0.6940137522955404
4,6.7945452570777505,0.6661088438037388,0.6626408697148379
4,7.477745939710024,1.1429261579205812,0.7646938383502869
4,8.817642288356808,1.7184655893549454,0.7147836162105086
4,8.817642288356808,1.7184655893549454,0.7147836162105086
4,8.663609236272798,1.8888278717579496,0.7576054791221235
4,7.614224040902173,1.603736047593746,0.6848883407044859
4,7.614224040902173,1.603736047593746,0.6848883407044859
4,7.614224040902173,1.603736047593746,0.6848883407044859
4,7.614224040902173,1.603736047593746,0.6848883407044859
4,7.614224040902173,1.603736047593746,0.6848883407044859
4,7.614224040902173,1.603736047593746,0.6848883407044859
4,7.614224040902173,1.603736047593746,0.6848883407044859
4,7.614224040902173,1.603736047593746,0.6848883407044859
4,7.614224040902173,1.603736047593746,0.6848883407044859
4,7.614224040902173,1.603736047593746,0.6848883407044859
4,7.614224040902173,1.603736047593746,0.6848883407044859
4,7.614224040902173,1.603736047593746,0.6848883407044859
4,7.614224040902173,1.603736047593746,0.6848883407044859
4,7.614224040902173,1.603736047593746,0.6848883407044859
4,7.614224040902173,1.603736047593746,0.6848883407044859
4,7.614224040902173,1.603736047593746,0.6848883407044859
4,5.663506768772144,1.5202895582711937,0.7246170237567224
4,4.400127214563376,1.0382566999302132,0.7981722473937956
4,7.1034871194064655,1.7510902606753789,0.7767804870194824
4,8.038616209221455,1.0611043742869848,0.7360260304139999
4,8.352731014827622,1.6066907442152003,0.7437385520551083
4,7.678914185247597,1.8588631707795618,0.7618994587781242
4,7.371859995931071,1.4766308537918102,0.6777734700689959
4,7.371859995931071,1.4766308537918102,0.6777734700689959
4,7.371859995931071,1.4766308537918102,0.6777734700689959
4,6.6832476512541055,0.9092158292710368,0.631695336280262
4,6.27626175937462,1.0067727656772365,0.6513381891100358
4,6.27626175937462,1.0067727656772365,0.6513381891100358
4,6.27626175937462,1.0067727656772365,0.6513381891100358
4,6.223964782051226,0.9330122284245179,0.6689283819047149
4,5.807447986703861,1.1794979937737406,0.6581445335115224
4,5.727832059339519,1.0676336210230457,0.767308037958725
4,5.727832059339519,1.0676336210230457,0.767308037958725
4,7.563888194606276,2.122356305625959,0.711548206594398
4,6.966344477553498,2.4207122065064133,0.7807897015634773
4,7.404937482156979,1.4493270802114335,0.7323603803701735
4,7.18144103510267,1.8600545743025,0.6623888882304343
4,6.584609163710788,1.1262679787260137,0.688336282034773
4,7.8695106672488135,1.0730595412440695,0.7870032654357982
4,5.933498487237286,1.0785296335046035,0.650554286045581
4,6.573267603032595,1.1201184529537995,0.7605710519611885
4,6.475300799087943,1.3675314669553593,0.7241129609986695
4,5.644080865934441,0.8594523910785141,0.7054660746390593
4,5.644080865934441,0.8594523910785141,0.7054660746390593
4,5.644080865934441,0.8594523910785141,0.7054660746390593
4,8.721395226600556,2.29979753645679,0.7052301333366824
4,8.721395226600556,2.29979753645679,0.7052301333366824
4,8.721395226600556,2.29979753645679,0.7052301333366824
4,8.721395226600556,2.29979753645679,0.7052301333366824
4,8.721395226600556,2.29979753645679,0.7052301333366824
4,6.345197545487758,1.7394367634510988,0.6997717271441827
4,6.345197545487758,1.7394367634510988,0.6997717271441827
4,8.56309853683203,2.723324320165005,0.778338869020272
4,8.150747417934456,1.6543529576995093,0.806301184174622
4,8.150747417934456,1.6543529576995093,0.806301184174622
4,7.673230135075557,1.4392608040415555,0.746344273411876
4,6.964105086507198,1.3737459972180472,0.6519537897849983
4,6.964105086507198,1.3737459972180472,0.6519537897849983
4,6.441727426681647,1.5657656054384042,0.739288773390831
4,6.846584933962348,1.2392364663185278,0.7066747972775084
4,6.846584933962348,1.2392364663185278,0.7066747972775084
4,7.0083350070291655,1.7158421134805695,0.7735798237285545
4,6.652564054221844,1.1590656782043631,0.7655571165966345
4,5.9346014494337425,0.9341264647102392,0.7745798930521559
4,8.975746337197652,1.5019445826155853,0.6053515539460764
4,7.609535756690208,1.2272142680729294,0.6842807140504525
4,7.811519679554589,1.4993728742337362,0.6430881858256104
4,7.860217629288596,1.5878229166373043,0.7166724318951897
4,6.7649678498033765,1.4538277219132874,0.7452193434940683
4,6.821048216329851,1.5123905385334186,0.7034453027750656
4,6.967764970805056,0.8963089753322279,0.7382146098535374
4,6.618131850533911,0.7684087543719939,0.6878643702619103
4,6.79239040024242,2.1761483287536114,0.7446374786433863
4,6.79239040024242,2.1761483287536114,0.7446374786433863
4,6.79239040024242,2.1761483287536114,0.7446374786433863
4,5.921851351661725,0.8751489394591427,0.7308899281881133
4,6.6014830478747895,1.475745944001586,0.6392228231052638
4,6.6014830478747895,1.475745944001586,0.6392228231052638
4,6.501860891865252,0.8221428213894075,0.7239773383597117
4,6.501860891865252,0.8221428213894075,0.7239773383597117
4,6.188834160358297,1.227125348885619,0.7477631917202103
4,6.188834160358297,1.227125348885619,0.7477631917202103
4,6.212242003201599,1.125890997467029,0.6993821867539324
4,7.503820519026079,1.120610602663414,0.5928094023051461
4,6.832792394272738,0.8213593270625994,0.7544577020295763
4,7.072186872611921,1.0653381138095215,0.7372034121816803
4,7.072186872611921,1.0653381138095215,0.7372034121816803
4,6.44505259554846,2.1927393425825104,0.7044801539022048
4,5.72291318168151,1.1024547479998272,0.7445550577290991
4,5.72291318168151,1.1024547479998272,0.7445550577290991
4,5.909461869070219,2.156379341440413,0.8094936549821715
4,7.61032605756343,2.1276362090132057,0.7732802393500677
4,9.048887975348428,1.8726626703253213,0.7246574287430795
4,6.726699960369693,1.1190876695703942,0.7006561163873776
4,9.947508810841493,2.044940666140059,0.6900888146624422
4,9.947508810841493,2.044940666140059,0.6900888146624422
4,9.947508810841493,2.044940666140059,0.6900888146624422
4,8.810377625855235,1.5201936694725098,0.7076746987780722
4,8.810377625855235,1.5201936694725098,0.7076746987780722
4,7.181394063929764,1.0867149096606843,0.7375715549843718
4,6.413658245253017,0.8026318515890372,0.701669140123941
4,9.26730372821484,1.5370383241604355,0.7234302718069832
4,7.695224940121658,1.4169530261081378,0.7628753575181193
4,7.695224940121658,1.4169530261081378,0.7628753575181193
4,5.9657166061281535,1.07793359959082,0.6998839512859419
4,5.9657166061281535,1.07793359959082,0.6998839512859419
4,5.9657166061281535,1.07793359959082,0.6998839512859419
4,7.369755806071546,2.5784812789234914,0.6698151804786564
4,8.34848830319184,0.7966923533687053,0.7754862958953535
4,6.732102348960233,0.7566298466704153,0.6853440425188451
4,6.778947944257579,1.0140752752045077,0.6474477437203501
4,7.732419759720529,1.2952043081432436,0.6727988596570127
4,7.295287070591596,1.5492113845324296,0.781918573299897
4,7.321115938097082,1.9581699928373684,0.7566661522750101
4,7.321115938097082,1.9581699928373684,0.7566661522750101
4,7.744740695505612,1.3950499229717883,0.6729648399784665
4,5.660715697187769,0.9712804962525807,0.7688465726703718
4,5.8352743315475,0.6366774272559277,0.8282744193682352
4,6.609983188523736,0.5508837742310455,0.7991854448893512
4,5.751293266383463,0.793106503993401,0.7457192719869004
4,6.20641407150856,0.9979954499847189,0.6670980666301877
4,6.20641407150856,0.9979954499847189,0.6670980666301877
4,6.841380337132008,1.0512576222561536,0.7571152192293326
4,6.841380337132008,1.0512576222561536,0.7571152192293326
4,7.7561066445820614,1.7528116022918487,0.7433207041861759
4,7.7561066445820614,1.7528116022918487,0.7433207041861759
4,7.7561066445820614,1.7528116022918487,0.7433207041861759
4,7.7561066445820614,1.7528116022918487,0.7433207041861759
4,7.7561066445820614,1.7528116022918487,0.7433207041861759
4,7.7561066445820614,1.7528116022918487,0.7433207041861759
4,7.7561066445820614,1.7528116022918487,0.7433207041861759
4,7.7561066445820614,1.7528116022918487,0.7433207041861759
4,9.459721970674309,2.476491776810363,0.7261731378882715
4,7.687000098395942,1.5023442195289782,0.7125379587096449
4,7.687000098395942,1.5023442195289782,0.7125379587096449
4,7.675862187778709,0.9435051670289111,0.6802213303413862
4,7.675862187778709,0.9435051670289111,0.6802213303413862
4,7.0337049430336025,1.8394658513896054,0.6488381591917486
4,9.584677915629884,1.6611722767046109,0.6748238954308516
4,7.5542403241449065,1.5251591170308123,0.7404486789491282
4,7.5542403241449065,1.5251591170308123,0.7404486789491282
4,7.5542403241449065,1.5251591170308123,0.7404486789491282
4,8.292781953044994,1.557677105223453,0.7596593187532905
4,8.292781953044994,1.557677105223453,0.7596593187532905
4,8.292781953044994,1.557677105223453,0.7596593187532905
4,8.829988080564732,2.659742671112694,0.732678326202403
4,8.829988080564732,2.659742671112694,0.732678326202403
4,8.829988080564732,2.659742671112694,0.732678326202403
4,6.821876883684352,2.218581008785945,0.7437103564276945
4,6.821876883684352,2.218581008785945,0.7437103564276945
4,10.31587776085633,2.3400823055081306,0.6299289426993695
4,10.029673799882165,1.879329458034902,0.6605424077276949
4,7.663591840293537,1.489192823567056,0.6928543135869494
4,7.663591840293537,1.489192823567056,0.6928543135869494
4,7.034394632178855,1.7277615227595151,0.7281506409744007
4,6.628969337226047,1.6288176623859163,0.6695978208460113
4,6.087264283797451,0.8200263543350823,0.6721440336905626
4,6.541042990234317,0.6818286963946234,0.7378675214576917
4,5.804583955862673,0.7804270223639413,0.7467462109448014
4,6.128755121921905,0.7188074223443033,0.7591314701886386
4,7.205833831645127,1.6659824383743844,0.7659215228613935
4,7.389493832326732,1.6441686567107499,0.6470693560707705
4,7.389493832326732,1.6441686567107499,0.6470693560707705
4,8.90992679594972,1.096443199662617,0.675255063455019
4,7.032368837599239,0.9233053662218185,0.7121472716863839
4,7.838210345935889,2.6131237410021138,0.7345456202056364
4,7.838210345935889,2.6131237410021138,0.7345456202056364
4,7.623614693567215,1.2572257865859604,0.7807533741258663
4,7.492970111848241,1.0818890375410433,0.6608882366568298
4,9.465266593962468,1.6753189525064471,0.753011262060028
4,9.465266593962468,1.6753189525064471,0.753011262060028
4,6.456063827457285,1.155824288021373,0.5779823066422871
4,9.169778470714636,2.666655044485209,0.7132351038310681
4,7.115019419141992,1.2185895073055226,0.7498105017388024
4,7.615463081546666,1.4676934847983056,0.7697580746859496
4,7.4517274564566724,1.5893965083351895,0.7185223829663896
4,7.4517274564566724,1.5893965083351895,0.7185223829663896
4,6.842395680021684,1.5231918607455939,0.6766725034627099
4,5.0668638065588825,0.9949439541957861,0.6681170081073267
4,9.63613755755034,2.0185744580155083,0.6394033311598472
4,7.091515129470765,1.6313384453618371,0.6535461475828298
4,8.096179608760034,1.8359086079125269,0.6596921273772932
4,8.096179608760034,1.8359086079125269,0.6596921273772932
4,7.926681682903796,1.1202518622789248,0.7039492110430157
4,7.926681682903796,1.1202518622789248,0.7039492110430157
4,7.260029822871642,0.7099559841878065,0.719210934718259
4,5.160820968467843,0.6098124819628662,0.7521813857772828
4,5.696904077244542,0.7064263424294065,0.800988865553362
4,6.48569252373522,0.7709712014550885,0.754482280528506
4,6.627224807383327,1.4410939305752029,0.8051800781648822
4,6.207453635640644,0.8746177089922507,0.8222593192744454
4,8.087958602061367,1.2798566352118064,0.8489068967706332
4,5.655089615783634,0.8681586737213202,0.719525266067056
4,6.299278488504404,0.5920902557677927,0.6853788196510293
4,6.299278488504404,0.5920902557677927,0.6853788196510293
4,6.567330729141042,0.7672854430904432,0.6457450788725476
4,6.019335206487105,0.5746994348226147,0.7552973169990675
4,6.302226464386066,0.6305932894669819,0.6559492643443149
4,6.957533729832616,0.7777859124005555,0.6875483086916707
4,6.30349154370783,0.756952906872071,0.5740970628450905
4,5.1848238681253465,0.582992677671838,0.7149420768028764
4,6.274104379503887,0.6532390887828066,0.7181785325126568
4,6.274104379503887,0.6532390887828066,0.7181785325126568
4,6.274104379503887,0.6532390887828066,0.7181785325126568
4,6.914517238692894,0.77330011583037,0.7367169547092391
4,8.186604499230102,0.9214040322674044,0.6953168867821585
4,8.976983838756375,1.6014218095536386,0.7209055473693894
4,6.0253253601402035,1.0439409383123694,0.7636413381508644
4,6.0253253601402035,1.0439409383123694,0.7636413381508644
4,6.0253253601402035,1.0439409383123694,0.7636413381508644
4,6.0253253601402035,1.0439409383123694,0.7636413381508644
4,6.0253253601402035,1.0439409383123694,0.7636413381508644
4,6.1528055783017885,1.0505444722430533,0.7744999258768832
4,6.0535886668138,1.006237362398776,0.7624154938133316
4,6.615219050970586,1.1663730629754232,0.7581987764026024
4,7.466067595076969,1.0613548663876373,0.6634681953426479
4,7.453586131504776,1.4054709500670133,0.738692588087003
4,6.991896900602513,1.837986921561349,0.7744179384781295
4,8.09823253028345,1.2971029108002354,0.7327327701674498
4,7.279411816474395,1.1596929135085747,0.6211955223666416
4,6.113999570367833,1.9997304337238542,0.7420093397015013
4,9.979431556816067,1.7755460662535416,0.6597957664489147
4,6.30899992464646,0.7189821696606891,0.6914678326360606
4,7.345926829268065,1.627773540479405,0.7017263027883279
4,5.7713697055789694,0.966584621497128,0.6440956983929471
4,5.28027844567555,1.3969190799016045,0.707972089616069
4,5.998172808481707,0.8499768148557368,0.7315602850554493
4,5.646895644669777,0.758522629503958,0.6954022876151206
4,5.570667150036563,1.0899468205053449,0.7377151915238783
4,6.281555504211764,1.220725622737537,0.7185818843371814
4,6.281555504211764,1.220725622737537,0.7185818843371814
4,7.066505735272667,1.2774246855571119,0.7509652954904152
4,7.066505735272667,1.2774246855571119,0.7509652954904152
4,7.938777459193496,2.0873303527471716,0.7731369135964776
4,9.509986184843305,2.0407681775474282,0.701127753219464
4,8.56872683514725,1.9656090401080293,0.7216241852015235
4,8.56872683514725,1.9656090401080293,0.7216241852015235
4,6.548866997318015,1.3432986024118438,0.7365381745418639
4,5.6879153333248125,0.6637973852936111,0.7482915949763614
4,5.6879153333248125,0.6637973852936111,0.7482915949763614
4,6.211640510317983,1.3489550083266706,0.6910875723143926
4,6.211640510317983,1.3489550083266706,0.6910875723143926
4,6.3218486126911735,1.3792341929358174,0.6872586300802193
4,6.3218486126911735,1.3792341929358174,0.6872586300802193
4,7.536755025903641,1.7603847238631354,0.7123873746458452
4,7.536755025903641,1.7603847238631354,0.7123873746458452
4,7.536755025903641,1.7603847238631354,0.7123873746458452
4,8.11242663949597,1.7289969657307283,0.7194803233317401
4,8.11242663949597,1.7289969657307283,0.7194803233317401
4,8.11242663949597,1.7289969657307283,0.7194803233317401
4,8.288855398793176,1.6210835567344353,0.7003889372615782
4,8.288855398793176,1.6210835567344353,0.7003889372615782
4,8.085392137160667,1.0559889650965715,0.7071138868231143
4,6.4026400916203,0.9569054425541591,0.7299493848313386
4,7.492684242107474,1.0781045773510003,0.7104702994241066
4,6.4411124732620495,1.5627050815423635,0.7742872435062431
4,6.768700786690576,1.074583554960094,0.768904737475116
4,7.329871119282383,0.7219726246789231,0.7393339027359696
4,6.345665873317954,0.7234394375539536,0.7472733171539995
4,5.102635019204211,0.783776540091423,0.76594301534422
4,6.755250339898051,1.0884377783407946,0.7145284426356896
4,6.551765135487414,1.0189502613662667,0.7537426770017776
4,6.551765135487414,1.0189502613662667,0.7537426770017776
4,5.200539002100596,0.9198840909931142,0.7109318465413178
4,7.549109520258884,1.3008695842259503,0.7409270682923181
4,7.684037577740121,1.494920941815219,0.6823665080582904
4,6.93324307653763,1.1772835255196978,0.7038162405979119
4,9.765038921289477,1.9668376140125594,0.673866950059381
4,8.68519678466621,1.579595003962439,0.7040908643708702
4,6.880890002721936,2.086246801748749,0.7473497032280083
4,7.139637861010959,1.4294016238447527,0.7107079080006814
4,7.139637861010959,1.4294016238447527,0.7107079080006814
4,7.139637861010959,1.4294016238447527,0.7107079080006814
4,7.139637861010959,1.4294016238447527,0.7107079080006814
4,6.715168622080722,1.6539093279118438,0.6956481786650894
4,8.862746935689692,1.8383595968683166,0.7580728570028743
4,8.862746935689692,1.8383595968683166,0.7580728570028743
4,8.862746935689692,1.8383595968683166,0.7580728570028743
4,8.862746935689692,1.8383595968683166,0.7580728570028743
4,7.89966071737737,2.3054572740368844,0.7267322878757824
4,9.245779102472135,2.4935739487729425,0.6823362811638674
4,6.399311762475635,1.516858776929649,0.6921365941321218
4,9.542829860371608,2.6140612786159996,0.7785340156379299
4,9.542829860371608,2.6140612786159996,0.7785340156379299
4,7.864915117285107,2.2434721180919794,0.7952032681949627
4,6.974213115244683,1.1288357979784345,0.6834181153623902
4,6.974213115244683,1.1288357979784345,0.6834181153623902
4,6.2250499874875285,0.9629392102856498,0.6229544296702816
4,4.940188390858284,0.8198044191064957,0.7196239630546116
4,4.940188390858284,0.8198044191064957,0.7196239630546116
4,4.940188390858284,0.8198044191064957,0.7196239630546116
4,7.351090872585728,1.2055224149558246,0.7547734114446992
4,5.925142179701565,1.3029460933206416,0.7700574690869765
4,6.441287899064509,0.9247977115388546,0.7253173317142848
4,6.441287899064509,0.9247977115388546,0.7253173317142848
4,6.77609081903127,0.9963592730895829,0.6699621488469093
4,6.77609081903127,0.9963592730895829,0.6699621488469093
4,6.77609081903127,0.9963592730895829,0.6699621488469093
4,6.77609081903127,0.9963592730895829,0.6699621488469093
4,6.77609081903127,0.9963592730895829,0.6699621488469093
4,5.9081993647516,1.001722823950777,0.6595374483532817
4,5.858902187317546,0.8453824335638445,0.7299934199783296
4,7.726521946333341,0.9380662894240408,0.6632829205488449
4,7.726521946333341,0.9380662894240408,0.6632829205488449
4,5.140154541697868,0.7699899430739734,0.7732165474424774
4,5.4682526826670275,0.802571151061042,0.7698894923344871
4,5.4682526826670275,0.802571151061042,0.7698894923344871
4,5.336681064252485,0.8751281803200752,0.7615996273294977
4,5.140155144215498,0.7441002816245181,0.7712415765536392
4,5.5038045421911725,0.8504459587385667,0.7474086306298258
4,7.733369893505535,2.103554636442823,0.7360759316396329
4,7.733369893505535,2.103554636442823,0.7360759316396329
4,7.733369893505535,2.103554636442823,0.7360759316396329
4,7.733369893505535,2.103554636442823,0.7360759316396329
4,7.421320484284357,1.9381647941060332,0.7250603156660006
4,7.421320484284357,1.9381647941060332,0.7250603156660006
4,8.802132951763896,1.193320965398342,0.6879369656196633
4,8.561911447967328,1.6385922866258744,0.7749243817317737
4,7.730474201307041,2.323180253329787,0.7964195357675412
4,8.425712061897796,1.4037585407903221,0.6975770856132467
4,7.742960957555669,1.5216578201575521,0.6295551658544594
4,7.885745030723952,1.8991342679854264,0.5930673673319105
4,6.514199937091236,1.188981714012014,0.7419305758400341
4,6.514199937091236,1.188981714012014,0.7419305758400341
4,6.07467806634584,1.4084317132310762,0.7172438844186544
4,6.816481773609162,1.283037140324148,0.7218102017407225
4,6.638280197786775,1.0667174659195031,0.7429840366335848
4,6.638280197786775,1.0667174659195031,0.7429840366335848
4,6.54516170874705,1.4567229052556634,0.7393832225758159
4,6.976951571182821,1.0428898310663057,0.6915765546185106
4,6.864442368628406,0.9659919401265458,0.7323095957723668
4,6.864442368628406,0.9659919401265458,0.7323095957723668
4,6.864442368628406,0.9659919401265458,0.7323095957723668
4,6.864442368628406,0.9659919401265458,0.7323095957723668
4,6.879395606366323,1.5312690551802588,0.7362411212360267
4,6.879395606366323,1.5312690551802588,0.7362411212360267
4,9.123695437287008,1.9412657588544087,0.7581407804537414
4,6.785168236629201,1.4664229777445923,0.7463510814731442
4,6.785168236629201,1.4664229777445923,0.7463510814731442
4,6.785168236629201,1.4664229777445923,0.7463510814731442
4,6.869291836314638,1.9481240970956526,0.7287132397542349
4,10.1374085662123,2.326100580508105,0.7583515278622807
4,9.083932672567592,2.2352179189945964,0.6791801139294564
4,8.02791810722351,1.1272651523593176,0.6957749317658003
4,6.228672596686459,1.1733166060224085,0.6549835228402217
4,8.724297453739796,2.2127038017181206,0.7145235705382926
4,6.262177913289843,1.6055108337352395,0.6902940798377434
4,6.262177913289843,1.6055108337352395,0.6902940798377434
4,6.62586479583876,2.3990900476761343,0.7258100725830534
4,8.799462032410919,1.6104059894405245,0.788868634353336
4,6.745123185375404,1.347709039833243,0.7177358057922691
4,8.302422277556628,1.7339288999632814,0.7090272174958416
4,8.302422277556628,1.7339288999632814,0.7090272174958416
4,4.874124446820401,0.81034410138286,0.675277498376485
4,5.544557217041408,1.115294548969664,0.6881602315567705
4,7.425418614774102,1.91871933835124,0.6746094067727565
4,6.7512334710993835,1.112940464742843,0.6388614932294315
4,6.418539886205735,0.7034501164270603,0.6031058416016004
4,4.55667692826985,0.634038134680212,0.6796772630526495
4,4.55667692826985,0.634038134680212,0.6796772630526495
4,5.624331253787834,0.6550812053984778,0.6361389395631432
4,6.001118439526488,0.9530640965563955,0.7155871536890229
4,8.466039426815282,1.2986097742851954,0.6819575453835781
4,7.449860629868713,1.5000700610381241,0.7945343098795933
4,7.882756745374923,1.9466305263893524,0.7440691764735192
4,6.869503182378034,1.894332108781517,0.743848408219553
4,7.2375717180726005,1.7135633929979022,0.720419550446424
4,7.2375717180726005,1.7135633929979022,0.720419550446424
4,7.997324543412986,2.319155163568989,0.6834582412630524
4,6.940543181955792,1.449351729693986,0.6427835540124848
4,8.325648961622752,2.873194086078801,0.6728175293357896
4,7.061624838909753,1.3788358246283563,0.6527007925258337
4,7.061624838909753,1.3788358246283563,0.6527007925258337
4,5.994212656696485,0.9752478750232879,0.747973630894099
4,7.347048707295912,0.7821483022731401,0.7308960313093488
4,6.242756715896907,0.9126799615395542,0.6561129920466164
4,6.242756715896907,0.9126799615395542,0.6561129920466164
4,6.302064189461162,1.3813681306808832,0.7461941884560227
4,6.302064189461162,1.3813681306808832,0.7461941884560227
4,6.302064189461162,1.3813681306808832,0.7461941884560227
4,6.302064189461162,1.3813681306808832,0.7461941884560227
4,6.302064189461162,1.3813681306808832,0.7461941884560227
4,6.302064189461162,1.3813681306808832,0.7461941884560227
4,5.6706477573073855,0.6928273377555889,0.7140899054043143
4,5.612739976956527,0.6782844209285102,0.6721078434086287
4,8.076174863381253,0.8549561630206148,0.6954450094463636
4,6.261814016836953,0.7672075395432517,0.8054806701673727
4,7.967505327031952,1.421934614153391,0.6513387867557828
4,7.967505327031952,1.421934614153391,0.6513387867557828
4,8.395237401605018,1.0994329939025733,0.7689541621083646
4,6.518552682429093,1.129744426037268,0.697601392125784
4,6.354474398124953,0.8362685833299728,0.7240734068344541
4,5.060090661571563,0.9350140672879055,0.747060624122182
4,5.862227283817497,1.104331099200415,0.7716499558048845
4,7.47938218674383,1.8557573568707282,0.6946375199702891
4,7.47938218674383,1.8557573568707282,0.6946375199702891
4,8.059755511798802,1.4303391207726892,0.6817084100860947
4,8.059755511798802,1.4303391207726892,0.6817084100860947
4,7.595678485360019,1.5083052030545192,0.6520210289345852
4,8.487386532337611,2.190498706238702,0.6231277479333946
4,8.487386532337611,2.190498706238702,0.6231277479333946
4,5.661357588571093,0.879438288183652,0.652715865265926
4,8.771039803611686,1.132487049514284,0.6484836768860243
4,6.628761139649168,1.6117761125238204,0.782466899642275
4,6.628761139649168,1.6117761125238204,0.782466899642275
4,7.377654138514514,1.695410521019312,0.7461668208167159
4,7.377654138514514,1.695410521019312,0.7461668208167159
4,7.377654138514514,1.695410521019312,0.7461668208167159
4,7.324607256849574,1.449280772736378,0.7118610160009264
4,7.324607256849574,1.449280772736378,0.7118610160009264
4,7.279302702962734,1.0083597630748595,0.6285890212616329
4,8.461913925029656,1.007207998831482,0.6654152233946361
4,5.22755129653397,0.9117422202879049,0.7250529243939908
4,6.33549015512565,0.7635378700259378,0.6484497453748314
4,6.295480691717501,0.9125816672952483,0.6659362898535872
4,6.295480691717501,0.9125816672952483,0.6659362898535872
4,6.976517257445147,0.9392155594005065,0.7581791762086151
4,7.778930431429845,1.3978887760181877,0.7533208578014672
4,8.139648518322904,1.3297595028737783,0.6485716265379807
4,8.139648518322904,1.3297595028737783,0.6485716265379807
4,8.139648518322904,1.3297595028737783,0.6485716265379807
4,7.224622941065785,1.5646553130350012,0.6648012451269756
4,7.224622941065785,1.5646553130350012,0.6648012451269756
4,8.407363458482687,1.142780849486645,0.6988301508237744
4,8.203806621949372,1.2459525356446828,0.6628740210888351
4,7.141405918535369,1.1279644818677186,0.6915364169678203
4,7.141405918535369,1.1279644818677186,0.6915364169678203
4,7.141405918535369,1.1279644818677186,0.6915364169678203
4,4.871188595413092,0.686964190897612,0.7243355561090317
4,6.3492152295487445,0.6360629514612166,0.6803237343558741
4,5.005033051721984,0.7482563178053788,0.7923329001768721
4,6.366842998986291,0.687060047944992,0.7218838810503747
4,5.0555465438246845,0.6956741195792736,0.686405301117798
4,5.0555465438246845,0.6956741195792736,0.686405301117798
4,4.341865496413403,0.7466392575749079,0.7325220929663404
4,7.764079339923806,1.1120984617190808,0.6183233208162822
4,7.247150565442713,1.0556736602675825,0.7762123628725747
4,7.495820383479253,1.5309956077410065,0.6869585082368357
4,7.495820383479253,1.5309956077410065,0.6869585082368357
4,8.327339502469409,2.614365259575385,0.6690915818723342
4,6.020834329547467,1.0456822153151686,0.6588609325586516
4,7.347847389665812,1.5419149454606724,0.6647389830846331
4,7.347847389665812,1.5419149454606724,0.6647389830846331
4,5.978927601332156,1.0803791016114508,0.7307977053562413
4,6.794708299230649,1.4804993692204564,0.7205164472342399
4,6.3688134060317925,1.3951548779158993,0.6557249819130122
4,8.188565742890702,1.543993169805835,0.6440752702247415
4,7.060040485833536,1.9941321213119267,0.685072378648661
4,7.060040485833536,1.9941321213119267,0.685072378648661
4,7.385709056404499,2.2159786659810745,0.7150594317430221
4,7.385709056404499,2.2159786659810745,0.7150594317430221
4,7.385709056404499,2.2159786659810745,0.7150594317430221
4,8.012048527135477,2.1757083484462205,0.6638574084291401
4,8.012048527135477,2.1757083484462205,0.6638574084291401
4,6.387088339714706,1.0729323293607123,0.7165954322883529
4,6.348851156090896,1.0438256075203944,0.6400752799551791
4,6.632401340303047,1.3670587617656416,0.628960802226983
4,5.995989338155618,1.2634200504816095,0.7017674901876958
4,5.215045343687092,0.9202342906311716,0.7088266071154513
4,5.807360579882133,0.886560556467485,0.7196847871433055
4,7.420681634397676,1.3553993725536428,0.789786262691792
4,7.420681634397676,1.3553993725536428,0.789786262691792
4,7.420681634397676,1.3553993725536428,0.789786262691792
4,5.393968726362139,1.4378363381416555,0.6813578395027734
4,5.616792957655256,1.3202684988233466,0.6894461795867736
4,5.711338254762797,0.8224245528838652,0.6767259857576042
4,6.373070135677085,0.7690257054726616,0.6927762611110111
4,7.020782473290638,1.3710635888487572,0.6895203329168995
4,7.020782473290638,1.3710635888487572,0.6895203329168995
4,8.470359858992316,2.4086336640694075,0.6913931675671433
4,7.453663179709261,1.4639103342404294,0.716533484876461
4,7.531209290949688,0.9876960583215328,0.7148163717209951
4,8.594468133588059,1.2456896719289778,0.724819308896387
4,6.134889361734583,1.4198258017517897,0.7755233161506082
4,7.668660312333931,1.7464266656413905,0.6689206103823548
4,5.939796177087236,1.0589843751521382,0.6909217745413941
4,5.939796177087236,1.0589843751521382,0.6909217745413941
4,5.630057255662784,0.8793995655074561,0.7073442368811996
4,7.9393149489448875,1.6210559266343365,0.7163115525087913
4,8.216635121761453,1.6481416325243803,0.7502518404660095
4,8.216635121761453,1.6481416325243803,0.7502518404660095
4,9.014332830931373,2.0384306518830075,0.6951435193749628
4,9.014332830931373,2.0384306518830075,0.6951435193749628
4,7.158388095913706,1.2551892525820678,0.7102313003333667
4,7.158388095913706,1.2551892525820678,0.7102313003333667
4,7.747696954520496,1.542738266820961,0.6637891153554631
4,7.472605530134003,1.7236834317423504,0.6571313381421784
4,7.472605530134003,1.7236834317423504,0.6571313381421784
4,8.786936615852712,1.8478341827336733,0.7358995772278849
4,6.61093699082211,2.3660683067018606,0.7201548885397181
4,7.358628278077058,1.4561844484701156,0.6958439187970615
4,7.984832817222289,1.7606979761674224,0.674544969536034
4,7.293993555596529,1.5697670030732824,0.747573281856661
4,8.116711951394809,2.126716056875453,0.7001685496631471
4,8.116711951394809,2.126716056875453,0.7001685496631471
4,6.612607508396459,1.2645944157176228,0.7533807372345742
4,6.612607508396459,1.2645944157176228,0.7533807372345742
4,7.192638463962557,2.0075014467836354,0.674985270083519
4,6.1914802195489935,2.0594211667441504,0.6697152740899887
4,9.411980330438219,1.331730870933642,0.6935865442204158
4,6.9904359758072285,1.1120080287701253,0.6469583671868742
4,8.978778302587989,1.6109081293555516,0.7272884054355511
4,6.845388831313838,1.1249295737557055,0.6690198645783597
4,6.845388831313838,1.1249295737557055,0.6690198645783597
4,5.732084763390647,1.061472718004227,0.7083393748416796
4,5.732084763390647,1.061472718004227,0.7083393748416796
4,5.982884430354371,1.2602726620436906,0.6924251086820843
4,8.21951748542657,1.3706361745156277,0.6972876741545331
4,8.21951748542657,1.3706361745156277,0.6972876741545331
4,8.21951748542657,1.3706361745156277,0.6972876741545331
4,8.21951748542657,1.3706361745156277,0.6972876741545331
4,8.75658765484317,1.277688373369651,0.7214928675233359
4,8.75658765484317,1.277688373369651,0.7214928675233359
4,8.171657406641678,1.3259515074294397,0.7266291049453892
4,8.171657406641678,1.3259515074294397,0.7266291049453892
4,7.088431496686587,0.822667010523018,0.739078887771961
4,7.605176648540624,0.8971131081724847,0.6778014739016059
4,5.479472051475993,0.9757784438402175,0.7742015667289287
4,5.8999008604597005,0.7158572977032459,0.7097843427838125
4,5.71216417021143,0.6700086634454412,0.6488066457515339
4,7.106690411380917,0.8773172978756529,0.7221209142147408
4,6.136978812859986,0.8941771123589026,0.812958424610943
4,7.251001766023741,1.764604246846878,0.7607342238180357
4,7.251001766023741,1.764604246846878,0.7607342238180357
4,8.784253762892646,1.5785290923954627,0.7062349881505764
4,6.9006491054512935,1.1012174683215255,0.6803884842259212
4,6.9006491054512935,1.1012174683215255,0.6803884842259212
4,7.909489612685044,2.1330675483728765,0.6651542826257982
4,6.097802262551754,1.3996701571252723,0.7927377286781598
4,9.268881390234467,1.7722035205987745,0.769371678073409
4,9.346791479939457,1.420690031816351,0.6720514409738629
4,7.0904945456572595,0.7958993698401419,0.6443391292776629
4,7.2616188586030646,0.6496186406465512,0.6985227110743161
4,7.2616188586030646,0.6496186406465512,0.6985227110743161
4,6.7446813195608355,0.6294179198523487,0.7456514167800109
4,5.472179675322923,1.006523748721175,0.7381772640001986
4,5.628814486807646,0.9603802781763094,0.6940851248785911
4,6.326649872817495,1.0565748206983119,0.6505449305931547
4,6.326649872817495,1.0565748206983119,0.6505449305931547
4,6.326649872817495,1.0565748206983119,0.6505449305931547
4,6.406711106347116,1.3507912771284771,0.6930949453491289
4,6.406711106347116,1.3507912771284771,0.6930949453491289
4,6.406711106347116,1.3507912771284771,0.6930949453491289
4,6.406711106347116,1.3507912771284771,0.6930949453491289
4,6.6045095073006355,1.1998078157450736,0.7119555929197233
4,6.6045095073006355,1.1998078157450736,0.7119555929197233
4,8.7581500751793,1.1954228409511778,0.6881047401660274
4,8.250624463017001,2.0484129702922234,0.7515587337719748
4,8.250624463017001,2.0484129702922234,0.7515587337719748
4,7.509485557142648,2.0180605198365473,0.7160470408387513
4,6.734063298019526,1.654493033252382,0.7329648017253102
4,7.31721054879774,0.9136895815826804,0.7086757755300811
4,6.432371597751148,1.3585526503278857,0.6433325687476059
4,7.170770661535264,0.7689521655894247,0.7160044741670246
4,5.813714469737081,0.7190953017591946,0.7565454275696826
4,6.86184584232892,1.4124493453760993,0.746905787015101
4,6.86184584232892,1.4124493453760993,0.746905787015101
4,7.080891602176366,0.9848658791192073,0.6886082304312896
4,5.952515696716741,1.130855347817625,0.6409852639651908
4,8.346826448037387,1.0327775687662228,0.7055318500403028
4,7.924958761340177,1.226182904342697,0.6298041873866708
4,8.129226750098779,1.1949464133788124,0.6406377413361388
4,5.532216572793161,0.9090095243587573,0.7210667736469139
4,7.525473523934108,1.0694390432208964,0.7671023840603192
4,7.525473523934108,1.0694390432208964,0.7671023840603192
4,6.906465700788859,1.572956444904533,0.7449025691465098
4,7.991332696635811,2.049227839520305,0.6740015544820057
4,7.991332696635811,2.049227839520305,0.6740015544820057
4,8.34709612995228,1.659537260371854,0.7802280237923375
4,8.34709612995228,1.659537260371854,0.7802280237923375
4,8.34709612995228,1.659537260371854,0.7802280237923375
4,6.356280420663714,1.0753526422952229,0.7228277424073941
4,6.691324058471401,1.2113752998801686,0.7419017321778242
4,6.691324058471401,1.2113752998801686,0.7419017321778242
4,9.002893799385363,2.946625703635294,0.7075727493948698
4,7.692476815413875,2.08214003668858,0.65095518412592
4,8.063362895917058,2.441305945728388,0.731088041834742
4,6.96173772474553,1.2805663919936716,0.7437158239756608
4,5.6732232660096376,1.0204532672718662,0.7257905789177571
4,6.665860694363907,1.1204494842966564,0.7146703109854627
4,7.6874436238151205,1.4404695273053834,0.7253393754638355
4,7.6874436238151205,1.4404695273053834,0.7253393754638355
4,7.6874436238151205,1.4404695273053834,0.7253393754638355
4,7.6874436238151205,1.4404695273053834,0.7253393754638355
4,7.6874436238151205,1.4404695273053834,0.7253393754638355
4,6.223229990178801,0.751796791689169,0.7337443721511913
4,8.816095513009273,0.9387236404259554,0.726365546835874
4,6.450651541224322,0.7969287434413012,0.7894715563949252
4,8.018204497495585,0.8959595496483316,0.773291734937753
4,10.186143720731359,1.5328428002280894,0.7156568738400104
4,8.314909943124807,1.9408604374763612,0.6899905072086423
4,8.314909943124807,1.9408604374763612,0.6899905072086423
4,8.314909943124807,1.9408604374763612,0.6899905072086423
4,9.27995806636562,2.0886806177834254,0.7059473787680718
4,9.08167741481498,0.993778314791125,0.7144036967460263
4,9.66475434607717,1.9111229843125555,0.6808354107552248
4,8.404482646534507,2.9857982519406834,0.7085592683335862
4,7.529126999029597,2.236313360387712,0.6434549219688158
4,5.497794743421443,1.0875685339577768,0.7360277126448604
4,5.62697102072969,1.6170280528238288,0.7536030637717364
4,7.2757803319482885,1.0019458995357025,0.6874386258034809
4,6.8677349036949344,1.1788288546907095,0.7749555633260703
4,7.474901804638815,1.280575749888479,0.7539886099321129
4,6.788123377286088,1.2202993285439088,0.7698367162081582
4,7.119404438821602,1.8569019196041097,0.7642609784613432
4,7.119404438821602,1.8569019196041097,0.7642609784613432
4,7.119404438821602,1.8569019196041097,0.7642609784613432
4,8.612779880583624,2.18560389447521,0.660911982837769
4,7.920792278117058,2.1453870079293633,0.7518760857176378
4,7.186073389288567,1.2689131750770097,0.7464827469089992
4,6.699251323820323,1.168524590912594,0.7030692853258336
4,6.539792536888975,1.9180556592985378,0.786192896194236
4,6.510454046685754,1.6307557888652482,0.6979872135730723
4,6.510454046685754,1.6307557888652482,0.6979872135730723
4,6.510454046685754,1.6307557888652482,0.6979872135730723
4,6.510454046685754,1.6307557888652482,0.6979872135730723
4,6.510454046685754,1.6307557888652482,0.6979872135730723
4,6.133247159375359,1.5309030734816178,0.7463448139652482
4,6.133247159375359,1.5309030734816178,0.7463448139652482
4,7.75166981403337,1.1693218104762775,0.7250786195529602
4,7.435225109960908,0.7939897391004053,0.6691707307209428
4,7.5384806208114545,0.8289309195689781,0.6782261584959016
4,7.5384806208114545,0.8289309195689781,0.6782261584959016
4,7.5384806208114545,0.8289309195689781,0.6782261584959016
4,8.761782740959212,2.1463144096438462,0.691400843816883
4,7.953194424420588,2.7546611659407825,0.711248871155817
4,7.953194424420588,2.7546611659407825,0.711248871155817
4,7.575427619234892,1.1549407360875756,0.7706208119095725
4,6.498078433366529,1.064144044377914,0.6127138172510158
4,6.479621961816367,0.9131675179351122,0.7104616155840313
4,6.479621961816367,0.9131675179351122,0.7104616155840313
4,6.479621961816367,0.9131675179351122,0.7104616155840313
4,7.500945932661631,1.7198555302917549,0.7722762966291372
4,6.00825690861486,1.5087612512974398,0.7233878561491458
4,6.6539524631214375,1.3768190130261,0.6646495748854052
